V1/7,PINCEL V1 (SIN LOGO) 7 CM (GALGO),197.77,ACF
V1/10,PINCEL V1 (SIN LOGO) 10 CM (GALGO),228.89,ACF
V1/15,PINCEL V1 (SIN LOGO) 15 CM (GALGO),257.78,ACF
V1/20,PINCEL V1 (SIN LOGO) 20 CM (GALGO),346.67,ACF
V1/25,PINCEL V1 (SIN LOGO) 25 CM (GALGO),411.12,ACF
V1/30,PINCEL V1 (SIN LOGO) 30 CM (GALGO),655.56,ACF
G101/5,PINCEL LINEA 101-05 (GALGO),226.67,ACF
G101/7,PINCEL LINEA 101-07 (GALGO),248.89,ACF
G101/10,PINCEL LINEA 101-10 (GALGO),295.56,ACF
G101/15,PINCEL LINEA 101-15 (GALGO),351.11,ACF
G101/20,PINCEL LINEA 101-20 (GALGO),451.12,ACF
G101/25,PINCEL LINEA 101-25 (GALGO),586.67,ACF
G101/30,PINCEL LINEA 101-30 (GALGO),800.01,ACF
BL7,PINCEL BLUE-07 (),0.00,ACF
BL10,PINCEL BLUE-10 (),0.00,ACF
BL15,PINCEL BLUE-15 (),0.00,ACF
BL20,PINCEL BLUE-20 (),0.00,ACF
BL25,PINCEL BLUE-25 (),0.00,ACF
BL30,PINCEL BLUE-30 (),0.00,ACF
ONE7,PINCEL LINEA ONE 7 (GALGO),193.34,ACF
ONE10,PINCEL LINEA ONE 10  (GALGO),220.00,ACF
ONE15,PINCEL LINEA ONE 15 (GALGO),293.34,ACF
ONE20,PINCEL LINEA ONE 20 (GALGO),362.23,ACF
ONE25,PINCEL LINEA ONE 25 (GALGO),482.23,ACF
ONE30,PINCEL LINEA ONE 30 (GALGO),580.01,ACF
GD10,PINCEL LINEA GOLD 10 (GALGO),260.00,ACF
GD15,PINCEL LINEA GOLD 15 (GALGO),384.45,ACF
GD20,PINCEL LINEA GOLD 20 (GALGO),500.01,ACF
GD25,PINCEL LINEA GOLD 25 (GALGO),662.23,ACF
GD30,PINCEL LINEA GOLD 30 (GALGO),802.23,ACF
BK42,PINCELETA BLACK-42 (GALGO),908.90,ACF
BKD,PINCELETA BLACK-DOBLE (GALGO),1086.68,ACF
V240,PINCELETA V2 40 (AZUL) (GALGO),704.45,ACF
V40D,PINCELETA V2 DOBLE (AZUL) (GALGO),806.96,ACF
P/ECO,PINCELETA ECONOMICA (ACCESORIOS),435.00,ACF
LE10,RODILLO LANA ECO 10 CM (EL RODILLO),616.70,ACF
LE17,RODILLO LANA ECO 17 CM (EL RODILLO),776.65,ACF
LE22,RODILLO LANA ECO 22 CM (EL RODILLO),870.84,ACF
LN22,RODILLO LANA NATURAL SUPER 22 CM (EL RODILLO),1084.11,ACF
SL17,RODILLO RODILLO SIMIL LANA 17 CM (EL RODILLO),524.28,ACF
SL22,RODILLO RODILLO SIMIL LANA 22 CM (EL RODILLO),606.39,ACF
ESP17,RODILLO ESPUMA 17 CM (EL RODILLO),421.20,ACF
ESP22,RODILLO ESPUMA 22 CM (EL RODILLO),462.08,ACF
FOR5,RODILLO FORRADOS 5 CM (EL RODILLO),95.97,ACF
FOR8,RODILLO FORRADOS 8 CM (EL RODILLO),110.19,ACF
FOR11,RODILLO FORRADOS 11 CM (EL RODILLO),120.85,ACF
FOR17,RODILLO FORRADOS 17CM (EL RODILLO),403.43,ACF
FOR22,RODILLO FORRADOS 22CM (EL RODILLO),419.43,ACF
EP17,RODILLO EPOXI 17 CM (EL RODILLO),419.43,ACF
EP22,RODILLO EPOXI 22 CM (EL RODILLO),511.84,ACF
AT5,RODILLO ANTIGOTA 5 (EL RODILLO),122.63,ACF
AT8,RODILLO ANTIGOTA8 (EL RODILLO),145.73,ACF
AT11,RODILLO ANTIGOTA 11 (EL RODILLO),165.28,ACF
AT10,RODILLO ANTIGOTA 10 CM (EL RODILLO),346.56,ACF
AT17,RODILLO ANTIGOTA 17 CM (EL RODILLO),458.53,ACF
AT22,RODILLO ANTIGOTA 22 CM (EL RODILLO),524.28,ACF
ATG22,RODILLO ANTIGOTA GALGO 22 (GALGO),794.64,ACF
ATG17,RODILLO ANTIGOTA GALGO 17 (GALGO),710.86,ACF
CUB,RODILLO CUBREMAS (PELO LARGO) (GALGO),742.23,ACF
UNI,RODILLO UNIVERSAL (PELO MEDIO) (GALGO),655.56,ACF
LH22,RODILLO PINCEL LINEA HOGAR 22 (GALGO),826.67,ACF
MIC4,PINTURA LATEX MICOLOR X4LTS (),765.00,ACF
MIC10,PINTURA LATEX MICOLOR X10LTS (),1551.00,ACF
MICB1,PINTURA ESMALTE SINTETICO BLANCO X1 (),1627.00,ACF
MICB4,PINTURA ESMALTE SINTETICO BLANCO X4 (),6042.00,ACF
MICN1,PINTURA ESMALTE SINTETICO NEGRO X1 (),1522.00,ACF
MICN4,PINTURA ESMALTE SINTETICO NEGRO X4 (),5145.00,ACF
END/T6,ENDUIDO INTERIOR TELPLAST X600 (TELPLAST),458.00,ACF
END/T1,ENDUIDO INTERIOR TELPLAST X1KG (TELPLAST),568.00,ACF
END1,ENDUIDO X1 (PINTELUX),880.00,ACF
END4,ENDUIDO X4 (PINTELUX),2578.00,ACF
END10,ENDUIDO X10 (PINTELUX),6186.00,ACF
FIJ/T1,FIJADOR TELPLAST X1 (TELPLAST),475.00,ACF
FIJ1,FIJADOR X1 (PINTELUX),710.00,ACF
FIJ4,FIJADOR X4 (PINTELUX),2465.00,ACF
LP1,PINTURA LATEX PINTELUX X1 LTS (PINTELUX),1387.00,ACF
LP4,PINTURA LATEX PINTELUX X4 LTS (PINTELUX),5065.00,ACF
LP10,PINTURA LATEX PINTELUX X10 LTS (PINTELUX),10192.00,ACF
LP20,PINTURA LATEX PINTELUX X20 LTS (PINTELUX),23567.00,ACF
LPC1,PINTURA LATEX CIELORRASO PINTELUX X1 LTS (PINTELUX),971.00,ACF
LPC4,PINTURA LATEX CIELORRASO PINTELUX X4 LTS (PINTELUX),3514.00,ACF
LPC10,PINTURA LATEX CIELORRASO PINTELUX X10 LTS (PINTELUX),8215.00,ACF
BMP1,BARNIZ MARINO PINTELUX X 1 LTS (PINTELUX),875.00,ACF
BSP1,BARNIZ MARINO PINTELUX X 4 LTS (PINTELUX),3290.00,ACF
MD/T1,"MASILLA DURLOCK TELPLAST X1,7KG (TELPLAST)",805.00,ACF
MD/T7,MASILLA DURLOCK TELPLAST X7KG (TELPLAST),1776.00,ACF
MD/T15,MASILLA DURLOCK TELPLAST X15KG (TELPLAST),3569.00,ACF
MD/T32,MASILLA DURLOCK TELPLAST X32KG (TELPLAST),6620.00,ACF
MD1,MASILLA DURLOCK X1 KG (PINTELUX),660.00,ACF
MD4,MASILLA DURLOCK X4 KG (PINTELUX),1915.00,ACF
MD10,MASILLA DURLOCK X10 KG (PINTELUX),4130.00,ACF
MD20,MASILLA DURLOCK X20 KG (PINTELUX),7270.00,ACF
MEM1,MEMBRANA EN PASTA X1 (PINTELUX),1215.00,ACF
MEM4,MEMBRANA EN PASTA X4 (PINTELUX),4470.00,ACF
MEMD1,PINTURA MEMBRANA DURACRIL X1 (DURACRIL),664.09,ACF
LIJ/A,LIJA AGUA DOBLE A (DOBLE A),150.87,ACF
LIJ/R,LIJA RUBI DOBLE A (DOBLE A),107.79,ACF
LIJ/NP,LIJA NO PAST DOBLE A (DOBLE A),231.12,ACF
LEG/A,LIJA AGUA EL GALGO (GALGO),75.00,ACF
LEG/R,LIJA RUBI EL GALGO (),53.00,ACF
LIJ/AECO,LIJA AGUA TIGRE (TIGRE),75.00,ACF
LIJ/NPECO,LIJA NO PAST ECO (ACCESORIOS),73.00,ACF
ESM/ECO,TELA ESMERIL ECO (ACCESORIOS),65.00,ACF
LEG/NP,LIJA NO PAST EL GALGO (GALGO),66.34,ACF
LIJ/T,LIJA RUBI TIGRE (TIGRE),53.00,ACF
CIN12,CINTA DE PAPEL AA 12 (DOBLE A),272.85,ACF
CIN18,CINTA DE PAPEL AA 18 (DOBLE A),340.26,ACF
CIN24,CINTA DE PAPEL AA 24 (DOBLE A),454.75,ACF
CIN36,CINTA DE PAPEL AA 36 (DOBLE A),686.94,ACF
CIN48,CINTA DE PAPEL AA 48 (DOBLE A),914.85,ACF
AZ18,CINTA AZUL 18 (DOBLE A),474.05,ACF
AZ24,CINTA AZUL 24 (DOBLE A),629.62,ACF
AZ36,CINTA AZUL 36 (DOBLE A),943.20,ACF
AZ48,CINTA AZUL 48 (DOBLE A),1261.68,ACF
AIS10,CINTA AISLADORA X10 MTS (DOBLE A),181.29,ACF
AIS20,CINTA AISLADORA X20 MTS (DOBLE A),303.78,ACF
CINT,CINTA TRAMADA P/ DURLOCK (DOBLE A),655.32,ACF
DUCT,CINTA DUCT TAPE AA (DOBLE A),924.83,ACF
FIJ18,CINTA PAPEL FIJAPEL 18 (ACCESORIOS),277.00,ACF
FIJ24,CINTA PAPEL FIJAPEL 24 (ACCESORIOS),371.00,ACF
FIJ36,CINTA PAPEL FIJAPEL 36 (ACCESORIOS),555.00,ACF
FIJ48,CINTA PAPEL FIJAPEL 48 (ACCESORIOS),743.00,ACF
FLAP,DISCO FLAP AA (DOBLE A),260.01,ACF
CET/B1,CETOL BRILL X 1 (CETOL),2745.00,ACF
CET/B4,CETOL BRILL X 4 (CETOL),10500.00,ACF
CET/S1,CETOL SATINADO X 1 (CETOL),2091.00,ACF
CET/S4,CETOL SATINADO X 4 (CETOL),7998.00,ACF
TIN60,TINTA CETOL X60 (CETOL),385.00,ACF
TIN240,TINTA CETOL X240 (CETOL),1122.00,ACF
KW240,KUWAIT COLORES VARIOS X 240 (KUWAIT),718.69,ACF
KW440,KUWAIT COLORES VARIOS X 440 (KUWAIT),1088.69,ACF
KW/F240,KUWAIT FLUO X240 (KUWAIT),1259.04,ACF
KW/F440,KUWAIT FLUO X440 (KUWAIT),2121.47,ACF
KW/M240,KUWAIT ORO/BRONCE/COBRE X240 (KUWAIT),1091.34,ACF
KW/M440,KUWAIT ORO/BRONCE/COBRE X440 (KUWAIT),1432.06,ACF
KW/P240,KUWAIT PLATA/CROMADO X240 (KUWAIT),1006.17,ACF
KW/P440,KUWAIT PLATA/CROMADO X440 (KUWAIT),1426.74,ACF
KW/B240,KUWAIT BARNIZ X240 (KUWAIT),718.69,ACF
KW/B440,KUWAIT BARNIZ X440 (KUWAIT),1088.69,ACF
KW/G240,KUWAIT GRAFITO X240 (KUWAIT),958.26,ACF
KW/G440,KUWAIT GRAFITO X440 (KUWAIT),1354.86,ACF
KW/AT240,KUWAIT ALTA TEMPERATURA X240 (KUWAIT),1120.62,ACF
KW/AT440,KUWAIT ALTA TEMPERATURA X440 (KUWAIT),1860.61,ACF
KW/EPOXI,RODILLO KUWAIT EPOXI X440 (KUWAIT),1895.21,ACF
KW/SIL,KUWAIT SILICONA RENOV VEHICULOS X240 (KUWAIT),846.46,ACF
KW/INF,KUWAIT INFLANEUMATICOS X300 (KUWAIT),1711.55,ACF
TK350,PINTURA TEK BOND COLORES X350 (),898.00,ACF
TK200,PINTURA TEK BOND COLORES X200 (),375.08,ACF
TK/B,PINTURA TEK BOND BARNIZ (),614.52,ACF
TK/P,PINTURA TEK BOND PRIMER (),614.52,ACF
TK/AT,PINTURA TEK BOND ALTA TEMPERATURA (),966.60,ACF
TK/F,PINTURA TEK BOND FLUO (),1172.00,ACF
TK/M,PINTURA TEK BOND METALIZADO (),1040.00,ACF
REM500,KUBIK REMOVEDOR GEL X1/2 (KUBIK),1002.00,ACF
REM1000,KUBIK REMOVEDOR GEL X1 (KUBIK),1671.00,ACF
VIT4000,VITECSO REMOVEDOR GEL X4 (),0.00,ACF
EPM1,"ESPATULA METAL 1"" 1,5"" (ACCESORIOS)",389.00,ACF
EPM25,"ESPATULA METAL 2,5"" (ACCESORIOS)",316.00,ACF
EPM2,"ESPATULA METAL 2"" (ACCESORIOS)",316.00,ACF
EPM3,"ESPATULA METAL 3"" (ACCESORIOS)",357.00,ACF
EPM4,"ESPATULA METAL 4"" (ACCESORIOS)",387.00,ACF
EPM5,"ESPATULA METAL 5"" (ACCESORIOS)",439.00,ACF
EPM6,"ESPATULA METAL 6"" (ACCESORIOS)",452.00,ACF
EP/C,ESPATULA PLASTICO CHICA (ACCESORIOS),35.00,ACF
EP/G,ESPATULA PLASTICO GRANDE (ACCESORIOS),58.00,ACF
EP/Y,ESPATULA YESERO (ACCESORIOS),91.00,ACF
EG/M,ESPATULA GOMA MEDIANA (ACCESORIOS),120.00,ACF
EG/G,ESPATULA GOMA GRANDE (ACCESORIOS),137.00,ACF
UNI250,UNIPEGA SILICONA ACETICA TRANSP X 250ML (),725.00,ACF
UNI50,UNIPEGA SILICONA ACETICA TRANSP X 50ML (),122.96,ACF
UNI/BCA,UNIPEGA SILICONA ACETICA BCA X 250 ML (),805.00,ACF
UNI/NEG,UNIPEGA SILICONA ACETICA NEGRA X 250 ML (),805.00,ACF
UNI/TRAN,UNIPEGA SILICONA NEUTRA TRANSP. X 250 ML (),1178.00,ACF
UNI/CAN,UNIPEGA SELLADOR CANALETAS X 280ML (),624.80,ACF
UNI/GRI,UNIPEGA SELLA GRIETAS X 280ML (),360.18,ACF
UNI/POL,RODILLO UNIPEGA ESPUMA POLIURETANICA X 300ML (),919.00,ACF
SCH/M1,BORDEADORA M1 (SCHAFER),14155.00,ACF
SCH/M2,BORDEADORA M2 (SCHAFER),16348.00,ACF
SCH/B1,BARREHOJAS B1 (SCHAFER),658.00,ACF
SCH/B2,BARREHOJAS B2 (SCHAFER),1185.00,ACF
CAR,CARRETEL SCHAFER (SCHAFER),776.00,ACF
CARRO,CARRITO P/BORDEADORA SCHAFER (SCHAFER),4562.00,ACF
CH13,"CAJA HERR. C/BANDEJA Y GAVETERO 13"" (FERRETERIA)",1568.00,ACF
CH16,"CAJA HERR. C/BANDEJA Y GAVETERO 16"" (FERRETERIA)",2455.00,ACF
CH19,"CAJA HERR. C/BANDEJA Y GAVETERO 19"" (FERRETERIA)",2693.00,ACF
ALB30,ENTONADOR ALBA X30 CC (ACCESORIOS),137.00,ACF
ALB120,ENTONADOR ALBA X120 CC (ACCESORIOS),450.00,ACF
BAN1,BANDEJA MINI (ACCESORIOS),63.00,ACF
BAN2,BANDEJA COLGAR C/REJILLA (ACCESORIOS),195.00,ACF
BAN3,RODILLO BANDEJA PLANA (ACCESORIOS),172.00,ACF
CON250,KUBIK CONTACTO X1/4 (KUBIK),738.00,ACF
CON500,KUBIK CONTACTO X1/2 (KUBIK),1061.00,ACF
CON1000,KUBIK CONTACTO X1 (KUBIK),1946.00,ACF
AUT1,AUTOPOLISH CLÁSICO (ACCESORIOS),1366.00,ACF
AUT2,AUTOPOLISH CERA (ACCESORIOS),1161.00,ACF
AUT3,AUTOPOLISH BICAPA (ACCESORIOS),1650.00,ACF
EXT2,EXTENSOR 2MTS (TIGRE),1281.00,ACF
EXT3,EXTENSOR 3MTS (TIGRE),1637.00,ACF
KP250,KIT PARCHE X250 (ACCESORIOS),1315.00,ACF
KP500,KIT PARCHE X500 (),1205.00,ACF
MP500,MASILLA PLASTICA X ½ (FERRETERIA),1120.00,ACF
MP1000,MASILLA PLASTICA X1 (FERRETERIA),1435.00,ACF
VD10,VENDA 0.10 X 25 (ACCESORIOS),88.00,ACF
VD20,VENDA 0.20 X 25 (ACCESORIOS),165.00,ACF
VD1,VENDA 1.00 X 25 (ACCESORIOS),738.00,ACF
FOS1000,FOSFATIZANTE X1 KUBIK (KUBIK),1425.00,ACF
COB3,COBERTOR 3X3 (ACCESORIOS),446.00,ACF
COB5,COBERTOR 3X5 (ACCESORIOS),791.00,ACF
CM3,CINTA METRICA X3 MTS (FERRETERIA),456.00,ACF
CM5,CINTA METRICA X5 MTS (FERRETERIA),589.00,ACF
CM75,CINTA METRICA X7.5MTS (FERRETERIA),1186.00,ACF
COL125,COLA VINILICA X125CC (FERRETERIA),210.00,ACF
COL250,COLA VINILICA X250CC (FERRETERIA),325.00,ACF
COL500,COLA VINILICA X500CC (FERRETERIA),564.00,ACF
EST,ESTOPA X300 (ACCESORIOS),216.00,ACF
LLAN12,LLANA12X30 (ACCESORIOS),498.00,ACF
PPUL,PASTA DE PULIR (ACCESORIOS),788.00,ACF
GAS,GAS BUTANO (FERRETERIA),538.00,ACF
ZAP1,ZAPATILLA 1.5 MTS (FERRETERIA),481.00,ACF
ZAP3,ZAPATILLA 3 MTS (FERRETERIA),575.00,ACF
ZAP5,ZAPATILLA 5 MTS (FERRETERIA),690.00,ACF
ZAP10,ZAPATILLA 10 MTS (),977.00,ACF
LAM10,LAMINA 8X10 (ACCESORIOS),198.00,ACF
LAM12,LAMINA 8X12 (ACCESORIOS),240.00,ACF
CA7,CUCHARA ALBAÑIL NRO 7 (),320.00,ACF
CA8,CUCHARA ALBAÑIL NRO 8 (),379.00,ACF
EPG5,RODILLO EPOXI GALGO 5 (GALGO),227.00,ACF
EPG8,RODILLO EPOXI GALGO 8 (GALGO),283.00,ACF
EPG11,RODILLO EPOXI GALGO 11 (GALGO),334.00,ACF
LUX/C4,PINTURA MAMBA COLOR X4 (PINTELUX),2440.00,ACF
LUX/C10,PINTURA MAMBA COLOR X10 (PINTELUX),4795.00,ACF
LUX/C20,PINTURA MAMBA COLOR X20 (PINTELUX),9350.00,ACF
LUX/L4,PINTURA MAMBA LATEX X4 (PINTELUX),1267.00,ACF
LUX/L10,PINTURA MAMBA LATEX X10 (PINTELUX),2440.00,ACF
LUX/L20,PINTURA MAMBA LATEX X20 (PINTELUX),4390.00,ACF
ART7,RODILLO ARTE FOAM 7 (GALGO),342.50,ACF
ART11,RODILLO ARTE FOAM 11 (GALGO),426.27,ACF
SILL1,SILLON FIJO (FERRETERIA),6915.00,ACF
SILL5,SILLO 5 POS (FERRETERIA),8605.00,ACF
GENG,GUANTE ENGOMADO (ACCESORIOS),390.00,ACF
SODA,SODA CAUSTICA X1KG (FERRETERIA),205.00,ACF
SJR,SIERRA JUNIOR (),108.00,ACF
TIJ1,"TIJERA MULTIUSO 9,5 ()",233.00,ACF
FIL12,PINCEL FILETEAR X12 U (ACCESORIOS),470.00,ACF
DEST,JGO. DESTORNILLADOR X2 (FERRETERIA),578.00,ACF
REF10,REFLECTOR LED 10W (FERRETERIA),1168.00,ACF
REF20,REFLECTOR LED 20W (FERRETERIA),1858.00,ACF
REF30,REFLECTOR LED 30W (FERRETERIA),2123.00,ACF
REF50,REFLECTOR LED 50W (FERRETERIA),2920.00,ACF
FDO500,FONDO BLANCO X 1/2 (NETCOLOR),469.80,ACF
FDO1000,FONDO BLANCO X 1 (NETCOLOR),716.04,ACF
TEL250,COLA VINILICA TELPLAST X250 (TELPLAST),357.00,ACF
PRO/NEG,PROTECT CARROCERIA NEGRO (TELPLAST),1315.00,ACF
PRO/BCO,PROTECT CARROCERIA BLANCO (TELPLAST),1315.00,ACF
WOW50,ADHESIVO WOW MULTIUSO 50 GR (TELPLAST),400.00,ACF
WOW120,ADHESIVO WOW MULTIUSO 120 GR (TELPLAST),603.00,ACF
GRIETA,SELLAGRIETAS TELPLAST X400 (TELPLAST),635.00,ACF
M/MAD,MASILLA P/ MADERAS X250 (TELPLAST),218.00,ACF
BAL,BALDE ALBAÑIL REFORZADO (FERRETERIA),269.00,ACF
FE20,RODILLO FRATACHO ESPUMA 20 (FERRETERIA),125.00,ACF
FE25,RODILLO FRATACHO ESPUMA 25 (FERRETERIA),138.00,ACF
FE30,RODILLO FRATACHO ESPUMA 30 (FERRETERIA),155.00,ACF
PVC/R,CAJA RECTANGULAR PVC (FERRETERIA),43.00,ACF
PVC/O,CAJA OCTOGONAL PVC (FERRETERIA),43.00,ACF
TAR6,TARUGO CON TOPE NRO 6 X2000 (FERRETERIA),2294.00,ACF
TAR8,TARUGO CON TOPE NRO 8 X1000 (FERRETERIA),2294.00,ACF
TAR10,TARUGO CON TOPE NRO 10 X500 (FERRETERIA),2294.00,ACF
DUR250B,PINTURA DURACRIL BCO/NEGRO BRILLANTE X250 (DURACRIL),546.48,ACF
DUR250S,PINTURA DURACRIL BCO/NEGRO SATINADO X250 (DURACRIL),546.48,ACF
DUR250M,PINTURA DURACRIL BCO/NEGRO MATE X250 (DURACRIL),546.48,ACF
DUR500B,PINTURA DURACRIL BCO/NEGRO BRILLANTE X500 (DURACRIL),902.88,ACF
DUR500S,PINTURA DURACRIL BCO/NEGRO SATINADO X500 (DURACRIL),902.88,ACF
DUR500M,PINTURA DURACRIL BCO/NEGRO MATE X500 (DURACRIL),902.88,ACF
DUR1B,PINTURA DURACRIL BCO/NEGRO BRILLANTE X1 (DURACRIL),1315.12,ACF
DUR1S,PINTURA DURACRIL BCO/NEGRO SATINADO X1 (DURACRIL),1315.12,ACF
DUR1M,PINTURA DURACRIL BCO/NEGRO MATE X1 (DURACRIL),1315.12,ACF
E9532,NETCOLOR BARNIZ MARINO X 0.250 (NETCOLOR),516.15,ACF
E9533,NETCOLOR BARNIZ MARINO X 0.500 (NETCOLOR),814.16,ACF
E9534,NETCOLOR BARNIZ MARINO X 01 (NETCOLOR),1266.04,ACF
E9535,NETCOLOR BARNIZ MARINO X 04 (NETCOLOR),4676.56,ACF
E0045,PINTURA NETCOLOR ESM SINT SAT BLANCO X 0.250 (NETCOLOR),646.65,ACF
E0188,PINTURA NETCOLOR ESM SINT SAT BLANCO X 0.500 (NETCOLOR),931.02,ACF
E0227,PINTURA NETCOLOR ESM SINT SAT BLANCO X 1 (NETCOLOR),1618.59,ACF
E0611,PINTURA NETCOLOR ESM SINT SAT BLANCO X 4 (NETCOLOR),5767.30,ACF
E0692,PINTURA NETCOLOR ESM SINT SAT NEGRO X 0.250 (NETCOLOR),529.79,ACF
E0687,PINTURA NETCOLOR ESM SINT SAT NEGRO X 0.500 (NETCOLOR),747.93,ACF
E0691,PINTURA NETCOLOR ESM SINT SAT NEGRO X 1 (NETCOLOR),1190.07,ACF
E1338,PINTURA NETCOLOR ESM SINT SAT NEGRO X 4 (NETCOLOR),4138.98,ACF
E0545,PINTURA NETCOLOR ESM SINT BLANCO MATE X 0.250 (NETCOLOR),658.34,ACF
E0573,PINTURA NETCOLOR ESM SINT BLANCO MATE X 0.500 (NETCOLOR),1086.85,ACF
E0612,PINTURA NETCOLOR ESM SINT BLANCO MATE X 1 (NETCOLOR),1815.31,ACF
E1931,PINTURA NETCOLOR ESM SINT BLANCO MATE X 4 (NETCOLOR),6750.92,ACF
E0191,PINTURA NETCOLOR ESM SINT NEGRO MATE X 0.250 (NETCOLOR),506.41,ACF
E0440,PINTURA NETCOLOR ESM SINT NEGRO MATE X 0.500 (NETCOLOR),732.36,ACF
E0624,PINTURA NETCOLOR ESM SINT NEGRO MATE X 1 (NETCOLOR),1147.23,ACF
E1342,PINTURA NETCOLOR ESM SINT NEGRO MATE X 4 (NETCOLOR),4002.63,ACF
E0668,NETCOLOR ANTIOXIDO ROJO X 0.250 (NETCOLOR),519.59,ACF
E0676,NETCOLOR ANTIOXIDO ROJO X 0.500 (NETCOLOR),685.61,ACF
E0681,NETCOLOR ANTIOXIDO ROJO X 1 (NETCOLOR),1061.52,ACF
E0780,NETCOLOR ANTIOXIDO ROJO X 4 (NETCOLOR),3702.68,ACF
E0237,PINTURA NETCOLOR ESM SINT ALUMINIO X 0.250 (NETCOLOR),792.73,ACF
E0039,PINTURA NETCOLOR ESM SINT ALUMINIO X 0.500 (NETCOLOR),1338.11,ACF
E0112,PINTURA NETCOLOR ESM SINT ALUMINIO X 1 (NETCOLOR),2339.25,ACF
E0211,PINTURA NETCOLOR ESM SINT AMARILLO X 0.250 (NETCOLOR),566.79,ACF
E0187,PINTURA NETCOLOR ESM SINT AMARILLO X 0.500 (NETCOLOR),936.87,ACF
E0042,PINTURA NETCOLOR ESM SINT AMARILLO X 1 (NETCOLOR),1664.00,ACF
E0695,PINTURA NETCOLOR ESM SINT AMARILLO X 4 (NETCOLOR),6139.32,ACF
E0210,PINTURA NETCOLOR ESM SINT BERMELLON X 0.250 (NETCOLOR),566.79,ACF
E0034,PINTURA NETCOLOR ESM SINT BERMELLON X 0.500 (NETCOLOR),936.87,ACF
E0041,PINTURA NETCOLOR ESM SINT BERMELLON X 1 (NETCOLOR),1664.00,ACF
E9811,PINTURA NETCOLOR ESM SINT BERMELLON X 4 (NETCOLOR),6139.32,ACF
E0657,PINTURA NETCOLOR ESM SINT BLANCO X 0.250 (NETCOLOR),556.68,ACF
E0670,PINTURA NETCOLOR ESM SINT BLANCO X 0.500 (NETCOLOR),920.14,ACF
E0682,PINTURA NETCOLOR ESM SINT BLANCO X 1 (NETCOLOR),1664.00,ACF
E0680,PINTURA NETCOLOR ESM SINT BLANCO X4 (NETCOLOR),6029.69,ACF
E1139,PINTURA NETCOLOR ESM SINT NARANJA X 0.250 (NETCOLOR),588.22,ACF
E0201,PINTURA NETCOLOR ESM SINT NARANJA X 0.500 (NETCOLOR),936.87,ACF
E1835,PINTURA NETCOLOR ESM SINT NARANJA X 1 (NETCOLOR),1664.00,ACF
E0738,PINTURA NETCOLOR ESM SINT NARANJA X 4 (NETCOLOR),6332.15,ACF
E0436,PINTURA NETCOLOR ESM SINT AZUL MARINO X 0.250 (NETCOLOR),570.69,ACF
E0291,PINTURA NETCOLOR ESM SINT AZUL MARINO X 0.500 (NETCOLOR),915.44,ACF
E0376,PINTURA NETCOLOR ESM SINT AZUL MARINO X 1 (NETCOLOR),1468.61,ACF
E0426,PINTURA NETCOLOR ESM SINT AZUL MARINO X 4 (NETCOLOR),5366.07,ACF
E0489,PINTURA NETCOLOR ESM SINT AZUL TRAFUL X 0.250 (NETCOLOR),570.69,ACF
E0373,PINTURA NETCOLOR ESM SINT AZUL TRAFUL X 0.500 (NETCOLOR),915.44,ACF
E0399,PINTURA NETCOLOR ESM SINT AZUL TRAFUL X 1 (NETCOLOR),1468.61,ACF
E0189,PINTURA NETCOLOR ESM SINT AZUL TRAFUL X 4 (NETCOLOR),5366.07,ACF
E0835,PINTURA NETCOLOR ESM SINT AZULEJO X 0.250 (NETCOLOR),588.22,ACF
E0621,PINTURA NETCOLOR ESM SINT AZULEJO X 0.500 (NETCOLOR),936.87,ACF
E1932,PINTURA NETCOLOR ESM SINT AZULEJO X 1 (NETCOLOR),1692.60,ACF
E0374,PINTURA NETCOLOR ESM SINT CREMA X 0.250 (NETCOLOR),570.69,ACF
E0702,PINTURA NETCOLOR ESM SINT CREMA X 0.500 (NETCOLOR),915.44,ACF
E0437,PINTURA NETCOLOR ESM SINT CREMA X 1 (NETCOLOR),1468.61,ACF
E0471,PINTURA NETCOLOR ESM SINT GRIS ESPACIAL X 0.250 (NETCOLOR),570.69,ACF
E0337,PINTURA NETCOLOR ESM SINT GRIS ESPACIAL X 0.500 (NETCOLOR),915.44,ACF
E0390,PINTURA NETCOLOR ESM SINT GRIS ESPACIAL X 1 (NETCOLOR),1468.61,ACF
E0473,PINTURA NETCOLOR ESM SINT GRIS HIELO X 0.250 (NETCOLOR),570.69,ACF
E0371,PINTURA NETCOLOR ESM SINT GRIS HIELO X 0.500 (NETCOLOR),915.44,ACF
E0392,PINTURA NETCOLOR ESM SINT GRIS HIELO X 1 (NETCOLOR),1468.61,ACF
E0620,PINTURA NETCOLOR ESM SINT GRIS OZO X 0.250 (NETCOLOR),570.69,ACF
E0519,PINTURA NETCOLOR ESM SINT GRIS OZO X 0.500 (NETCOLOR),915.44,ACF
E0548,PINTURA NETCOLOR ESM SINT GRIS OZO X 1 (NETCOLOR),1468.61,ACF
E0995,PINTURA NETCOLOR ESM SINT MARFIL CHAMP X 0.250 (NETCOLOR),570.69,ACF
E1325,PINTURA NETCOLOR ESM SINT MARFIL CHAMP X 0.500 (NETCOLOR),915.44,ACF
E1331,PINTURA NETCOLOR ESM SINT MARFIL CHAMP X 1 (NETCOLOR),1468.61,ACF
E0462,PINTURA NETCOLOR ESM SINT MARFIL X 0.250 (NETCOLOR),570.69,ACF
E0303,PINTURA NETCOLOR ESM SINT MARFIL X 0.500 (NETCOLOR),915.44,ACF
E0381,PINTURA NETCOLOR ESM SINT MARFIL X 1 (NETCOLOR),1468.61,ACF
E1935,PINTURA NETCOLOR ESM SINT VERDE CLARO X 0.250 (NETCOLOR),570.69,ACF
E1937,PINTURA NETCOLOR ESM SINT VERDE CLARO X 0.500 (NETCOLOR),915.44,ACF
E0393,PINTURA NETCOLOR ESM SINT VERDE CLARO X 1 (NETCOLOR),1468.61,ACF
E1366,PINTURA NETCOLOR ESM SINT VERDE ESMER X 0.250 (NETCOLOR),586.28,ACF
E1938,PINTURA NETCOLOR ESM SINT VERDE ESMER X 0.500 (NETCOLOR),917.40,ACF
E1843,PINTURA NETCOLOR ESM SINT VERDE ESMER X 1 (NETCOLOR),1468.61,ACF
E1839,PINTURA NETCOLOR ESM SINT VERDE ILUSION X 0.250 (NETCOLOR),570.69,ACF
E1936,PINTURA NETCOLOR ESM SINT VERDE ILUSION X 0.500 (NETCOLOR),915.44,ACF
E1841,PINTURA NETCOLOR ESM SINT VERDE ILUSION X 1 (NETCOLOR),1468.61,ACF
E0439,PINTURA NETCOLOR ESM SINT VERDE INGLES X 0.250 (NETCOLOR),570.69,ACF
E0290,PINTURA NETCOLOR ESM SINT VERDE INGLES X 0.500 (NETCOLOR),915.44,ACF
E0375,PINTURA NETCOLOR ESM SINT VERDE INGLES X 1 (NETCOLOR),1468.61,ACF
E1871,PINTURA NETCOLOR ESM SINT VERDE N X 0.500 (NETCOLOR),915.44,ACF
E1328,PINTURA NETCOLOR ESM SINT VERDE N X 1 (NETCOLOR),1468.61,ACF
E0761,PINTURA NETCOLOR ESM SINT. VERDE NOCHE X 0.250 (NETCOLOR),570.69,ACF
E0531,PINTURA NETCOLOR ESM SINT BEIGE X 0.250 (NETCOLOR),529.79,ACF
E0561,PINTURA NETCOLOR ESM SINT BEIGE X 0.500 (NETCOLOR),847.27,ACF
E0605,PINTURA NETCOLOR ESM SINT BEIGE X 1 (NETCOLOR),1349.79,ACF
E0655,PINTURA NETCOLOR ESM SINT CASTAÑO X 0.250 (NETCOLOR),529.79,ACF
E0372,PINTURA NETCOLOR ESM SINT CASTAÑO X 0.500 (NETCOLOR),845.33,ACF
E0574,PINTURA NETCOLOR ESM SINT CASTAÑO X 1 (NETCOLOR),1347.85,ACF
E0134,PINTURA NETCOLOR ESM SINT CEDRO X 0.250 (NETCOLOR),529.79,ACF
E0407,PINTURA NETCOLOR ESM SINT CEDRO X 0.500 (NETCOLOR),845.33,ACF
E0492,PINTURA NETCOLOR ESM SINT CEDRO X 1 (NETCOLOR),1347.85,ACF
E1866,PINTURA NETCOLOR ESM SINT CELESTE X 0.250 (NETCOLOR),529.79,ACF
E0435,PINTURA NETCOLOR ESM SINT CELESTE X 0.500 (NETCOLOR),845.33,ACF
E1320,PINTURA NETCOLOR ESM SINT CELESTE X 1 (NETCOLOR),1347.85,ACF
E0991,PINTURA NETCOLOR ESM SINT GRIS PERLA X 0.250 (NETCOLOR),570.69,ACF
E1332,PINTURA NETCOLOR ESM SINT GRIS PERLA X 0.500 (NETCOLOR),915.44,ACF
E1334,PINTURA NETCOLOR ESM SINT GRIS PERLA X 1 (NETCOLOR),1468.61,ACF
E0629,PINTURA NETCOLOR ESM SINT MARRON X 0.250 (NETCOLOR),529.79,ACF
E0534,PINTURA NETCOLOR ESM SINT MARRON X 0.500 (NETCOLOR),845.33,ACF
E0572,PINTURA NETCOLOR ESM SINT MARRON X 1 (NETCOLOR),1347.85,ACF
E0630,PINTURA NETCOLOR ESM SINT NEGRO X 0.250 (NETCOLOR),529.79,ACF
E0521,PINTURA NETCOLOR ESM SINT NEGRO X 0.500 (NETCOLOR),845.33,ACF
E0560,PINTURA NETCOLOR ESM SINT NEGRO X 1 (NETCOLOR),1347.85,ACF
E0599,PINTURA NETCOLOR ESM SINT NEGRO X 4 (NETCOLOR),4888.86,ACF
E1335,PINTURA NETCOLOR ESM SINT OCRE X 0.250 (NETCOLOR),529.79,ACF
E1347,PINTURA NETCOLOR ESM SINT OCRE X 0.500 (NETCOLOR),845.33,ACF
E1838,PINTURA NETCOLOR ESM SINT OCRE X 1 (NETCOLOR),1347.85,ACF
E0269,PINTURA NETCOLOR ESM SINT TABACO X 0.250 (NETCOLOR),529.79,ACF
E0040,PINTURA NETCOLOR ESM SINT TABACO X 0.500 (NETCOLOR),845.33,ACF
E0133,PINTURA NETCOLOR ESM SINT TABACO X 1 (NETCOLOR),1347.85,ACF
E0406,PINTURA NETCOLOR ESM SINT VIOLETA X 0.250 (NETCOLOR),557.05,ACF
E0403,PINTURA NETCOLOR ESM SINT VIOLETA X 0.500 (NETCOLOR),888.17,ACF
E0076,PINTURA NETCOLOR ESM SINT VIOLETA X 1 (NETCOLOR),1417.96,ACF
