PR002357,JELUZ BASTIDOR C/TAPA L2000 3-MOD RECT BLANCO (2000-2),337.0,GUSTAVO_ELECT
PR000802,JELUZ BASTIDOR C/TAPA L2000 3-MOD RECT GRIS (2000-8),338.0,GUSTAVO_ELECT
PR000801,JELUZ BASTIDOR C/TAPA L2000 3-MOD RECT MARFIL (2000-3),337.0,GUSTAVO_ELECT
PR015063-1,JELUZ BASTIDOR C/TAPA MITO 3-MOD RECT BLANCO RIBETE BLANCO (3002-2),337.0,GUSTAVO_ELECT
PR015065-1,JELUZ BASTIDOR C/TAPA MITO 3-MOD RECT BLANCO RIBETE NEGRO (3002-13),337.0,GUSTAVO_ELECT
PR004182,JELUZ BASTIDOR UNIVERSAL 1-MOD MIGNON (15081),211.0,GUSTAVO_ELECT
PR004181,JELUZ BASTIDOR UNIVERSAL 3-MOD RECT (15080),218.0,GUSTAVO_ELECT
PR002348,JELUZ BASTIDOR UNIVERSAL 6-MOD CUADR (15083),398.0,GUSTAVO_ELECT
PR001832,JELUZ BASTIDOR DIN 1-MOD BLANCO (20510),266.0,GUSTAVO_ELECT
PR000731,JELUZ BASTIDOR DIN 2-MOD BLANCO (20511),336.0,GUSTAVO_ELECT
PR001855,JELUZ BASTIDOR MULTIUSO 1-MOD BLANCO (20508),190.0,GUSTAVO_ELECT
PR001847,JELUZ MOD PUNTO SIN LUMIN BLANCO (20051-0),405.0,GUSTAVO_ELECT
PR005337,JELUZ MOD PUNTO BLANCO (20051) (OUTLET),421.0,GUSTAVO_ELECT
PR005338,JELUZ MOD PUNTO MARFIL (25051) (OUTLET),421.0,GUSTAVO_ELECT
PR001892,JELUZ MOD PUNTO RUBI (41251) (OUTLET),396.0,GUSTAVO_ELECT
PR001889,JELUZ MOD PUNTO MOD-NUEVO BLANCO (40051),405.0,GUSTAVO_ELECT
PR001891,JELUZ MOD PUNTO MOD-NUEVO GRIS (50051),405.0,GUSTAVO_ELECT
PR001890,JELUZ MOD PUNTO MOD-NUEVO MARFIL (45051),405.0,GUSTAVO_ELECT
PR007122,JELUZ MOD PUNTO LINEA CHATA BLANCO (40041),388.0,GUSTAVO_ELECT
PR003465,JELUZ MOD PUNTO PLATINUM BLANCO (60051),405.0,GUSTAVO_ELECT
PR003466,JELUZ MOD PUNTO PLATINUM NEGRO (80051),405.0,GUSTAVO_ELECT
PR001849,JELUZ MOD COMB SIN LUMIN BLANCO (20053-0),496.0,GUSTAVO_ELECT
PR005345,JELUZ MOD COMB BLANCO (20053),537.0,GUSTAVO_ELECT
PR005347,JELUZ MOD COMB GRIS (30053),537.0,GUSTAVO_ELECT
PR005346,JELUZ MOD COMB MARFIL (25053),537.0,GUSTAVO_ELECT
PR001888,JELUZ MOD COMB RUBI (41253) (OUTLET),198.0,GUSTAVO_ELECT
PR001885,JELUZ MOD COMB MOD-NUEVO BLANCO (40053),496.0,GUSTAVO_ELECT
PR001887,JELUZ MOD COMB MOD-NUEVO GRIS (50053),496.0,GUSTAVO_ELECT
PR001886,JELUZ MOD COMB MOD-NUEVO MARFIL (45053),496.0,GUSTAVO_ELECT
PR009517,JELUZ MOD COMB MOD-NUEVO PLATA (41353) (OUTLET),198.0,GUSTAVO_ELECT
PR007124,JELUZ MOD COMB LINEA CHATA BLANCO (40043),478.0,GUSTAVO_ELECT
PR003469,JELUZ MOD COMB PLATINUM BLANCO (60053),496.0,GUSTAVO_ELECT
PR003470,JELUZ MOD COMB PLATINUM NEGRO (80053),496.0,GUSTAVO_ELECT
PR005342,JELUZ MOD PULSADOR MARFIL (25052) (OUTLET),198.0,GUSTAVO_ELECT
PR001893,JELUZ MOD PULSADOR MOD-NUEVO BLANCO (40052),433.0,GUSTAVO_ELECT
PR001895,JELUZ MOD PULSADOR MOD-NUEVO GRIS (50052),433.0,GUSTAVO_ELECT
PR001894,JELUZ MOD PULSADOR MOD-NUEVO MARFIL (45052),433.0,GUSTAVO_ELECT
PR009516,JELUZ MOD PULSADOR MOD-NUEVO PLATA (41352) (OUTLET),325.0,GUSTAVO_ELECT
PR007123,JELUZ MOD PULSADOR LINEA CHATA BLANCO (40042),416.0,GUSTAVO_ELECT
PR003467,JELUZ MOD PULSADOR PLATINUM BLANCO (60052),433.0,GUSTAVO_ELECT
PR003468,JELUZ MOD PULSADOR PLATINUM NEGRO (80052),433.0,GUSTAVO_ELECT
PR002345,JELUZ MOD CRUZAMIENTO BLANCO (20037),1316.0,GUSTAVO_ELECT
PR005358,JELUZ MOD CRUZAMIENTO MOD-NUEVO BLANCO (40037),1274.0,GUSTAVO_ELECT
PR005359,JELUZ MOD CRUZAMIENTO MOD-NUEVO MARFIL (45037),1274.0,GUSTAVO_ELECT
PR005360,JELUZ MOD CRUZAMIENTO MOD-NUEVO GRIS (50037),1274.0,GUSTAVO_ELECT
PR003483,JELUZ MOD CRUZAMIENTO PLATINUM BLANCO (60037),1274.0,GUSTAVO_ELECT
PR003484,JELUZ MOD CRUZAMIENTO PLATINUM NEGRO (80037),1274.0,GUSTAVO_ELECT
PR002342,JELUZ MOD PUNTO BIPOLAR 16A BLANCO (20036),1232.0,GUSTAVO_ELECT
PR005354,JELUZ MOD PUNTO BIPOLAR 16A MOD-NUEVO BLANCO (40036),1194.0,GUSTAVO_ELECT
PR005356,JELUZ MOD PUNTO BIPOLAR 16A MOD-NUEVO GRIS (50036),1194.0,GUSTAVO_ELECT
PR005355,JELUZ MOD PUNTO BIPOLAR 16A MOD-NUEVO MARFIL (45036),1194.0,GUSTAVO_ELECT
PR003481,JELUZ MOD PUNTO BIPOLAR PLATINUM BLANCO (60036),1194.0,GUSTAVO_ELECT
PR003482,JELUZ MOD PUNTO BIPOLAR PLATINUM NEGRO (80036),1194.0,GUSTAVO_ELECT
PR009543,JELUZ MOD PUNTO DIMER (O) VARIADOR MOD-NUEVO BLANCO (40066),9230.0,GUSTAVO_ELECT
PR009545,JELUZ MOD PUNTO DIMER (O) VARIADOR MOD-NUEVO GRIS (50066),9230.0,GUSTAVO_ELECT
PR009544,JELUZ MOD PUNTO DIMER (O) VARIADOR MOD-NUEVO MARFIL (45066),9230.0,GUSTAVO_ELECT
PR009548,JELUZ MOD PUNTO TARJETA BLANCO (T20070),3404.0,GUSTAVO_ELECT
PR009550,JELUZ MOD PUNTO TARJETA GRIS (T30070),3404.0,GUSTAVO_ELECT
PR009549,JELUZ MOD PUNTO TARJETA MARFIL (T25070),3404.0,GUSTAVO_ELECT
PR012509-1,JELUZ MOD PUNTO (TECLON 3MOD) PLATINUM BLANCO (60351),506.0,GUSTAVO_ELECT
PR012511-1,JELUZ MOD PUNTO (TECLON 3MOD) PLATINUM NEGRO (80351),506.0,GUSTAVO_ELECT
PR015825-1,JELUZ MOD PULSADOR (TECLON 3MOD) PLATINUM BLANCO (60352),534.0,GUSTAVO_ELECT
PR015826-1,JELUZ MOD PULSADOR (TECLON 3MOD) PLATINUM NEGRO (80352),534.0,GUSTAVO_ELECT
PR015827-1,JELUZ MOD COMBINACION (TECLON 3MOD) PLATINUM BLANCO (60353),596.0,GUSTAVO_ELECT
PR015828-1,JELUZ MOD COMBINACION (TECLON 3MOD) PLATINUM NEGRO (80353),596.0,GUSTAVO_ELECT
PR012508-1,JELUZ MOD PUNTO + PUNTO (TECLON 1 1/2 MOD C/U) PLATINUM BLANCO (60451),911.0,GUSTAVO_ELECT
PR012510-1,JELUZ MOD PUNTO + PUNTO (TECLON 1 1/2 MOD C/U) PLATINUM NEGRO (80451),911.0,GUSTAVO_ELECT
PR015831-1,JELUZ MOD PUNTO + COMB (TECLON 1 1/2 MOD C/U) PLATINUM BLANCO (60454),1001.0,GUSTAVO_ELECT
PR015832-1,JELUZ MOD PUNTO + COMB (TECLON 1 1/2 MOD C/U) PLATINUM NEGRO (80454),1001.0,GUSTAVO_ELECT
PR015829-1,JELUZ MOD COMB + COMB (TECLON 1 1/2 MOD C/U) PLATINUM BLANCO (60453),1092.0,GUSTAVO_ELECT
PR015830-1,JELUZ MOD COMB + COMB (TECLON 1 1/2 MOD C/U) PLATINUM NEGRO (80453),1092.0,GUSTAVO_ELECT
PR002327,JELUZ MOD PUNTO + CIEGO MEDIOS BLANCO (20031),468.0,GUSTAVO_ELECT
PR002337,JELUZ MOD PUNTO+CIEGO GRIS (30031) (OUTLET),428.0,GUSTAVO_ELECT
PR002332,JELUZ MOD PUNTO+CIEGO MARFIL (25031) (OUTLET),396.0,GUSTAVO_ELECT
PR005362,JELUZ MOD PUNTO + CIEGO MEDIOS MOD-NUEVO BLANCO (40031),426.0,GUSTAVO_ELECT
PR005364,JELUZ MOD PUNTO + CIEGO MEDIOS MOD-NUEVO GRIS (50031),426.0,GUSTAVO_ELECT
PR005363,JELUZ MOD PUNTO + CIEGO MEDIOS MOD-NUEVO MARFIL (45031),426.0,GUSTAVO_ELECT
PR003471,JELUZ MOD PUNTO + CIEGO MEDIOS PLATINUM BLANCO (60031),426.0,GUSTAVO_ELECT
PR003472,JELUZ MOD PUNTO + CIEGO MEDIOS PLATINUM NEGRO (80031),426.0,GUSTAVO_ELECT
PR002328,JELUZ MOD PUNTO + PUNTO MEDIOS BLANCO (20032),940.0,GUSTAVO_ELECT
PR005377,JELUZ MOD PUNTO + PUNTO MEDIOS MOD-NUEVO BLANCO (40032),857.0,GUSTAVO_ELECT
PR005379,JELUZ MOD PUNTO + PUNTO MEDIOS MOD-NUEVO GRIS (50032),857.0,GUSTAVO_ELECT
PR005378,JELUZ MOD PUNTO + PUNTO MEDIOS MOD-NUEVO MARFIL (45032),857.0,GUSTAVO_ELECT
PR003473,JELUZ MOD PUNTO + PUNTO MEDIOS PLATINUM BLANCO (60032),857.0,GUSTAVO_ELECT
PR003474,JELUZ MOD PUNTO + PUNTO MEDIOS PLATINUM NEGRO (80032),857.0,GUSTAVO_ELECT
PR002331,JELUZ MOD PUNTO + COMB MEDIOS BLANCO (20035),1031.0,GUSTAVO_ELECT
PR005389,JELUZ MOD PUNTO + COMB MEDIOS MOD-NUEVO BLANCO (40035),947.0,GUSTAVO_ELECT
PR005391,JELUZ MOD PUNTO + COMB MEDIOS MOD-NUEVO GRIS (50035),947.0,GUSTAVO_ELECT
PR005390,JELUZ MOD PUNTO + COMB MEDIOS MOD-NUEVO MARFIL (45035),947.0,GUSTAVO_ELECT
PR003479,JELUZ MOD PUNTO + COMB MEDIOS PLATINUM BLANCO (60035),947.0,GUSTAVO_ELECT
PR003480,JELUZ MOD PUNTO + COMB MEDIOS PLATINUM NEGRO (80035),947.0,GUSTAVO_ELECT
PR002329,JELUZ MOD COMB + CIEGO MEDIOS BLANCO (20033),558.0,GUSTAVO_ELECT
PR005381,JELUZ MOD COMB + CIEGO MEDIOS MOD-NUEVO BLANCO (40033),516.0,GUSTAVO_ELECT
PR005383,JELUZ MOD COMB + CIEGO MEDIOS MOD-NUEVO GRIS (50033),516.0,GUSTAVO_ELECT
PR005382,JELUZ MOD COMB + CIEGO MEDIOS MOD-NUEVO MARFIL (45033),516.0,GUSTAVO_ELECT
PR003475,JELUZ MOD COMB + CIEGO MEDIOS PLATINUM BLANCO (60033),516.0,GUSTAVO_ELECT
PR003476,JELUZ MOD COMB + CIEGO MEDIOS PLATINUM NEGRO (80033),516.0,GUSTAVO_ELECT
PR002330,JELUZ MOD COMB + COMB MEDIOS BLANCO (20034),1121.0,GUSTAVO_ELECT
PR005385,JELUZ MOD COMB + COMB MEDIOS MOD-NUEVO BLANCO (40034),1038.0,GUSTAVO_ELECT
PR005387,JELUZ MOD COMB + COMB MEDIOS MOD-NUEVO GRIS (50034),1038.0,GUSTAVO_ELECT
PR005386,JELUZ MOD COMB + COMB MEDIOS MOD-NUEVO MARFIL (45034),1038.0,GUSTAVO_ELECT
PR003477,JELUZ MOD COMB + COMB MEDIOS PLATINUM BLANCO (60034),1038.0,GUSTAVO_ELECT
PR003478,JELUZ MOD COMB + COMB MEDIOS PLATINUM NEGRO (80034),1038.0,GUSTAVO_ELECT
PR006129,JELUZ MOD PUNTO PERSIANA MOD-NUEVO BLANCO (40038),520.0,GUSTAVO_ELECT
PR006131,JELUZ MOD PUNTO PERSIANA MOD-NUEVO GRIS (50038),520.0,GUSTAVO_ELECT
PR006130,JELUZ MOD PUNTO PERSIANA MOD-NUEVO MARFIL (45038),520.0,GUSTAVO_ELECT
PR006133,JELUZ MOD PULSADOR PERSIANA MOD-NUEVO BLANCO (40039),541.0,GUSTAVO_ELECT
PR006135,JELUZ MOD PULSADOR PERSIANA MOD-NUEVO GRIS (50039),541.0,GUSTAVO_ELECT
PR006134,JELUZ MOD PULSADOR PERSIANA MOD-NUEVO MARFIL (45039),541.0,GUSTAVO_ELECT
PR015839-1,JELUZ MOD TOMA USB DOBLE PLATINUM NEGRO (80246),17916.0,GUSTAVO_ELECT
PR001879,JELUZ MOD TOMA BINORMA BLANCO (20067),445.0,GUSTAVO_ELECT
PR001880,JELUZ MOD TOMA BINORMA GRIS (30067),445.0,GUSTAVO_ELECT
PR001881,JELUZ MOD TOMA BINORMA MARFIL (25067),445.0,GUSTAVO_ELECT
PR003487,JELUZ MOD TOMA BINORMA PLATINUM BLANCO (60067),445.0,GUSTAVO_ELECT
PR003488,JELUZ MOD TOMA BINORMA PLATINUM NEGRO (80067),445.0,GUSTAVO_ELECT
PR007125,JELUZ MOD TOMA BINORMA LIN CHATA BLANCO (40047),385.0,GUSTAVO_ELECT
PR008388,JELUZ MOD TOMA IRAM BLANCO (20018) O (20068),445.0,GUSTAVO_ELECT
PR008390,JELUZ MOD TOMA IRAM-ECO GRIS (30018),416.0,GUSTAVO_ELECT
PR008389,JELUZ MOD TOMA IRAM-ECO MARFIL (25018),416.0,GUSTAVO_ELECT
PR009529,JELUZ MOD TOMA IRAM-ECO ROJO (20018/5),416.0,GUSTAVO_ELECT
PR003489,JELUZ MOD TOMA IRAM PLATINUM BLANCO (60018) O (60068),445.0,GUSTAVO_ELECT
PR003490,JELUZ MOD TOMA IRAM-ECO PLATINUM NEGRO (80018),416.0,GUSTAVO_ELECT
PR015066-1,JELUZ MOD TOMA DOBLE BINORMA SIN/BAST BLANCO (60027),1175.0,GUSTAVO_ELECT
PR015067-1,JELUZ MOD TOMA DOBLE BINORMA SIN/BAST GRIS (80027),1175.0,GUSTAVO_ELECT
PR015068-1,JELUZ MOD TOMA DOBLE BINORMA SIN/BAST ROJO (60027-5),1175.0,GUSTAVO_ELECT
PR015185-1,JELUZ MOD TOMA DOBLE IRAM SIN/BAST BLANCO (60028),1175.0,GUSTAVO_ELECT
PR015186-1,JELUZ MOD TOMA DOBLE IRAM SIN/BAST GRIS (80028),1175.0,GUSTAVO_ELECT
PR015187-1,JELUZ MOD TOMA DOBLE IRAM SIN/BAST ROJO (60028-5),1175.0,GUSTAVO_ELECT
PR001044,JELUZ MOD TOMA 20A BLANCO (20059),828.0,GUSTAVO_ELECT
PR001045,JELUZ MOD TOMA 20A GRIS (30059),828.0,GUSTAVO_ELECT
PR001046,JELUZ MOD TOMA 20A MARFIL (25059),828.0,GUSTAVO_ELECT
PR003485,JELUZ MOD TOMA 20A PLATINUM BLANCO (60059),828.0,GUSTAVO_ELECT
PR003486,JELUZ MOD TOMA 20A PLATINUM NEGRO (80059),828.0,GUSTAVO_ELECT
PR007163,JELUZ MOD TOMA BORNERA ALINEADA BINORMA BLANCO (20077),531.0,GUSTAVO_ELECT
PR001851,JELUZ MOD TOMA EXPORT-110V BLANCO (20058),537.0,GUSTAVO_ELECT
PR004112,JELUZ MOD TOMA SCHUKO BLANCO (20060),2184.0,GUSTAVO_ELECT
PR004114,JELUZ MOD TOMA TV-P/FINO BLANCO (20209),772.0,GUSTAVO_ELECT
PR010152,JELUZ MOD TOMA TV-P/FINO GRIS (30209),772.0,GUSTAVO_ELECT
PR010151,JELUZ MOD TOMA TV-P/FINO MARFIL (25209),772.0,GUSTAVO_ELECT
PR003491,JELUZ MOD TOMA TV-P/FINO PLATINUM BLANCO (60209),772.0,GUSTAVO_ELECT
PR003492,JELUZ MOD TOMA TV-P/FINO PLATINUM NEGRO (80209),772.0,GUSTAVO_ELECT
PR001943,JELUZ MOD TOMA TV-P/GRUESO BLANCO (20013),1498.0,GUSTAVO_ELECT
PR010154,JELUZ MOD TOMA TV-P/GRUESO GRIS (30013),1498.0,GUSTAVO_ELECT
PR010153,JELUZ MOD TOMA TV-P/GRUESO MARFIL (25013),1498.0,GUSTAVO_ELECT
PR003493,JELUZ MOD TOMA TV-P/GRUESO PLATINUM BLANCO (60213),1498.0,GUSTAVO_ELECT
PR003494,JELUZ MOD TOMA TV-P/GRUESO PLATINUM NEGRO (80213),1498.0,GUSTAVO_ELECT
PR001944,JELUZ MOD TOMA TE-RJ11 BLANCO (20011),1602.0,GUSTAVO_ELECT
PR010156,JELUZ MOD TOMA TE-RJ11 GRIS (30011),1602.0,GUSTAVO_ELECT
PR010155,JELUZ MOD TOMA TE-RJ11 MARFIL (25011),1602.0,GUSTAVO_ELECT
PR003495,JELUZ MOD TOMA TE-RJ11 PLATINUM BLANCO (60011),1602.0,GUSTAVO_ELECT
PR003496,JELUZ MOD TOMA TE-RJ11 PLATINUM NEGRO (80011),1602.0,GUSTAVO_ELECT
PR001952,JELUZ MOD TOMA RJ45 BLANCO (20145),5101.0,GUSTAVO_ELECT
PR005353,JELUZ MOD TOMA RJ45 GRIS (30145),5101.0,GUSTAVO_ELECT
PR005352,JELUZ MOD TOMA RJ45 MARFIL (25145),5101.0,GUSTAVO_ELECT
PR003497,JELUZ MOD TOMA RJ45 PLATINUM BLANCO (60145),5101.0,GUSTAVO_ELECT
PR003498,JELUZ MOD TOMA RJ45 PLATINUM NEGRO (80145),5101.0,GUSTAVO_ELECT
PR012507-1,JELUZ MOD TOMA USB PLATINUM BLANCO (60146),8687.0,GUSTAVO_ELECT
PR015824-1,JELUZ MOD TOMA USB PLATINUM NEGRO (80146),8687.0,GUSTAVO_ELECT
PR015838-1,JELUZ MOD TOMA USB DOBLE PLATINUM BLANCO (60246),17916.0,GUSTAVO_ELECT
PR007126,JELUZ MOD TOMA IRAM LIN CHATA BLANCO (40048),385.0,GUSTAVO_ELECT
PR004315,JELUZ MOD AUTOMATICO PASILLO-ESCALERA BLANCO (102742),21662.0,GUSTAVO_ELECT
PR006971,JELUZ MOD INFRARROJO BLANCO (102722),21716.0,GUSTAVO_ELECT
PR017380-1,JELUZ MOD MEDIDOR VOLTAJE 50/300VCA PLATINUM BLANCO (60140),10858.0,GUSTAVO_ELECT
PR004313,JELUZ MOD PROTECTOR TENSION BLANCO (100702),24105.0,GUSTAVO_ELECT
PR001945,JELUZ MOD DIMER (O) VARIADOR LUZ BLANCO (100662),12216.0,GUSTAVO_ELECT
PR010157,JELUZ MOD DIMER (O) VARIADOR LUZ MARFIL (100663),12216.0,GUSTAVO_ELECT
PR010158,JELUZ MOD DIMER (O) VARIADOR LUZ GRIS (100668),12216.0,GUSTAVO_ELECT
PR016280-1,JELUZ MOD DIMER (O) VARIADOR LUZ APTO LED BLANCO (20157),14659.0,GUSTAVO_ELECT
PR016281-1,JELUZ MOD DIMER (O) VARIADOR LUZ APTO LED MARFIL (25157),14659.0,GUSTAVO_ELECT
PR016282-1,JELUZ MOD DIMER (O) VARIADOR LUZ APTO LED NEGRO (30157),14659.0,GUSTAVO_ELECT
PR003499,JELUZ MOD DIMER (O) VARIADOR LUZ PLATINUM BLANCO (60166),12216.0,GUSTAVO_ELECT
PR003640,JELUZ MOD DIMER (O) VARIADOR LUZ PLATINUM NEGRO (80166),12216.0,GUSTAVO_ELECT
PR016283-1,JELUZ MOD DIMER (O) VARIADOR LUZ PLATINUM APTO P/LED BLANCO (60157),14659.0,GUSTAVO_ELECT
PR016284-1,JELUZ MOD DIMER (O) VARIADOR LUZ PLATINUM APTO P/LED NEGRO (80157),14659.0,GUSTAVO_ELECT
PR001946,JELUZ MOD DIMER (O) VARIADOR VENTILADOR BLANCO (100672),12216.0,GUSTAVO_ELECT
PR010160,JELUZ MOD DIMER (O) VARIADOR VENTILADOR GRIS (100678),12216.0,GUSTAVO_ELECT
PR010159,JELUZ MOD DIMER (O) VARIADOR VENTILADOR MARFIL (100673),12216.0,GUSTAVO_ELECT
PR003966,JELUZ MOD DIMER (O) VARIADOR VENTILADOR PLATINUM BLANCO (60167),12216.0,GUSTAVO_ELECT
PR003967,JELUZ MOD DIMER (O) VARIADOR VENTILADOR PLATINUM NEGRO (80167),12216.0,GUSTAVO_ELECT
PR001951,JELUZ MOD TAPON CIEGO BLANCO (20092),51.0,GUSTAVO_ELECT
PR001831,JELUZ MOD TAPON CIEGO GRIS (30092),51.0,GUSTAVO_ELECT
PR004200,JELUZ MOD TAPON CIEGO MARFIL (25092),51.0,GUSTAVO_ELECT
PR003463,JELUZ MOD TAPON CIEGO PLATINUM BLANCO (60092),51.0,GUSTAVO_ELECT
PR003464,JELUZ MOD TAPON CIEGO PLATINUM NEGRO (80092),51.0,GUSTAVO_ELECT
PR001942,JELUZ MOD NEON (20050),296.0,GUSTAVO_ELECT
PR004183,JELUZ TAPA BO 3-MOD RECT BLANCO (25098/2),225.0,GUSTAVO_ELECT
PR004264,JELUZ TAPA BO 3-MOD RECT CROMO (25098/21),1771.0,GUSTAVO_ELECT
PR004186,JELUZ TAPA BO 3-MOD RECT CUARZO (25098/18),683.0,GUSTAVO_ELECT
PR004266,JELUZ TAPA BO 3-MOD RECT GRANITO (25098/22),1771.0,GUSTAVO_ELECT
PR004187,JELUZ TAPA BO 3-MOD RECT HABANO (25098/19),683.0,GUSTAVO_ELECT
PR004184,JELUZ TAPA BO 3-MOD RECT MARFIL (25098/3),225.0,GUSTAVO_ELECT
PR004185,JELUZ TAPA BO 3-MOD RECT METAL (25098/17),683.0,GUSTAVO_ELECT
PR004265,JELUZ TAPA BO 3-MOD RECT ORO (25098/20),1771.0,GUSTAVO_ELECT
PR004188,JELUZ TAPA BO 1-MOD MIGNON BLANCO (25099/2),218.0,GUSTAVO_ELECT
PR004267,JELUZ TAPA BO 1-MOD MIGNON CROMO (25099/21),1771.0,GUSTAVO_ELECT
PR004191,JELUZ TAPA BO 1-MOD MIGNON CUARZO (25099/18),669.0,GUSTAVO_ELECT
PR004269,JELUZ TAPA BO 1-MOD MIGNON GRANITO (25099/22),1771.0,GUSTAVO_ELECT
PR004192,JELUZ TAPA BO 1-MOD MIGNON HABANO (25099/19),669.0,GUSTAVO_ELECT
PR004189,JELUZ TAPA BO 1-MOD MIGNON MARFIL (25099/3),218.0,GUSTAVO_ELECT
PR004190,JELUZ TAPA BO 1-MOD MIGNON METAL (25099/17),669.0,GUSTAVO_ELECT
PR004268,JELUZ TAPA BO 1-MOD MIGNON ORO (25099/20),1771.0,GUSTAVO_ELECT
PR002349,JELUZ TAPA BO 6-MOD CUADR BLANCO (25398/2),412.0,GUSTAVO_ELECT
PR002355,JELUZ TAPA BO 6-MOD CUADR CROMO (25398/21),2118.0,GUSTAVO_ELECT
PR002352,JELUZ TAPA BO 6-MOD CUADR CUARZO (25398/18),1107.0,GUSTAVO_ELECT
PR002356,JELUZ TAPA BO 6-MOD CUADR GRANITO (25398/22),2118.0,GUSTAVO_ELECT
PR002353,JELUZ TAPA BO 6-MOD CUADR HABANO (25398/19),1107.0,GUSTAVO_ELECT
PR002350,JELUZ TAPA BO 6-MOD CUADR MARFIL (25398/3),412.0,GUSTAVO_ELECT
PR002351,JELUZ TAPA BO 6-MOD CUADR METAL (25398/17),1107.0,GUSTAVO_ELECT
PR002354,JELUZ TAPA BO 6-MOD CUADR ORO (25398/20),2118.0,GUSTAVO_ELECT
PR002400,JELUZ TAPA REGINA 3-MOD RECT AZUL (30098/26),1771.0,GUSTAVO_ELECT
PR000816,JELUZ TAPA REGINA 3-MOD RECT BLANCO (30098/2),225.0,GUSTAVO_ELECT
PR002398,JELUZ TAPA REGINA 3-MOD RECT CROMO (30098/21),1771.0,GUSTAVO_ELECT
PR000821,JELUZ TAPA REGINA 3-MOD RECT CUARZO (30098/18),683.0,GUSTAVO_ELECT
PR000822,JELUZ TAPA REGINA 3-MOD RECT HABANO (30098/19),683.0,GUSTAVO_ELECT
PR000817,JELUZ TAPA REGINA 3-MOD RECT MARFIL (30098/3),225.0,GUSTAVO_ELECT
PR000820,JELUZ TAPA REGINA 3-MOD RECT METAL (30098/17),683.0,GUSTAVO_ELECT
PR017002-1,JELUZ TAPA REGINA 3-MOD RECT PLATA (30098/7),1058.0,GUSTAVO_ELECT
PR000799,JELUZ TAPA REGINA 3-MOD RECT ORO (30098/20),1771.0,GUSTAVO_ELECT
PR000818,JELUZ TAPA REGINA 3-MOD RECT ROJO (30098/5),683.0,GUSTAVO_ELECT
PR002399,JELUZ TAPA REGINA 3-MOD RECT VERDE (30098/25),1771.0,GUSTAVO_ELECT
PR002403,JELUZ TAPA REGINA 1-MOD MIGNON AZUL (30099/26),1771.0,GUSTAVO_ELECT
PR000823,JELUZ TAPA REGINA 1-MOD MIGNON BLANCO (30099/2),218.0,GUSTAVO_ELECT
PR002401,JELUZ TAPA REGINA 1-MOD MIGNON CROMO (30099/21),1771.0,GUSTAVO_ELECT
PR000828,JELUZ TAPA REGINA 1-MOD MIGNON CUARZO (30099/18),669.0,GUSTAVO_ELECT
PR000829,JELUZ TAPA REGINA 1-MOD MIGNON HABANO (30099/19),669.0,GUSTAVO_ELECT
PR000824,JELUZ TAPA REGINA 1-MOD MIGNON MARFIL (30099/3),218.0,GUSTAVO_ELECT
PR000827,JELUZ TAPA REGINA 1-MOD MIGNON METAL (30099/17),669.0,GUSTAVO_ELECT
PR017003-1,JELUZ TAPA REGINA 1-MOD MIGNON PLATA (30099/7),1052.0,GUSTAVO_ELECT
PR000800,JELUZ TAPA REGINA 1-MOD MIGNON ORO (30099/20),1771.0,GUSTAVO_ELECT
PR000825,JELUZ TAPA REGINA 1-MOD MIGNON ROJO (30099/5),669.0,GUSTAVO_ELECT
PR002402,JELUZ TAPA REGINA 1-MOD MIGNON VERDE (30099/25),1771.0,GUSTAVO_ELECT
PR000826,JELUZ TAPA REGINA 1M MIGN RUBI (30099/12) (OUTLET),285.0,GUSTAVO_ELECT
PR005393,JELUZ TAPA REGINA 6-MOD CUADR BLANCO (30198/2),412.0,GUSTAVO_ELECT
PR005404,JELUZ TAPA REGINA 6-MOD CUADR AZUL (30198/26),2118.0,GUSTAVO_ELECT
PR005401,JELUZ TAPA REGINA 6-MOD CUADR CROMO (30198/21),2118.0,GUSTAVO_ELECT
PR005398,JELUZ TAPA REGINA 6-MOD CUADR CUARZO (30198/18),1107.0,GUSTAVO_ELECT
PR005399,JELUZ TAPA REGINA 6-MOD CUADR HABANO (30198/19),1107.0,GUSTAVO_ELECT
PR005394,JELUZ TAPA REGINA 6-MOD CUADR MARFIL (30198/3),412.0,GUSTAVO_ELECT
PR005397,JELUZ TAPA REGINA 6-MOD CUADR METAL (30198/17),1107.0,GUSTAVO_ELECT
PR017004-1,JELUZ TAPA REGINA 6-MOD CUADR PLATA (30198/7),1107.0,GUSTAVO_ELECT
PR005400,JELUZ TAPA REGINA 6-MOD CUADR ORO (30198/20),2118.0,GUSTAVO_ELECT
PR005395,JELUZ TAPA REGINA 6-MOD CUADR ROJO (30198/5),1107.0,GUSTAVO_ELECT
PR005403,JELUZ TAPA REGINA 6-MOD CUADR VERDE (30198/25),2118.0,GUSTAVO_ELECT
PR005553,JELUZ TAPA NBO 3-MOD RECT ANTRACITA (35098/8),798.0,GUSTAVO_ELECT
PR005555,JELUZ TAPA NBO 3-MOD RECT AZABACHE (35098/14),1058.0,GUSTAVO_ELECT
PR005560,JELUZ TAPA NBO 3-MOD RECT AZUL MARINE (35098/27),1058.0,GUSTAVO_ELECT
PR005550,JELUZ TAPA NBO 3-MOD RECT BLANCO (35098/2),239.0,GUSTAVO_ELECT
PR005558,JELUZ TAPA NBO 3-MOD RECT CHAMPAGNE (35098/23),1058.0,GUSTAVO_ELECT
PR005557,JELUZ TAPA NBO 3-MOD RECT CROMO (35098/21),1771.0,GUSTAVO_ELECT
PR005551,JELUZ TAPA NBO 3-MOD RECT MARFIL (35098/3),239.0,GUSTAVO_ELECT
PR005554,JELUZ TAPA NBO 3-MOD RECT NOGAL (35098/9),1058.0,GUSTAVO_ELECT
PR005556,JELUZ TAPA NBO 3-MOD RECT ORO (35098/20),1771.0,GUSTAVO_ELECT
PR005552,JELUZ TAPA NBO 3-MOD RECT PLATA (35098/7),1058.0,GUSTAVO_ELECT
PR005559,JELUZ TAPA NBO 3-MOD RECT VERDE URANO (35098/24),1058.0,GUSTAVO_ELECT
PR006078,JELUZ TAPA NBO 1-MOD MIGNON ANTRACITA (35099/8),791.0,GUSTAVO_ELECT
PR006080,JELUZ TAPA NBO 1-MOD MIGNON AZABACHE (35099/14),1052.0,GUSTAVO_ELECT
PR006085,JELUZ TAPA NBO 1-MOD MIGNON AZUL MARINE (35099/27),1052.0,GUSTAVO_ELECT
PR006075,JELUZ TAPA NBO 1-MOD MIGNON BLANCO (35099/2),232.0,GUSTAVO_ELECT
PR006083,JELUZ TAPA NBO 1-MOD MIGNON CHAMPAGNE (35099/23),1052.0,GUSTAVO_ELECT
PR006082,JELUZ TAPA NBO 1-MOD MIGNON CROMO (35099/21),1764.0,GUSTAVO_ELECT
PR006076,JELUZ TAPA NBO 1-MOD MIGNON MARFIL (35099/3),232.0,GUSTAVO_ELECT
PR006079,JELUZ TAPA NBO 1-MOD MIGNON NOGAL (35099/9),1052.0,GUSTAVO_ELECT
PR006081,JELUZ TAPA NBO 1-MOD MIGNON ORO (35099/20),1764.0,GUSTAVO_ELECT
PR006077,JELUZ TAPA NBO 1-MOD MIGNON PLATA (35099/7),1052.0,GUSTAVO_ELECT
PR006084,JELUZ TAPA NBO 1-MOD MIGNON VERDE URANO (35099/24),1052.0,GUSTAVO_ELECT
PR006926,JELUZ ARO MODENA 3-MOD RECT AZUL NOCHE (41098/29) (OUTLET),615.0,GUSTAVO_ELECT
PR006921,JELUZ ARO MODENA 3-MOD RECT BLANCO (41098/2) (OUTLET),171.0,GUSTAVO_ELECT
PR006924,JELUZ ARO MODENA 3-MOD RECT CROMO (41098/21) (OUTLET),741.0,GUSTAVO_ELECT
PR006925,JELUZ ARO MODENA 3-MOD RECT JADE (41098/28) (OUTLET),615.0,GUSTAVO_ELECT
PR006923,JELUZ ARO MODENA 3-MOD RECT NOGAL (41098/9) (OUTLET),615.0,GUSTAVO_ELECT
PR006928,JELUZ ARO MODENA 3-MOD RECT ORO MATE (41098/31) (OUTLET),615.0,GUSTAVO_ELECT
PR006922,JELUZ ARO MODENA 3-MOD RECT PLATA (41098/7) (OUTLET),615.0,GUSTAVO_ELECT
PR006927,JELUZ ARO MODENA 3-MOD RECT TRAVERTINO (41098/30) (OUTLET),703.0,GUSTAVO_ELECT
PR006920,JELUZ TAPA MODENA 3-MOD RECT AZUL NOCHE (40098/29) (OUTLET),455.0,GUSTAVO_ELECT
PR006915,JELUZ TAPA MODENA 3-MOD RECT BLANCO (40098/2) (OUTLET),197.0,GUSTAVO_ELECT
PR006919,JELUZ TAPA MODENA 3-MOD RECT CROMO (40098/21) (OUTLET),756.0,GUSTAVO_ELECT
PR006917,JELUZ TAPA MODENA 3-MOD RECT NEGRO (40098/13) (OUTLET),637.0,GUSTAVO_ELECT
PR006918,JELUZ TAPA MODENA 3-MOD RECT ORO (40098/20) (OUTLET),756.0,GUSTAVO_ELECT
PR006916,JELUZ TAPA MODENA 3-MOD RECT PLATA (40098/7) (OUTLET),637.0,GUSTAVO_ELECT
PR003451,JELUZ TAPA PLATINUM 3-MOD RECT AMARILLO (45098/36),798.0,GUSTAVO_ELECT
PR003313,JELUZ TAPA PLATINUM 3-MOD RECT ANTRACITA (45098/8),798.0,GUSTAVO_ELECT
PR003447,JELUZ TAPA PLATINUM 3-MOD RECT AZUL ELECTRICO (45098/32),798.0,GUSTAVO_ELECT
PR003393,JELUZ TAPA PLATINUM 3-MOD RECT AZUL NOCHE (45098/29),798.0,GUSTAVO_ELECT
PR003070,JELUZ TAPA PLATINUM 3-MOD RECT BLANCO (45098/2),239.0,GUSTAVO_ELECT
PR003360,JELUZ TAPA PLATINUM 3-MOD RECT CHAMPAGNE (45098/23),841.0,GUSTAVO_ELECT
PR003448,JELUZ TAPA PLATINUM 3-MOD RECT NARANJA (45098/33),798.0,GUSTAVO_ELECT
PR003266,JELUZ TAPA PLATINUM 3-MOD RECT PLATA (45098/7),841.0,GUSTAVO_ELECT
PR003071,JELUZ TAPA PLATINUM 3-MOD RECT ROJO (45098/5),798.0,GUSTAVO_ELECT
PR003449,JELUZ TAPA PLATINUM 3-MOD RECT UVA (45098/34),798.0,GUSTAVO_ELECT
PR003450,JELUZ TAPA PLATINUM 3-MOD RECT VERDE (45098/35),798.0,GUSTAVO_ELECT
PR003462,JELUZ TAPA PLATINUM 1-MOD MIGNON AMARILLO (45099/36),791.0,GUSTAVO_ELECT
PR003455,JELUZ TAPA PLATINUM 1-MOD MIGNON ANTRACITA (45099/8),791.0,GUSTAVO_ELECT
PR003458,JELUZ TAPA PLATINUM 1-MOD MIGNON AZUL ELECTRICO (45099/32),791.0,GUSTAVO_ELECT
PR003457,JELUZ TAPA PLATINUM 1-MOD MIGNON AZUL NOCHE (45099/29),791.0,GUSTAVO_ELECT
PR003452,JELUZ TAPA PLATINUM 1-MOD MIGNON BLANCO (45099/2),232.0,GUSTAVO_ELECT
PR003456,JELUZ TAPA PLATINUM 1-MOD MIGNON CHAMPAGNE (45099/23),834.0,GUSTAVO_ELECT
PR003459,JELUZ TAPA PLATINUM 1-MOD MIGNON NARANJA (45099/33),791.0,GUSTAVO_ELECT
PR003454,JELUZ TAPA PLATINUM 1-MOD MIGNON PLATA (45099/7),834.0,GUSTAVO_ELECT
PR003453,JELUZ TAPA PLATINUM 1-MOD MIGNON ROJO (45099/5),791.0,GUSTAVO_ELECT
PR003460,JELUZ TAPA PLATINUM 1-MOD MIGNON UVA (45099/34),791.0,GUSTAVO_ELECT
PR003461,JELUZ TAPA PLATINUM 1-MOD MIGNON VERDE (45099/35),791.0,GUSTAVO_ELECT
PR012512-1,JELUZ TAPA CRISTAL 3-MOD RECT AZUL RIBETE BLANCO (698/32-2),2350.0,GUSTAVO_ELECT
PR012513-1,JELUZ TAPA CRISTAL 3-MOD RECT AZUL RIBETE PLATA (698/32-7),2350.0,GUSTAVO_ELECT
PR012514-1,JELUZ TAPA CRISTAL 3-MOD RECT BLANCO RIBETE BLANCO (698/2-2),2350.0,GUSTAVO_ELECT
PR012620-1,JELUZ TAPA CRISTAL 3-MOD RECT BLANCO RIBETE PLATA (698/2-7),2350.0,GUSTAVO_ELECT
PR012515-1,JELUZ TAPA CRISTAL 3-MOD RECT CHAMPAGNE RIBETE BLANCO (698/23-2),2350.0,GUSTAVO_ELECT
PR012516-1,JELUZ TAPA CRISTAL 3-MOD RECT CHAMPAGNE RIBETE PLATA (698/23-7),2350.0,GUSTAVO_ELECT
PR012517-1,JELUZ TAPA CRISTAL 3-MOD RECT GLAM RIBETE NEGRO (698/38-13),2350.0,GUSTAVO_ELECT
PR012518-1,JELUZ TAPA CRISTAL 3-MOD RECT GLAM RIBETE PLATA (698/38-7),2350.0,GUSTAVO_ELECT
PR012519-1,JELUZ TAPA CRISTAL 3-MOD RECT NEGRO RIBETE NEGRO (698/13-13),2350.0,GUSTAVO_ELECT
PR012520-1,JELUZ TAPA CRISTAL 3-MOD RECT NEGRO RIBETE PLATA (698/13-7),2350.0,GUSTAVO_ELECT
PR012521-1,JELUZ TAPA CRISTAL 3-MOD RECT ROJO RIBETE BLANCO (698/5-2),2350.0,GUSTAVO_ELECT
PR012522-1,JELUZ TAPA CRISTAL 3-MOD RECT ROJO RIBETE PLATA (698/5-7),2350.0,GUSTAVO_ELECT
PR004320,JELUZ CAPSULADO QUEEN TAPA VACIA BLANCO-TRANSP (40002),1566.0,GUSTAVO_ELECT
PR004321,JELUZ CAPSULADO QUEEN TAPA VACIA BLANCO-BLANCO (40001),1496.0,GUSTAVO_ELECT
PR004360,JELUZ CAPSULADO QUEEN BASE VACIA BLANCO (40021),1316.0,GUSTAVO_ELECT
PR001846,JELUZ TAPA PORTAM SIMPLE BLANCO (20500),197.0,GUSTAVO_ELECT
PR007128,JELUZ TAPA PORTAM SIMPLE CHATA BLANCO (20400),120.0,GUSTAVO_ELECT
PR004111,JELUZ TAPA PORTAM DOBLE BLANCO (20522),329.0,GUSTAVO_ELECT
PR001844,JELUZ BASE PORTAM 1-MOD BLANCO (20501),155.0,GUSTAVO_ELECT
PR007129,JELUZ BASE PORTAM 1-MOD CHATA BLANCO (20401),155.0,GUSTAVO_ELECT
PR001845,JELUZ BASE PORTAM 2-MOD BLANCO (20502),259.0,GUSTAVO_ELECT
PR007130,JELUZ BASE PORTAM 2-MOD CHATA BLANCO (20402),259.0,GUSTAVO_ELECT
PR004113,JELUZ BASE PORTAM 3-MOD BLANCO (20503),516.0,GUSTAVO_ELECT
PR007131,JELUZ BASE PORTAM 3-MOD CHATA BLANCO (20403),516.0,GUSTAVO_ELECT
PR001842,JELUZ BASE PORTAM 4-MOD BLANCO (20504),690.0,GUSTAVO_ELECT
PR007132,JELUZ BASE PORTAM 4-MOD CHATA BLANCO (20404),690.0,GUSTAVO_ELECT
PR001843,JELUZ BASE PORTAM 5-MOD BLANCO (20505),829.0,GUSTAVO_ELECT
PR007133,JELUZ BASE PORTAM 5-MOD CHATA BLANCO (20405),829.0,GUSTAVO_ELECT
PR007150,JELUZ BASE PORTAM-ARM PUNTO (1) CHATA BLANCO (50401/2),688.0,GUSTAVO_ELECT
PR007158,JELUZ BASE PORTAM-ARM PUNTO (2) CHATA BLANCO (50409/2),1300.0,GUSTAVO_ELECT
PR007152,JELUZ BASE PORTAM-ARM COMBINACION (1) CHATA BLANCO (50403/2),779.0,GUSTAVO_ELECT
PR007151,JELUZ BASE PORTAM-ARM PULSADOR (1) CHATA BLANCO (50402/2),716.0,GUSTAVO_ELECT
PR007161,JELUZ BASE PORTAM-ARM PUNTO+TOMA BIN CHATA BLANCO (50417/2),1272.0,GUSTAVO_ELECT
PR007159,JELUZ BASE PORTAM-ARM TOMA BIN (2) CHATA BLANCO (50412/2),1244.0,GUSTAVO_ELECT
PR007153,JELUZ BASE PORTAM-ARM TOMA BIN (1) CHATA BLANCO (50404/2),697.0,GUSTAVO_ELECT
PR007155,JELUZ BASE PORTAM-ARM TOMA-TE (1) CHATA BLANCO (50406/2),1265.0,GUSTAVO_ELECT
PR007156,JELUZ BASE PORTAM-ARM TOMA-TV PF (1) CHATA BLANCO (50407/2),1058.0,GUSTAVO_ELECT
PR007157,JELUZ BASE PORTAM-ARM TOMA-TV PG (1) CHATA BLANCO (50408/2),1821.0,GUSTAVO_ELECT
PR019264-1,JELUZ BASE PORTAM-ARM TOMA 20AMP (1) CHATA BLANCO (50420/2),1358.0,GUSTAVO_ELECT
