PR015983-1,KALOP TAPA CIVIL 3-MOD RECT GRIS-PRETORIA (KS40724),2776.0,GUSTAVO_ELECT
PR015984-1,KALOP TAPA CIVIL 1-MOD MIGNON GRIS-PRETORIA (KS40744),2674.0,GUSTAVO_ELECT
PR016526-1,KALOP TAPA CIVIL CIEGA RECT NEGRO (KS40714),597.0,GUSTAVO_ELECT
PR002095,KALOP TAPA CIVIL 3-MOD RECT BLANCO (KD40710),363.0,GUSTAVO_ELECT
PR002097,KALOP TAPA CIVIL 3-MOD RECT CHAMPAGNE (KS40716),2776.0,GUSTAVO_ELECT
PR002138,KALOP TAPA CIVIL 3-MOD RECT GOLD (KS40720),2776.0,GUSTAVO_ELECT
PR002096,KALOP TAPA CIVIL 3-MOD RECT GRAFITO (KS40711) (O) (KD40711),365.0,GUSTAVO_ELECT
PR002100,KALOP TAPA CIVIL 3-MOD RECT GRIS-MANCHESTER (KS40719),2776.0,GUSTAVO_ELECT
PR002099,KALOP TAPA CIVIL 3-MOD RECT GRIS-TITANIO (KS40718),2776.0,GUSTAVO_ELECT
PR002098,KALOP TAPA CIVIL 3-MOD RECT ROJO-MUNICH (KS40717),2776.0,GUSTAVO_ELECT
PR011786-1,KALOP TAPA CIVIL 2-MOD RECT BLANCO (KS40705) (OUTLET),232.0,GUSTAVO_ELECT
PR011787-1,KALOP TAPA CIVIL CIEGA RECT BLANCO (KS40713),597.0,GUSTAVO_ELECT
PR002101,KALOP TAPA CIVIL 1-MOD MIGNON BLANCO (KS40730),473.0,GUSTAVO_ELECT
PR012447-1,KALOP TAPA CIVIL 1-MOD MIGNON NEGRO (KS40731),473.0,GUSTAVO_ELECT
PR002103,KALOP TAPA CIVIL 1-MOD MIGNON CHAMPAGNE (KS40736),2674.0,GUSTAVO_ELECT
PR002139,KALOP TAPA CIVIL 1-MOD MIGNON GOLD (KS40740),2674.0,GUSTAVO_ELECT
PR002106,KALOP TAPA CIVIL 1-MOD MIGNON GRIS-MANCHESTER (KS40739),2674.0,GUSTAVO_ELECT
PR002105,KALOP TAPA CIVIL 1-MOD MIGNON GRIS-TITANIO (KS40738),2674.0,GUSTAVO_ELECT
PR002104,KALOP TAPA CIVIL 1-MOD MIGNON ROJO-M (KS40737) (OUTLET),721.0,GUSTAVO_ELECT
PR013848-1,KALOP TAPA CIVIL 6-MOD CUAD BLANCO (KS40760),1196.0,GUSTAVO_ELECT
PR013849-1,KALOP TAPA CIVIL 6-MOD CUAD GRAFITO (KS40761),1196.0,GUSTAVO_ELECT
PR016131-1,KALOP MOD COMBINAC BIPOLAR NEGRO (KL40181),4180.0,GUSTAVO_ELECT
PR016132-1,KALOP MOD PUNTO INVERSOR BIPOLAR NEGRO (KL40191),6341.0,GUSTAVO_ELECT
PR018327-1,KALOP MOD COMBINAC + CIEGO - MEDIOS BLANCO (KL40123),2643.0,GUSTAVO_ELECT
PR018328-1,KALOP MOD COMBINAC + CIEGO - MEDIOS NEGRO (KL40124),2643.0,GUSTAVO_ELECT
PR002107,KALOP MOD PUNTO BLANCO (KD40100),791.0,GUSTAVO_ELECT
PR002108,KALOP MOD PUNTO NEGRO (KS40101) (O) (KD40101),796.0,GUSTAVO_ELECT
PR002109,KALOP MOD COMBINAC BLANCO (KL40115) (O) (KD40115),1166.0,GUSTAVO_ELECT
PR002110,KALOP MOD COMBINAC NEGRO (KL40116) (O) (KD40116),1260.0,GUSTAVO_ELECT
PR002111,KALOP MOD PULSADOR BLANCO (KL40130),1322.0,GUSTAVO_ELECT
PR002112,KALOP MOD PULSADOR NEGRO (KL40131),1322.0,GUSTAVO_ELECT
PR008644,KALOP MOD PUNTO BIPOLAR BLANCO (KL40175),3267.0,GUSTAVO_ELECT
PR008645,KALOP MOD PUNTO BIPOLAR NEGRO (KL40176),3267.0,GUSTAVO_ELECT
PR008648,KALOP MOD PUNTO INVERSOR BIPOLAR BLANCO (KL40190),6341.0,GUSTAVO_ELECT
PR008646,KALOP MOD COMBINAC BIPOLAR BLANCO (KL40180),4180.0,GUSTAVO_ELECT
PR008640,KALOP MOD PUNTOS (DOS)-MEDIOS BLANCO (KL40105),3265.0,GUSTAVO_ELECT
PR008641,KALOP MOD PUNTOS (DOS)-MEDIOS NEGRO (KL40106),3265.0,GUSTAVO_ELECT
PR008642,KALOP MOD COMBINAC (DOS)-MEDIOS BLANCO (KL40120),4078.0,GUSTAVO_ELECT
PR008643,KALOP MOD COMBINAC (DOS)-MEDIOS NEGRO (KL40121),4078.0,GUSTAVO_ELECT
PR009918,KALOP MOD PUNTO TECLON TOTAL BLANCO (KL40123T),1660.0,GUSTAVO_ELECT
PR009919,KALOP MOD PUNTO TECLON TOTAL NEGRO (KL40124T),1660.0,GUSTAVO_ELECT
PR009924,KALOP MOD PUNTO TECLON MEDIO BLANCO (KL40123S),1507.0,GUSTAVO_ELECT
PR009925,KALOP MOD PUNTO TECLON MEDIO NEGRO (KL40124S),1507.0,GUSTAVO_ELECT
PR009920,KALOP MOD COMBINAC TECLON TOTAL BLANCO (KL40126T),2172.0,GUSTAVO_ELECT
PR009921,KALOP MOD COMBINAC TECLON TOTAL NEGRO (KL40127T),2172.0,GUSTAVO_ELECT
PR009926,KALOP MOD COMBINAC TECLON MEDIO BLANCO (KL40126),1870.0,GUSTAVO_ELECT
PR009927,KALOP MOD COMBINAC TECLON MEDIO NEGRO (KL40127),1870.0,GUSTAVO_ELECT
PR009922,KALOP MOD PULSADOR TECLON TOTAL BLANCO (KL40123P),1906.0,GUSTAVO_ELECT
PR009923,KALOP MOD PULSADOR TECLON TOTAL NEGRO (KL40124P),1906.0,GUSTAVO_ELECT
PR008650,KALOP MOD PUNTO TARJETA (KL40195),6656.0,GUSTAVO_ELECT
PR019308-1,KALOP MOD TOMA USB A+C 30W (SOLO MODULO) BLANCO (KS40493),20958.0,GUSTAVO_ELECT
PR019309-1,KALOP MOD TOMA USB A+C 30W (SOLO MODULO) NEGRO (KS40494),20958.0,GUSTAVO_ELECT
PR019310-1,KALOP MOD TOMA 20A FINO BLANCO (OCUPA 1 SOLO MUDULO) (KL40238),1731.0,GUSTAVO_ELECT
PR019311-1,KALOP MOD TOMA 20A FINO NEGRO (OCUPA 1 SOLO MUDULO) (KL40239),1731.0,GUSTAVO_ELECT
PR002114,KALOP MOD TOMA BINORMA BLANCO (KD40245),721.0,GUSTAVO_ELECT
PR002115,KALOP MOD TOMA BINORMA NEGRO (KD40246),889.0,GUSTAVO_ELECT
PR011302-1,KALOP MOD TOMA BINORMA DOBLE BASTIDOR INCORPORADO BLANCO (KD40251),1682.0,GUSTAVO_ELECT
PR011303-1,KALOP MOD TOMA BINORMA DOBLE BASTIDOR INCORPORADO NEGRO (KD40252),2055.0,GUSTAVO_ELECT
PR007219,KALOP MOD TOMA IRAM C/TRABA SEGURIDAD BLANCO (KS40248),1417.0,GUSTAVO_ELECT
PR007220,KALOP MOD TOMA IRAM C/TRABA SEGURIDAD NEGRO (KS40249),1417.0,GUSTAVO_ELECT
PR013856-1,KALOP MOD TOMA IRAM S/SEG BLANCO (KL40245) O (KDN40245),889.0,GUSTAVO_ELECT
PR013857-1,KALOP MOD TOMA IRAM S/SEG NEGRO (KL40246) (O) (KDN40246),889.0,GUSTAVO_ELECT
PR008651,KALOP MOD TOMA IRAM S/SEG ESTABILIZADO ROJO (KL40245E) O (KL40245EN),1280.0,GUSTAVO_ELECT
PR008656,KALOP MOD TOMA IRAM DOBLE C/TRABA SEGURIDAD SIN/BAST BLANCO (KS40255),2325.0,GUSTAVO_ELECT
PR008657,KALOP MOD TOMA IRAM DOBLE C/TRABA SEGURIDAD SIN/BAST NEGRO (KS40256),2325.0,GUSTAVO_ELECT
PR013858-1,KALOP MOD TOMA IRAM DOBLE S/SEG BASTIDOR INCORPORADO BLANCO (KS40251),2055.0,GUSTAVO_ELECT
PR013859-1,KALOP MOD TOMA IRAM DOBLE S/SEG BASTIDOR INCORPORADO NEGRO (KS40252),2055.0,GUSTAVO_ELECT
PR013860-1,KALOP MOD TOMA IRAM DOBLE S/S ESTABILIZ BAST INCORPORAD ROJO (KS40251E,2552.0,GUSTAVO_ELECT
PR006790,KALOP MOD TOMA 20A BLANCO (KL40235),2017.0,GUSTAVO_ELECT
PR006791,KALOP MOD TOMA 20A NEGRO (KL40236),2261.0,GUSTAVO_ELECT
PR011806-1,KALOP MOD TOMA IRAM (1 1/2 MODULOS) BLANCO (KS40266),1358.0,GUSTAVO_ELECT
PR011807-1,KALOP MOD TOMA IRAM (1 1/2 MODULOS) NEGRO (KS40267),1358.0,GUSTAVO_ELECT
PR008652,KALOP MOD TOMA SCHUKO BLANCO (KL40240),2975.0,GUSTAVO_ELECT
PR008653,KALOP MOD TOMA SCHUKO NEGRO (KL40241),2975.0,GUSTAVO_ELECT
PR002116,KALOP MOD TOMA TV-P/FINO BLANCO (KL40291),1188.0,GUSTAVO_ELECT
PR002117,KALOP MOD TOMA TV-P/FINO NEGRO (KL40292),1188.0,GUSTAVO_ELECT
PR010197,KALOP MOD TOMA TV-P/FINO 2 SALIDAS BLANCO (KL40295),3020.0,GUSTAVO_ELECT
PR010198,KALOP MOD TOMA TV-P/FINO 2 SALIDAS NEGRO (KL40296),3020.0,GUSTAVO_ELECT
PR002120,KALOP MOD TOMA TE-RJ11 BLANCO (KL40321),1774.0,GUSTAVO_ELECT
PR002121,KALOP MOD TOMA TE-RJ11 NEGRO (KL40322),1774.0,GUSTAVO_ELECT
PR008658,KALOP MOD TOMA RJ45 BLANCO (KS40339),5028.0,GUSTAVO_ELECT
PR008659,KALOP MOD TOMA RJ45 NEGRO (KS40340),5028.0,GUSTAVO_ELECT
PR012448-1,KALOP MOD TOMA USB DOBLE BLANCO C/BAST (KS40490),11177.0,GUSTAVO_ELECT
PR012449-1,KALOP MOD TOMA USB DOBLE NEGRO C/BAST (KS40491),11177.0,GUSTAVO_ELECT
PR017125-1,KALOP MOD AUTOMATICO PASILLO-ESCALERA APTO LED BLANCO C/BAST (KS40417N,17304.0,GUSTAVO_ELECT
PR017126-1,KALOP MOD AUTOMATICO PASILLO-ESCALERA APTO LED NEGRO C/BAST (KS40418N),17304.0,GUSTAVO_ELECT
PR008668,KALOP MOD INFRARROJO BLANCO APTO/TODA/LAMP C/BAST (KS40552),24824.0,GUSTAVO_ELECT
PR008669,KALOP MOD INFRARROJO NEGRO APTO/TODA/LAM C/BAST (KS40553) (KS40553N),24824.0,GUSTAVO_ELECT
PR017123-1,KALOP MOD DIMER (O) VARIADOR LUZ APTO/LED BLA C/BAS(KS40462N) (KS40465,27139.0,GUSTAVO_ELECT
PR017124-1,KALOP MOD DIMER (O) VARIADOR LUZ APTO/LED NEG C/BAS(KS40463N) (KS40466,27139.0,GUSTAVO_ELECT
PR017121-1,KALOP MOD DIMER (O) VARIADOR VENTILADOR APTO LED BLAN C/BAS (KS40474N),16357.0,GUSTAVO_ELECT
PR017122-1,KALOP MOD DIMER (O) VARIADOR VENTILADOR APTO LED NEGR C/BAS (KS40475N),16357.0,GUSTAVO_ELECT
PR002132,KALOP MOD TAPON CIEGO BLANCO (KD40570),96.0,GUSTAVO_ELECT
PR002133,KALOP MOD TAPON CIEGO NEGRO (KL40571),110.0,GUSTAVO_ELECT
PR008670,KALOP MOD INHIBIDOR-DESTELLOS (KL40208),2880.0,GUSTAVO_ELECT
PR002113,KALOP MOD NEON (KL40201),842.0,GUSTAVO_ELECT
PR013847-1,KALOP PROTECTOR PARA TOMACORRIENTE BLANCO (PACK X 10 UNID) (KS40001),975.0,GUSTAVO_ELECT
PR016159-1,KALOP TOMA MULTIPLE 5T IRAM + 2T USB BLANCO C/LIMITAD CC 1.5M (KS50410,21251.0,GUSTAVO_ELECT
PR009385,KALOP TOMA MULTIPLE 2T M/NORMA BLANCO S/C (KD50290),3179.0,GUSTAVO_ELECT
PR012718-1,KALOP TOMA MULTIPLE 4T M/NORMA BLANCO C/LIMITADOR S/C (KD50150),5900.0,GUSTAVO_ELECT
PR007857,KALOP TOMA MULTIPLE 4T M/NORMA BLANCO C/LIMITADOR C/CAB 1.5M (KD50401),6860.0,GUSTAVO_ELECT
PR011082-1,KALOP TOMA MULTIPLE 4T M/NORMA BLANCO C/LIMITADOR C/CAB 2.5M (KD50402),8431.0,GUSTAVO_ELECT
PR012090-1,KALOP TOMA MULTIPLE 4T M/NORMA BLANCO C/LIMITADOR C/CAB 5M (KD50405),11239.0,GUSTAVO_ELECT
PR009384,KALOP TOMA MULTIPLE 6T M/NORMA BLANCO C/LIMITADOR C/CAB 1.5M (KD50408),8533.0,GUSTAVO_ELECT
PR013691-1,KALOP TOMA MULTIPLE 6T IRAM LILA C/LIMITADOR C/CAB 1.5M (KS50471),10117.0,GUSTAVO_ELECT
PR013692-1,KALOP TOMA MULTIPLE 6T IRAM VERDE C/LIMITADOR C/CAB 1.5M (KS50474),10117.0,GUSTAVO_ELECT
PR013693-1,KALOP TOMA MULTIPLE 6T IRAM CELESTE C/LIMITADOR C/CAB 1.5M (KS50475),10117.0,GUSTAVO_ELECT
PR013694-1,KALOP TOMA MULTIPLE 6T IRAM ROSA C/LIMITADOR C/CAB 1.5M (KS50476),10117.0,GUSTAVO_ELECT
PR013695-1,KALOP TOMA MULTIPLE 6T IRAM MARFIL C/LIMITADOR C/CAB 1.5M (KS50478),10117.0,GUSTAVO_ELECT
PR013696-1,KALOP TOMA MULTIPLE 6T IRAM GRIS C/LIMITADOR C/CAB 1.5M (KS50479),10117.0,GUSTAVO_ELECT
PR013697-1,KALOP TOMA MULTIPLE 6T IRAM NEGRO C/LIMITADOR C/CAB 1.5M (KS50481),10117.0,GUSTAVO_ELECT
PR013698-1,KALOP TOMA MULTIPLE 6T IRAM NARANJA C/LIMITADOR C/CAB 1.5M (KS50482),10117.0,GUSTAVO_ELECT
PR016287-1,KALOP BASTIDOR CIRCULAR UNIVERSAL 1-MOD PASACABLES (KS40600),1215.0,GUSTAVO_ELECT
PR006695,KALOP BASTIDOR C/TAPA DONNA 3-MOD RECT BLANCO (KL40615),632.0,GUSTAVO_ELECT
PR009383,KALOP BASTIDOR UNIVERSAL 3-MOD RECT (KD40702),388.0,GUSTAVO_ELECT
PR002094,KALOP BASTIDOR CIVIL 1-MOD MIGNON (KL40707),347.0,GUSTAVO_ELECT
PR013846-1,KALOP BASTIDOR UNIVERSAL 6-MOD CUAD (KS40708),1638.0,GUSTAVO_ELECT
PR008694,KALOP BASTIDOR JONICA 6-MOD CUADR (KL40696),1638.0,GUSTAVO_ELECT
PR008671,KALOP BASTIDOR DIN 1-MOD (KL40580),470.0,GUSTAVO_ELECT
PR008672,KALOP BASTIDOR DIN 2-MOD (KL40582),613.0,GUSTAVO_ELECT
PR016994-1,KALOP FOTOCELULA DOM 3 CABLES MAX 1200W (KL95007),5535.0,GUSTAVO_ELECT
PR009360,KALOP FOTOCELULA DOM 4 CABLES MAX 1200W (KL95002),6512.0,GUSTAVO_ELECT
PR009361,KALOP FOTOCELULA H/1000W-C/SENSOR (KL95003),7151.0,GUSTAVO_ELECT
PR017271-1,KALOP CINTA PASACABLE HELICOIDAL ALTA TRACCION 10MTS (KL29510),9317.0,GUSTAVO_ELECT
PR017272-1,KALOP CINTA PASACABLE HELICOIDAL ALTA TRACCION 20MTS (KL29520),13310.0,GUSTAVO_ELECT
PR008706,KALOP CINTA PASACABLE 10-METRO(S) (KL29010) O (KL29310),3009.0,GUSTAVO_ELECT
PR008707,KALOP CINTA PASACABLE 15-METRO(S) (KL29015) O (KL29315),3797.0,GUSTAVO_ELECT
PR008708,KALOP CINTA PASACABLE 20-METRO(S) (KL29020) O (KL29320),4490.0,GUSTAVO_ELECT
PR008710,KALOP CINTA PASACABLE 10-METRO(S) ALMA-ACERO (KL29110) O (KL29110N),5100.0,GUSTAVO_ELECT
PR008711,KALOP CINTA PASACABLE 15-METRO(S) ALMA-ACERO (KL29115) O (KL29115N),6407.0,GUSTAVO_ELECT
PR008712,KALOP CINTA PASACABLE 20-METRO(S) ALMA-ACERO (KL29120) O (KL29120N),8348.0,GUSTAVO_ELECT
PR008713,KALOP CINTA PASACABLE 30-METRO(S) ALMA-ACERO (KL29130) O (KL29130N),11594.0,GUSTAVO_ELECT
PR017273-1,KALOP TAPA ZEN-CONCEPT 3-MOD RECT ROMANTICA (KS41553),2650.0,GUSTAVO_ELECT
PR017274-1,KALOP TAPA ZEN-CONCEPT 3-MOD RECT RETRO (KS41555),2650.0,GUSTAVO_ELECT
PR017275-1,KALOP CONJ-TECLON COMB+TAPA ZEN-CONCEPT 3-MOD RECT ROMANTICA (KS41553T,6206.0,GUSTAVO_ELECT
PR017276-1,KALOP CONJ-TECLON COMB+TAPA ZEN-CONCEPT 3-MOD RECT RETRO (KS41555T),6206.0,GUSTAVO_ELECT
PR019164-1,KALOP TAPA ZEN-BASIC 1-MOD MIGNON NEGRO (KS41506),612.0,GUSTAVO_ELECT
PR019165-1,KALOP TAPA ZEN-METAL 3-MOD RECT NEGRO MATE (KS41534),2546.0,GUSTAVO_ELECT
PR009880,KALOP TAPA ZEN-BASIC 3-MOD RECT BLANCO (KS41510),512.0,GUSTAVO_ELECT
PR009881,KALOP TAPA ZEN-BASIC 3-MOD RECT NEGRO (KS41511),625.0,GUSTAVO_ELECT
PR011788-1,KALOP TAPA ZEN-BASIC 1-MOD MIGNON BLANCO (KS41505),612.0,GUSTAVO_ELECT
PR013850-1,KALOP TAPA ZEN-BASIC 6-MOD CUAD BLANCO (KS41590),1235.0,GUSTAVO_ELECT
PR013851-1,KALOP TAPA ZEN-BASIC 6-MOD CUAD NEGRO (KS41591),1235.0,GUSTAVO_ELECT
PR009888,KALOP TAPA ZEN-COLORS 3-MOD RECT CARAMELO (KS41542),2424.0,GUSTAVO_ELECT
PR009887,KALOP TAPA ZEN-COLORS 3-MOD RECT CELESTE (KS41541),2424.0,GUSTAVO_ELECT
PR009893,KALOP TAPA ZEN-COLORS 3-MOD RECT GRIS (KS41547),2424.0,GUSTAVO_ELECT
PR009890,KALOP TAPA ZEN-COLORS 3-MOD RECT NARANJA (KS41544),2424.0,GUSTAVO_ELECT
PR009892,KALOP TAPA ZEN-COLORS 3-MOD RECT ROSA (KS41546),2424.0,GUSTAVO_ELECT
PR009885,KALOP TAPA ZEN-METAL 3-MOD RECT BRONCE (KS41533),2546.0,GUSTAVO_ELECT
PR009883,KALOP TAPA ZEN-METAL 3-MOD RECT HIERRO (KS41531),2546.0,GUSTAVO_ELECT
PR009884,KALOP TAPA ZEN-METAL 3-MOD RECT ORO (KS41532),2546.0,GUSTAVO_ELECT
PR009882,KALOP TAPA ZEN-METAL 3-MOD RECT PLATA (KS41530),2546.0,GUSTAVO_ELECT
PR013852-1,KALOP TAPA ZEN-METAL 6-MOD CUAD PLATA (KS41520),4123.0,GUSTAVO_ELECT
PR013853-1,KALOP TAPA ZEN-METAL 6-MOD CUAD HIERRO (KS41521),4123.0,GUSTAVO_ELECT
PR013854-1,KALOP TAPA ZEN-METAL 6-MOD CUAD ORO (KS41522),4123.0,GUSTAVO_ELECT
PR013855-1,KALOP TAPA ZEN-METAL 6-MOD CUAD BRONCE (KS41523),4123.0,GUSTAVO_ELECT
PR011789-1,KALOP TAPA ZEN-CONCEPT 3-MOD RECT BRICKS (KS41582),2650.0,GUSTAVO_ELECT
PR011790-1,KALOP TAPA ZEN-CONCEPT 3-MOD RECT CIRCLE (KS41585),2650.0,GUSTAVO_ELECT
PR011791-1,KALOP TAPA ZEN-CONCEPT 3-MOD RECT COCTEL (KS41583),2650.0,GUSTAVO_ELECT
PR011792-1,KALOP TAPA ZEN-CONCEPT 3-MOD RECT LETRAS (KS41584),2650.0,GUSTAVO_ELECT
PR011793-1,KALOP TAPA ZEN-CONCEPT 3-MOD RECT MADERA (KS41580),2650.0,GUSTAVO_ELECT
PR011794-1,KALOP TAPA ZEN-CONCEPT 3-MOD RECT MANDALA (KS41581),2650.0,GUSTAVO_ELECT
PR011795-1,KALOP TAPA ZEN-CONCEPT 3-MOD RECT PINCELADAS (KS41588),2650.0,GUSTAVO_ELECT
PR011796-1,KALOP TAPA ZEN-CONCEPT 3-MOD RECT RUSTICA (KS41587),2650.0,GUSTAVO_ELECT
PR014495-1,KALOP TAPA ZEN-CONCEPT 3-MOD RECT MADERA H1 (KL41600),2650.0,GUSTAVO_ELECT
PR014496-1,KALOP TAPA ZEN-CONCEPT 3-MOD RECT MADERA R1 (KL41601),2650.0,GUSTAVO_ELECT
PR014497-1,KALOP TAPA ZEN-CONCEPT 3-MOD RECT MADERA N1 (KL41602),2650.0,GUSTAVO_ELECT
PR014498-1,KALOP TAPA ZEN-CONCEPT 3-MOD RECT MADERA A1 (KL41603),2650.0,GUSTAVO_ELECT
PR014499-1,KALOP TAPA ZEN-CONCEPT 3-MOD RECT EIFFEL (KL41605),2650.0,GUSTAVO_ELECT
PR014500-1,KALOP TAPA ZEN-CONCEPT 3-MOD RECT GIRLS (KL41606),2650.0,GUSTAVO_ELECT
PR014501-1,KALOP TAPA ZEN-CONCEPT 3-MOD RECT COMIC (KL41607),2650.0,GUSTAVO_ELECT
PR014502-1,KALOP TAPA ZEN-CONCEPT 3-MOD RECT SAIL (KL41608),2650.0,GUSTAVO_ELECT
PR011797-1,KALOP CONJ-TECLON COMB+TAPA ZEN-CONCEPT 3-MOD RECT BRICKS (KS41582T),6206.0,GUSTAVO_ELECT
PR011798-1,KALOP CONJ-TECLON COMB+TAPA ZEN-CONCEPT 3-MOD RECT CIRCLE (KS41585T),6206.0,GUSTAVO_ELECT
PR011799-1,KALOP CONJ-TECLON COMB+TAPA ZEN-CONCEPT 3-MOD RECT COCTEL (KS41583T),6206.0,GUSTAVO_ELECT
PR011800-1,KALOP CONJ-TECLON COMB+TAPA ZEN-CONCEPT 3-MOD RECT LETRAS (KS41584T),6206.0,GUSTAVO_ELECT
PR011801-1,KALOP CONJ-TECLON COMB+TAPA ZEN-CONCEPT 3-MOD RECT MADERA (KS41580T),6206.0,GUSTAVO_ELECT
PR011802-1,KALOP CONJ-TECLON COMB+TAPA ZEN-CONCEPT 3-MOD RECT FASHION (KS41586T),6206.0,GUSTAVO_ELECT
PR011803-1,KALOP CONJ-TECLON COMB+TAPA ZEN-CONCEPT 3-MOD RECT MANDALA (KS41581T),6206.0,GUSTAVO_ELECT
PR011804-1,KALOP CONJ-TECLON COMB+TAPA ZEN-CONCEPT 3-MOD RECT PINCELADAS(KS41588T,6206.0,GUSTAVO_ELECT
PR011805-1,KALOP CONJ-TECLON COMB+TAPA ZEN-CONCEPT 3-MOD RECT RUSTICA (KS41587T),6206.0,GUSTAVO_ELECT
PR014503-1,KALOP CONJ-TECLON COMB+TAPA ZEN-CONCEPT 3-M MADE-H1 (KL41600T),6206.0,GUSTAVO_ELECT
PR014504-1,KALOP CONJ-TECLON COMB+TAPA ZEN-CONCEPT 3-M MADE-R1 (KL41601T),6206.0,GUSTAVO_ELECT
PR014505-1,KALOP CONJ-TECLON COMB+TAPA ZEN-CONCEPT 3-M MADE-N1 (KL41602T),6206.0,GUSTAVO_ELECT
PR014506-1,KALOP CONJ-TECLON COMB+TAPA ZEN-CONCEPT 3-M MADE-A1 (KL41603T),6206.0,GUSTAVO_ELECT
PR014507-1,KALOP CONJ-TECLON COMB+TAPA ZEN-CONCEPT 3-M EIFFEL (KL41605T),6206.0,GUSTAVO_ELECT
PR014509-1,KALOP CONJ-TECLON COMB+TAPA ZEN-CONCEPT 3-M COMIC (KL41607T),6206.0,GUSTAVO_ELECT
PR014510-1,KALOP CONJ-TECLON COMB+TAPA ZEN-CONCEPT 3-M SAIL (KL41608T),6206.0,GUSTAVO_ELECT
PR016003-1,KALOP CONJ-TECLON COMB+TAPA ZEN-CONCEPT 3-MOD RECT WOW (KL41620T),6206.0,GUSTAVO_ELECT
PR016004-1,KALOP CONJ-TECLON COMB+TAPA ZEN-CONCEPT 3-MOD RECT LOVE (KL41621T),6206.0,GUSTAVO_ELECT
PR016005-1,KALOP CONJ-TECLON COMB+TAPA ZEN-CONCEPT 3-MOD RECT WASH (KL41622T),6206.0,GUSTAVO_ELECT
PR016006-1,KALOP CONJ-TECLON COMB+TAPA ZEN-CONCEPT 3-MOD RECT COFFEE (KL41623T),6206.0,GUSTAVO_ELECT
PR016007-1,KALOP CONJ-TECLON COMB+TAPA ZEN-CONCEPT 3-MOD RECT ROCK (KL41624T),6206.0,GUSTAVO_ELECT
PR016008-1,KALOP CONJ-TECLON COMB+TAPA ZEN-CONCEPT 3-MOD RECT BILDING (KL41625T),6206.0,GUSTAVO_ELECT
PR016009-1,KALOP CONJ-TECLON COMB+TAPA ZEN-CONCEPT 3-MOD RECT LADY (KL41626T),6206.0,GUSTAVO_ELECT
PR016010-1,KALOP CONJ-TECLON COMB+TAPA ZEN-CONCEPT 3-MOD RECT PICTUR (KL41627T),6206.0,GUSTAVO_ELECT
PR016011-1,KALOP CONJ-TECLON COMB+TAPA ZEN-CONCEPT 3-MOD RECT BIGBEN (KL41628T),6206.0,GUSTAVO_ELECT
PR016012-1,KALOP CONJ-TECLON COMB+TAPA ZEN-CONCEPT 3-MOD RECT STREET (KL41629T),6206.0,GUSTAVO_ELECT
PR014508-1,KALOP CONJ-TECLON COMB+TAPA ZEN-CONCEPT 3-M GIRLS (KL41606T),6206.0,GUSTAVO_ELECT
PR017326-1,KALOP EXTERIOR TEKNA TOMA 20AMP (UNO) (KS39660),1543.0,GUSTAVO_ELECT
PR007419,KALOP EXTERIOR TEKNA PUNTO (UNO) (KS39650),896.0,GUSTAVO_ELECT
PR007420,KALOP EXTERIOR TEKNA PUNTOS (DOS) (KS39651),1556.0,GUSTAVO_ELECT
PR007425,KALOP EXTERIOR TEKNA COMBINAC (UNO) (KS39658),1016.0,GUSTAVO_ELECT
PR007424,KALOP EXTERIOR TEKNA PULSADOR (UNO) (KS39657),874.0,GUSTAVO_ELECT
PR007423,KALOP EXTERIOR TEKNA PUNTO (UNO) Y TOMA (UNO) (KL39654),1773.0,GUSTAVO_ELECT
PR007421,KALOP EXTERIOR TEKNA TOMA (UNO) (KL39652),1077.0,GUSTAVO_ELECT
PR007422,KALOP EXTERIOR TEKNA TOMAS (DOS) (KL39653),1971.0,GUSTAVO_ELECT
PR009877,KALOP EXTERIOR TEKNA TOMA-TV-P/F (UNO) BLANCO (KS39655),1089.0,GUSTAVO_ELECT
PR009878,KALOP EXTERIOR TEKNA TOMA-TE-RJ11 (UNO) BLANCO (KS39656),1519.0,GUSTAVO_ELECT
PR009879,KALOP EXTERIOR TEKNA TOMA-RJ45 (UNO) BLANCO (KS39659),3552.0,GUSTAVO_ELECT
PR009452,KALOP BASE 20A BLANCO (KS39076),2310.0,GUSTAVO_ELECT
PR018588-1,KALOP CAJA PVC EMB RECTANGULAR (KD02100),363.0,GUSTAVO_ELECT
PR018589-1,KALOP CAJA PVC EMB OCTOGONAL CHICA (KD02104),336.0,GUSTAVO_ELECT
PR018590-1,KALOP CAJA PVC EMB MIGNON (KD02103),333.0,GUSTAVO_ELECT
PR018591-1,KALOP CAJA PVC EMB OCTOGONAL GRANDE (KD02105),641.0,GUSTAVO_ELECT
PR018592-1,KALOP CAJA PVC EMB CUADRADA 10X10 (KD02102),824.0,GUSTAVO_ELECT
PR018593-1,KALOP TAPA CIEGA PVC A TORNILLO RECTANGULAR (KD02120),277.0,GUSTAVO_ELECT
PR018594-1,KALOP TAPA CIEGA PVC A TORNILLO OCTOGONAL CHICA (KD02124),277.0,GUSTAVO_ELECT
PR018595-1,KALOP TAPA CIEGA PVC A TORNILLO MIGNON (KD02123),271.0,GUSTAVO_ELECT
PR018596-1,KALOP TAPA CIEGA PVC A TORNILLO OCTOGONAL GRANDE (KD02125),428.0,GUSTAVO_ELECT
PR018597-1,KALOP TAPA CIEGA PVC A TORNILLO CUADRADA 10X10 (KD02122),556.0,GUSTAVO_ELECT
PR019312-1,KALOP CAJA PVC EMB CONSTRUCCION EN SECO RECTANGULAR (KD02110),435.0,GUSTAVO_ELECT
PR019313-1,KALOP CAJA PVC EMB CONSTRUCCION EN SECO OCTOGONAL CHICA (KD02114),403.0,GUSTAVO_ELECT
PR019314-1,KALOP CAJA PVC EMB CONSTRUCCION EN SECO MIGNON (KD02113),400.0,GUSTAVO_ELECT
PR019315-1,KALOP CAJA PVC EMB CONSTRUCCION EN SECO OCTOGONAL GRANDE (KD02115),769.0,GUSTAVO_ELECT
PR019316-1,KALOP CAJA PVC EMB CONSTRUCCION EN SECO CUADRADA 10X10 (KD02112),988.0,GUSTAVO_ELECT
PR019317-1,KALOP CAJA PASO PVC SUP OCTOGONAL GRANDE C/TAPA Y AGUJEROS (KD02301),908.0,GUSTAVO_ELECT
PR019318-1,KALOP CAJA PASO PVC SUP OCTOGONAL GRANDE C/TAPA SIN AGUJEROS (KD02306),641.0,GUSTAVO_ELECT
PR019153-1,KALOP CAJA SIGMA PARA BASTIDOR 5X10 GRIS (KL42513),1899.0,GUSTAVO_ELECT
PR019154-1,KALOP CAJA SIGMA PARA BASTIDOR 5X5 GRIS (KL42503),1397.0,GUSTAVO_ELECT
PR008716,KALOP CAJA SIGMA IP40 1-MOD GRIS (KL42003),1880.0,GUSTAVO_ELECT
PR008717,KALOP CAJA SIGMA IP40 2-MOD GRIS (KL42013),1880.0,GUSTAVO_ELECT
PR008718,KALOP CAJA SIGMA IP40 4-MOD GRIS (KL42023),2500.0,GUSTAVO_ELECT
PR012640-1,KALOP CAJA SIGMA IP40 CIEGA RECTANGULAR GRIS (KL42113),2451.0,GUSTAVO_ELECT
PR012641-1,KALOP CAJA SIGMA IP40 CIEGA CUADRADA GRIS (KL42103),1881.0,GUSTAVO_ELECT
PR008719,KALOP CAJA SIGMA IP55 2-MOD GRIS-MEMBRANA (KL42213),3807.0,GUSTAVO_ELECT
PR012642-1,KALOP CAJA SIGMA IP55 2-MOD GRIS (KL42313),3807.0,GUSTAVO_ELECT
PR012643-1,KALOP CAJA SIGMA IP55 CIEGA CUADRADA GRIS (KL42353),2358.0,GUSTAVO_ELECT
PR012450-1,KALOP CAJA SIGMA IP55 3-MOD C/TAPA ESTANCA (KL42413),4187.0,GUSTAVO_ELECT
PR012451-1,KALOP TAPA SIGMA IP55 3-MOD ESTANCA (KL42403),3076.0,GUSTAVO_ELECT
PR016528-1,KALOP CAJA CABLECANAL MINI MARRON (KL02474M),818.0,GUSTAVO_ELECT
PR007061,KALOP CAJA CABLECANAL MAXI BLANCO (KL02475),1084.0,GUSTAVO_ELECT
PR007062,KALOP CAJA CABLECANAL MINI BLANCO (KL02474),853.0,GUSTAVO_ELECT
PR005548,KALOP CAJA TERMICA 2-MOD EXTERIOR SIN-PUERTA (KL02472),1436.0,GUSTAVO_ELECT
PR005549,KALOP CAJA TERMICA 4-MOD EXTERIOR SIN-PUERTA (KL02473),1850.0,GUSTAVO_ELECT
PR009258,KALOP CAJA TERMICA 6-MOD EXTERIOR SIN-PUERTA (KL02476),2155.0,GUSTAVO_ELECT
PR009259,KALOP CAJA TERMICA 2-MOD EXTERIOR CON-PUERTA (KL02472T),2028.0,GUSTAVO_ELECT
PR009260,KALOP CAJA TERMICA 4-MOD EXTERIOR CON-PUERTA (KL02473T),2600.0,GUSTAVO_ELECT
PR009261,KALOP CAJA TERMICA 6-MOD EXTERIOR CON-PUERTA (KL02476T),3117.0,GUSTAVO_ELECT
PR019166-1,KALOP FICHA 2P CHATOS MACHO VELADOR SALIDA LATERAL BLANCO (KL44173),483.0,GUSTAVO_ELECT
PR019167-1,KALOP FICHA 2P CHATOS MACHO VELADOR SALIDA LATERAL NEGRO (KL44174),483.0,GUSTAVO_ELECT
PR019168-1,KALOP FICHA HEAVY DUTY 3P MACHO BLANCO (KD44223),885.0,GUSTAVO_ELECT
PR019169-1,KALOP FICHA HEAVY DUTY 3P MACHO NEGRO (KD44222),885.0,GUSTAVO_ELECT
PR019170-1,KALOP FICHA HEAVY DUTY 3P MACHO AZUL (KD44221),885.0,GUSTAVO_ELECT
PR019171-1,KALOP FICHA HEAVY DUTY 3P HEMBRA BLANCO (KD44233),934.0,GUSTAVO_ELECT
PR019172-1,KALOP FICHA HEAVY DUTY 3P HEMBRA NEGRO (KD44232),934.0,GUSTAVO_ELECT
PR019173-1,KALOP FICHA HEAVY DUTY 3P HEMBRA AZUL (KD44231),934.0,GUSTAVO_ELECT
PR000965,KALOP FICHA ADAPTADOR 2A3 (KL44930),889.0,GUSTAVO_ELECT
PR000964,KALOP FICHA ADAPTADOR 3A2 (KD44920),1028.0,GUSTAVO_ELECT
PR003610,KALOP FICHA K3 3P MACHO BLANCO (KD44211),667.0,GUSTAVO_ELECT
PR003611,KALOP FICHA K3 3P MACHO NEGRO (KD44213),667.0,GUSTAVO_ELECT
PR003612,KALOP FICHA K3 3P HEMBRA BLANCO (KD44251),737.0,GUSTAVO_ELECT
PR003613,KALOP FICHA K3 3P HEMBRA NEGRO (KD44253),737.0,GUSTAVO_ELECT
PR015881-1,KALOP FICHA 3P CHATOS MACHO SALIDA LATERAL GIRATORIA BLANCO (KD44163),837.0,GUSTAVO_ELECT
PR015882-1,KALOP FICHA 3P CHATOS MACHO SALIDA LATERAL GIRATORIA NEGRO (KD44164),837.0,GUSTAVO_ELECT
PR015883-1,KALOP FICHA 3P CHATOS HEMBRA SALIDA LATERAL BLANCO (KDN44183),746.0,GUSTAVO_ELECT
PR015884-1,KALOP FICHA 3P CHATOS HEMBRA SALIDA LATERAL NEGRO (KDN44184),746.0,GUSTAVO_ELECT
PR009451,KALOP FICHA 20A 3P MACHO BLANCO (KS44620),2282.0,GUSTAVO_ELECT
PR000968,KALOP FICHA ALTOCONSUMO 3P MACHO (KS44601),1881.0,GUSTAVO_ELECT
PR000969,KALOP FICHA ALTOCONSUMO 3P HEMBRA (KD44610),2213.0,GUSTAVO_ELECT
PR002063,KALOP TAPA JONICA 3-MOD RECT BLANCO (KS40815),697.0,GUSTAVO_ELECT
PR002065,KALOP TAPA JONICA 3-MOD RECT CHAMPAGNE (KS40821),4894.0,GUSTAVO_ELECT
PR002134,KALOP TAPA JONICA 3-MOD RECT GOLD (KS40825),4894.0,GUSTAVO_ELECT
PR002064,KALOP TAPA JONICA 3-MOD RECT GRAFITO (KS40816),697.0,GUSTAVO_ELECT
PR002068,KALOP TAPA JONICA 3-MOD RECT GRIS-MANCHESTER (KS40824),4894.0,GUSTAVO_ELECT
PR002067,KALOP TAPA JONICA 3-MOD RECT GRIS-TITANIO (KS40823),4894.0,GUSTAVO_ELECT
PR002066,KALOP TAPA JONICA 3-MOD RECT ROJO-MUNICH (KS40822),4894.0,GUSTAVO_ELECT
PR002137,KALOP TAPA JONICA 1M MIGNON GOLD (KS40885) (OUTLET),47.0,GUSTAVO_ELECT
PR002082,KALOP TAPA JONICA 1M MIGNON GRAFITO (KS40876) (OUTLET),47.0,GUSTAVO_ELECT
PR002086,KALOP TAPA JONICA 1M MIGNON GRIS-M (KS40884) (OUTLET),47.0,GUSTAVO_ELECT
PR002084,KALOP TAPA JONICA 1M MIGNON ROJO-M (KS40882) (OUTLET),47.0,GUSTAVO_ELECT
PR008680,KALOP TAPA JONICA 6M CUAD BLANCO (KS40980),1139.0,GUSTAVO_ELECT
PR008683,KALOP TAPA JONICA 6M CUAD CHAMPAGNE (KS40986) (OUTLET),60.0,GUSTAVO_ELECT
PR008687,KALOP TAPA JONICA 6M CUAD GOLD (KS40990) (OUTLET),60.0,GUSTAVO_ELECT
PR008685,KALOP TAPA JONICA 6M CUAD GRIS-T (KS40988) (OUTLET),60.0,GUSTAVO_ELECT
PR008681,KALOP TAPA JONICA 6M CUAD NEGRO (KS40981) (OUTLET),60.0,GUSTAVO_ELECT
PR002091,KALOP MARCO JONICA 3-MOD BLANCO (KL40905),175.0,GUSTAVO_ELECT
PR002092,KALOP MARCO JONICA 3-MOD NEGRO (KL40906),175.0,GUSTAVO_ELECT
PR002087,KALOP MARCO JONICA 1M BLANCO (KL40895) (OUTLET),13.0,GUSTAVO_ELECT
PR002088,KALOP MARCO JONICA 1M NEGRO (KL40896) (OUTLET),13.0,GUSTAVO_ELECT
PR008692,KALOP MARCO JONICA 6-MOD BLANCO (KL40910),750.0,GUSTAVO_ELECT
PR008693,KALOP MARCO JONICA 6M NEGRO (KL40911) (OUTLET),26.0,GUSTAVO_ELECT
PR016219-1,KALOP CABLECANAL CON-ADHESIVO 27X30 BLANCO MTS (KL04062),1293.0,GUSTAVO_ELECT
PR016220-1,KALOP CABLECANAL CON-ADHESIVO 30X10 BLANCO MTS (KL04251),1070.0,GUSTAVO_ELECT
PR007710,KALOP CABLECANAL CON-ADHESIVO 14X7 BLANCO MTS (KL04002),349.0,GUSTAVO_ELECT
PR007711,KALOP CABLECANAL CON-ADHESIVO 20X10 BLANCO MTS (KL04033),460.0,GUSTAVO_ELECT
PR009276,KALOP CABLECANAL CON-ADHESIVO 20X10 MADERA MTS (KL04031M),612.0,GUSTAVO_ELECT
PR009462,KALOP CABLECANAL CON-ADHESIVO 18X21 BLANCO MTS (KL04181),785.0,GUSTAVO_ELECT
PR009463,KALOP CABLECANAL SIN-ADHESIVO 40X16 BLANCO MTS (KL04090),1104.0,GUSTAVO_ELECT
PR009501,KALOP CABLECANAL SIN-ADHESIVO 40X30 BLANCO MTS (KL04280),1483.0,GUSTAVO_ELECT
PR014485-1,KALOP CABLECANAL SIN ADHESIVO 100X50 BLANCO MTS (KL04500),5482.0,GUSTAVO_ELECT
PR015203-1,KALOP CABLECANAL PISO SIN-ADHESIVO 48X13 MTS (KL04530G),2207.0,GUSTAVO_ELECT
PR015204-1,KALOP CABLECANAL PISO SIN-ADHESIVO 75X17 MTS (KL04560G),4106.0,GUSTAVO_ELECT
PR018586-1,KALOP CABLECANAL SIN ADHESIVO 60X40 BLANCO MTS (KL04300),2840.0,GUSTAVO_ELECT
PR018587-1,KALOP CABLECANAL SIN ADHESIVO 70X50 BLANCO MTS (KL04310),3769.0,GUSTAVO_ELECT
PR016221-1,KALOP ACCES-CC CODO 90G 27X30 BLANCO (KL04070),496.0,GUSTAVO_ELECT
PR016222-1,KALOP ACCES-CC CODO INTERNO 27X30 BLANCO (KL04072),496.0,GUSTAVO_ELECT
PR016223-1,KALOP ACCES-CC CODO EXTERNO 27X30 BLANCO (KL04071),496.0,GUSTAVO_ELECT
PR016224-1,KALOP ACCES-CC UNION RECTA 27X30 BLANCO (KL04075),496.0,GUSTAVO_ELECT
PR016225-1,KALOP ACCES-CC UNION TE 27X30 BLANCO (KL04074),496.0,GUSTAVO_ELECT
PR016226-1,KALOP ACCES-CC TERMINAL 27X30 BLANCO (KL04073),496.0,GUSTAVO_ELECT
PR016227-1,KALOP ACCES-CC CODO 90G 30X10 BLANCO (KL04260),284.0,GUSTAVO_ELECT
PR016228-1,KALOP ACCES-CC CODO INTERNO 30X10 BLANCO (KL04262),284.0,GUSTAVO_ELECT
PR016229-1,KALOP ACCES-CC CODO EXTERNO 30X10 BLANCO (KL04261),284.0,GUSTAVO_ELECT
PR016230-1,KALOP ACCES-CC UNION RECTA 30X10 BLANCO (KL04265),284.0,GUSTAVO_ELECT
PR016231-1,KALOP ACCES-CC UNION TE 30X10 BLANCO (KL04264),284.0,GUSTAVO_ELECT
PR016232-1,KALOP ACCES-CC TERMINAL 30X10 BLANCO (KL04263),284.0,GUSTAVO_ELECT
PR009477,KALOP ACCES-CC CODO 90G 14X7 BLANCO (KL04010),113.0,GUSTAVO_ELECT
PR009478,KALOP ACCES-CC CODO INTERNO 14X7 BLANCO (KL04012),113.0,GUSTAVO_ELECT
PR009479,KALOP ACCES-CC CODO EXTERNO 14X7 BLANCO (KL04011),113.0,GUSTAVO_ELECT
PR009480,KALOP ACCES-CC UNION RECTA 14X7 BLANCO (KL04015),113.0,GUSTAVO_ELECT
PR009481,KALOP ACCES-CC UNION TE 14X7 BLANCO (KL04014),113.0,GUSTAVO_ELECT
PR009482,KALOP ACCES-CC TERMINAL 14X7 BLANCO (KL04013),113.0,GUSTAVO_ELECT
PR009483,KALOP ACCES-CC CODO 90G 20X10 BLANCO (KL04040),189.0,GUSTAVO_ELECT
PR009484,KALOP ACCES-CC CODO INTERNO 20X10 BLANCO (KL04042),189.0,GUSTAVO_ELECT
PR009485,KALOP ACCES-CC CODO EXTERNO 20X10 BLANCO (KL04041),189.0,GUSTAVO_ELECT
PR009486,KALOP ACCES-CC UNION RECTA 20X10 BLANCO (KL04045),189.0,GUSTAVO_ELECT
PR009487,KALOP ACCES-CC UNION TE 20X10 BLANCO (KL04044),189.0,GUSTAVO_ELECT
PR009488,KALOP ACCES-CC TERMINAL 20X10 BLANCO (KL04043),189.0,GUSTAVO_ELECT
PR009928,KALOP ACCES-CC CODO 90G 20X10 MADERA (KL04040M),222.0,GUSTAVO_ELECT
PR009929,KALOP ACCES-CC CODO INTERNO 20X10 MADERA (KL04042M),222.0,GUSTAVO_ELECT
PR009930,KALOP ACCES-CC CODO EXTERNO 20X10 MADERA (KL04041M),222.0,GUSTAVO_ELECT
PR009931,KALOP ACCES-CC UNION RECTA 20X10 MADERA (KL04045M),222.0,GUSTAVO_ELECT
PR009932,KALOP ACCES-CC UNION TE 20X10 MADERA (KL04044M),222.0,GUSTAVO_ELECT
PR009933,KALOP ACCES-CC TERMINAL 20X10 MADERA (KL04043M),222.0,GUSTAVO_ELECT
PR009489,KALOP ACCES-CC CODO 90G 18X21 BLANCO (KL04196),238.0,GUSTAVO_ELECT
PR009490,KALOP ACCES-CC CODO INTERNO 18X21 BLANCO (KL04198),238.0,GUSTAVO_ELECT
PR009491,KALOP ACCES-CC CODO EXTERNO 18X21 BLANCO (KL04197),238.0,GUSTAVO_ELECT
PR009492,KALOP ACCES-CC UNION RECTA 18X21 BLANCO (KL04201),238.0,GUSTAVO_ELECT
PR009493,KALOP ACCES-CC UNION TE 18X21 BLANCO (KL04200),238.0,GUSTAVO_ELECT
PR009494,KALOP ACCES-CC TERMINAL 18X21 BLANCO (KL04199),238.0,GUSTAVO_ELECT
PR009453,KALOP ACCES-CC CODO 90G 40X16 BLANCO (KL04100),480.0,GUSTAVO_ELECT
PR009454,KALOP ACCES-CC CODO INTERNO 40X16 BLANCO (KL04105),480.0,GUSTAVO_ELECT
PR009455,KALOP ACCES-CC CODO EXTERNO 40X16 BLANCO (KL04101),480.0,GUSTAVO_ELECT
PR009456,KALOP ACCES-CC UNION RECTA 40X16 BLANCO (KL04102),480.0,GUSTAVO_ELECT
PR009457,KALOP ACCES-CC UNION TE 40X16 BLANCO (KL04103),480.0,GUSTAVO_ELECT
PR009458,KALOP ACCES-CC TERMINAL 40X16 BLANCO (KL04104),480.0,GUSTAVO_ELECT
PR009495,KALOP ACCES-CC CODO 90G 40X30 BLANCO (KL04290),781.0,GUSTAVO_ELECT
PR009496,KALOP ACCES-CC CODO INTERNO 40X30 BLANCO (KL04292),781.0,GUSTAVO_ELECT
PR009497,KALOP ACCES-CC CODO EXTERNO 40X30 BLANCO (KL04291),781.0,GUSTAVO_ELECT
PR009498,KALOP ACCES-CC UNION RECTA 40X30 BLANCO (KL04295),781.0,GUSTAVO_ELECT
PR009499,KALOP ACCES-CC UNION TE 40X30 BLANCO (KL04294),781.0,GUSTAVO_ELECT
PR009500,KALOP ACCES-CC TERMINAL 40X30 BLANCO (KL04293),781.0,GUSTAVO_ELECT
PR014488-1,KALOP ACCES-CC CODO 90G 100X50 BLANCO (KL04510),1990.0,GUSTAVO_ELECT
PR014489-1,KALOP ACCES-CC CODO INTERNO 100X50 BLANCO (KL04512),1762.0,GUSTAVO_ELECT
PR014490-1,KALOP ACCES-CC CODO EXTERNO 100X50 BLANCO (KL04511),2067.0,GUSTAVO_ELECT
PR014491-1,KALOP ACCES-CC UNION RECTA 100X50 BLANCO (KL04515),1223.0,GUSTAVO_ELECT
PR014492-1,KALOP ACCES-CC UNION TE 100X50 BLANCO (KL04514),2145.0,GUSTAVO_ELECT
PR014493-1,KALOP ACCES-CC TERMINAL 100X50 BLANCO (KL04513),1429.0,GUSTAVO_ELECT
PR014486-1,KALOP ACCES-CC PORTABASTIDOR P/CC 100X50 BL (KL04517),2060.0,GUSTAVO_ELECT
PR014487-1,KALOP ACCES-CC TABIQUE SEPARADOR P/CC 100X50 MTS (KL04516),791.0,GUSTAVO_ELECT
PR011063-1,KALOP TAPA LUMINIC-BLOCK 3-MOD RECT BLANCO (KS41568),3222.0,GUSTAVO_ELECT
PR009904,KALOP TAPA LUMINIC-BLOCK 3-MOD RECT CARAMELO (KS41562),3222.0,GUSTAVO_ELECT
PR009903,KALOP TAPA LUMINIC-BLOCK 3-MOD RECT CELESTE (KS41561),3222.0,GUSTAVO_ELECT
PR009909,KALOP TAPA LUMINIC-BLOCK 3-MOD RECT GRIS (KS41567),3222.0,GUSTAVO_ELECT
PR009906,KALOP TAPA LUMINIC-BLOCK 3-MOD RECT NARANJA (KS41564),3222.0,GUSTAVO_ELECT
PR009908,KALOP TAPA LUMINIC-BLOCK 3-MOD RECT ROSA (KS41566),3222.0,GUSTAVO_ELECT
PR000930,KALOP GRAMPA N-5 (KL06001),2257.0,GUSTAVO_ELECT
PR000931,KALOP GRAMPA N-8 (KL06002),2369.0,GUSTAVO_ELECT
PR000932,KALOP GRAMPA N-10 (KL06003),1652.0,GUSTAVO_ELECT
PR000933,KALOP GRAMPA N-12 (KL06004),1247.0,GUSTAVO_ELECT
PR000934,KALOP GRAMPA N-15 (KL06005),1287.0,GUSTAVO_ELECT
PR000935,KALOP GRAMPA N-16 (KL06006),1349.0,GUSTAVO_ELECT
PR000939,KALOP GRAMPA C6-RG59 NEGRO (KL06010),1586.0,GUSTAVO_ELECT
PR000940,KALOP GRAMPA C6-RG59 BLANCO (KL06011),1586.0,GUSTAVO_ELECT
PR007069,KALOP GRAMPA C8-RG6 NEGRO (KL06012),1674.0,GUSTAVO_ELECT
PR014579-1,KALOP GRAMPA C8-RG6 BLANCO (KL06012),1674.0,GUSTAVO_ELECT
PR001029,KALOP CAPSULADO EXTERIOR 16A AZUL (KL48880),2283.0,GUSTAVO_ELECT
PR001030,KALOP CAPSULADO EXTERIOR 32A AZUL (KL48881),2715.0,GUSTAVO_ELECT
PR001031,KALOP CAPSULADO EMBUTIR 16A AZUL (KL48885),2283.0,GUSTAVO_ELECT
PR001032,KALOP CAPSULADO EMBUTIR 32A AZUL (KL48886),2715.0,GUSTAVO_ELECT
PR000991,KALOP CAPSULADO EXTERIOR PUNTO AZUL (KL48202),4571.0,GUSTAVO_ELECT
PR000990,KALOP CAPSULADO EXTERIOR TOMA AZUL (KL48201),3556.0,GUSTAVO_ELECT
PR001036,KALOP SOPORTE CAPSULADO PUNTO (UNO) (KL48252),2288.0,GUSTAVO_ELECT
PR001035,KALOP SOPORTE CAPSULADO TOMA (UNO) (KD48251),1273.0,GUSTAVO_ELECT
PR001012,KALOP FICHA INDUSTRIAL 2X16A (KL48000),2641.0,GUSTAVO_ELECT
PR001013,KALOP FICHA INDUSTRIAL 2X16A C/NEUTRO (KL48001),3056.0,GUSTAVO_ELECT
PR001014,KALOP FICHA INDUSTRIAL 3X16A (KL48002),3118.0,GUSTAVO_ELECT
PR001015,KALOP FICHA INDUSTRIAL 3X16A C/NEUTRO (KL48003),3500.0,GUSTAVO_ELECT
PR001016,KALOP FICHA INDUSTRIAL 2X32A (KL48010),4057.0,GUSTAVO_ELECT
PR001017,KALOP FICHA INDUSTRIAL 2X32A C/NEUTRO (KL48011),4670.0,GUSTAVO_ELECT
PR001018,KALOP FICHA INDUSTRIAL 3X32A (KL48012),5228.0,GUSTAVO_ELECT
PR001019,KALOP FICHA INDUSTRIAL 3X32A C/NEUTRO (KL48013),5620.0,GUSTAVO_ELECT
PR001020,KALOP BASE INDUSTRIAL 2X16A (KL48040),2558.0,GUSTAVO_ELECT
PR001021,KALOP BASE INDUSTRIAL 2X16A C/NEUTRO (KL48041),3353.0,GUSTAVO_ELECT
PR001022,KALOP BASE INDUSTRIAL 3X16A (KL48042),2797.0,GUSTAVO_ELECT
PR001023,KALOP BASE INDUSTRIAL 3X16A C/NEUTRO (KL48043),3672.0,GUSTAVO_ELECT
PR001024,KALOP BASE INDUSTRIAL 2X32A (KL48050),3507.0,GUSTAVO_ELECT
PR001025,KALOP BASE INDUSTRIAL 2X32A C/NEUTRO (KL48051),4713.0,GUSTAVO_ELECT
PR001026,KALOP BASE INDUSTRIAL 3X32A (KL48052),4087.0,GUSTAVO_ELECT
PR001027,KALOP BASE INDUSTRIAL 3X32A C/NEUTRO (KL48053),4978.0,GUSTAVO_ELECT
PR013767-1,KALOP GUARDALAMPARA (PORTATIL) PVC REFORZADO 5MTS (KL92305),7759.0,GUSTAVO_ELECT
PR002684,KALOP PERILLA TORPEDO INTERR SIN-LUZ BLANCO (KD39363),1318.0,GUSTAVO_ELECT
PR002685,KALOP PERILLA TORPEDO INTERR SIN-LUZ NEGRO (KD39364),1318.0,GUSTAVO_ELECT
PR002682,KALOP PERILLA TORPEDO INTERR LUMIN BLANCO (KS39360),3399.0,GUSTAVO_ELECT
PR002683,KALOP PERILLA TORPEDO INTERR LUMIN NEGRO (KS39361),3399.0,GUSTAVO_ELECT
PR002686,KALOP PERILLA TORPEDO PULSAD SIN-LUZ BLANCO (KS39365),2610.0,GUSTAVO_ELECT
PR013690-1,KALOP CARRETEL PROLONGADOR IRAM NARANJA C/LIMITADOR C/C 20M (KL50213),62384.0,GUSTAVO_ELECT
