PR019155-1,GENROD TAPA INSPECCION ECO PVC (CI9),865.00,GUSTAVO_ELECT
PR018640-1,GENROD JABALINA CON TOMA CABLE SIN SELLO 3/8 X 1.50MTS (JL1015+M10),3786.00,GUSTAVO_ELECT
PR018641-1,GENROD JABALINA CON TOMA CABLE SIN SELLO 1/2 X 1.50MTS (JL1215+M12),5333.00,GUSTAVO_ELECT
PR018642-1,GENROD JABALINA CON TOMA CABLE SIN SELLO 3/4 X 1.50MTS (JL1915+M19),8389.00,GUSTAVO_ELECT
PR018643-1,GENROD JABALINA CON TOMA CABLE SIN SELLO 3/4 X 2.00MTS (JL1920+M19),13281.00,GUSTAVO_ELECT
PR018644-1,GENROD JABALINA CON TOMA CABLE SIN SELLO 3/4 X 3.00MTS (JL1930+M19),19390.00,GUSTAVO_ELECT
PR018645-1,GENROD TOMA CABLE SIN SELLO 3/8 (M-10),1346.00,GUSTAVO_ELECT
PR018646-1,GENROD TOMA CABLE SIN SELLO 1/2 (M-12),1814.00,GUSTAVO_ELECT
PR018648-1,GENROD TOMA CABLE SIN SELLO 3/4 (M-19),2547.00,GUSTAVO_ELECT
PR018893-1,GENROD CANO CF SD 16MM (X MTS) (TR16SD),150.00,GUSTAVO_ELECT
PR018463-1,GENROD CANO CF SD 20MM (X MTS) (TR20SD),158.00,GUSTAVO_ELECT
PR018464-1,GENROD CANO CF SD 22MM (X MTS) (TR22SD),213.00,GUSTAVO_ELECT
PR018465-1,GENROD CANO CF SD 25MM (X MTS) (TR25SD),223.00,GUSTAVO_ELECT
PR018466-1,GENROD CANO CF SD 32MM (X MTS) (TR32SD),376.00,GUSTAVO_ELECT
PR018467-1,GENROD CANO CF SD 40MM (X MTS) (TR40SD),545.00,GUSTAVO_ELECT
PR018468-1,GENROD CANO CF SD 50MM (X MTS) (TR50SD),768.00,GUSTAVO_ELECT
PR019008-1,GENROD CANO CF HD 20MM (X MTS) (TR20HD),920.00,GUSTAVO_ELECT
PR019009-1,GENROD CANO CF HD 22MM (X MTS) (TR22HD),1090.00,GUSTAVO_ELECT
PR019010-1,GENROD CANO CF HD 25MM (X MTS) (TR25HD),1186.00,GUSTAVO_ELECT
PR019011-1,GENROD CANO CF HD 32MM (X MTS) (TR32HD),1861.00,GUSTAVO_ELECT
PR019012-1,GENROD CANO CF HD 40MM (X MTS) (TR40HD),2643.00,GUSTAVO_ELECT
PR019013-1,GENROD CANO CF HD 50MM (X MTS) (TR50HD),3698.00,GUSTAVO_ELECT
PR019014-1,GENROD CANO CF ED 16MM (X MTS) (TR16ED),322.00,GUSTAVO_ELECT
PR019015-1,GENROD CANO CF ED 20MM (X MTS) (TR20ED),364.00,GUSTAVO_ELECT
PR019016-1,GENROD CANO CF ED 22MM (X MTS) (TR22ED),422.00,GUSTAVO_ELECT
PR019017-1,GENROD CANO CF ED 25MM (X MTS) (TR25ED),440.00,GUSTAVO_ELECT
PR019018-1,GENROD CANO CF ED 32MM (X MTS) (TR32ED),652.00,GUSTAVO_ELECT
PR019019-1,GENROD CANO CF ED 40MM (X MTS) (TR40ED),796.00,GUSTAVO_ELECT
PR019020-1,GENROD CANO CF ED 50MM (X MTS) (TR50ED),1237.00,GUSTAVO_ELECT
PR018469-1,GENROD CANO FLEXIBLE (O) CORRUGADO LIVIANO 20MM (X MTS) (GETC20L),100.00,GUSTAVO_ELECT
PR018470-1,GENROD CANO FLEXIBLE (O) CORRUGADO LIVIANO 22MM (X MTS) (GETC22L),120.00,GUSTAVO_ELECT
PR018471-1,GENROD CANO FLEXIBLE (O) CORRUGADO LIVIANO 25MM (X MTS) (GETC25L),153.00,GUSTAVO_ELECT
PR018472-1,GENROD CANO FLEXIBLE (O) CORRUGADO LIVIANO 32MM (X MTS) (GETC32L),292.00,GUSTAVO_ELECT
PR018473-1,GENROD CANO FLEXIBLE (O) CORRUGADO LIVIANO 40MM (X MTS) (GETC40L),390.00,GUSTAVO_ELECT
PR018474-1,GENROD CANO FLEXIBLE (O) CORRUGADO LIVIANO 50MM (X MTS) (GETC50L),551.00,GUSTAVO_ELECT
PR019061-1,GENROD CANO FLEXIBLE (O) CORRUGADO SEMIPESADO 20MM (X MTS) (GETC20S),212.00,GUSTAVO_ELECT
PR019062-1,GENROD CANO FLEXIBLE (O) CORRUGADO SEMIPESADO 22MM (X MTS) (GETC22S),252.00,GUSTAVO_ELECT
PR019063-1,GENROD CANO FLEXIBLE (O) CORRUGADO SEMIPESADO 25MM (X MTS) (GETC25S),317.00,GUSTAVO_ELECT
PR019064-1,GENROD CANO FLEXIBLE (O) CORRUGADO SEMIPESADO 32MM (X MTS) (GETC32S),420.00,GUSTAVO_ELECT
PR019065-1,GENROD CANO FLEXIBLE (O) CORRUGADO SEMIPESADO 40MM (X MTS) (GETC40S),524.00,GUSTAVO_ELECT
PR019066-1,GENROD CANO FLEXIBLE (O) CORRUGADO SEMIPESADO 50MM (X MTS) (GETC50S),750.00,GUSTAVO_ELECT
PR019067-1,GENROD CANO FLEXIBLE (O) CORRUGADO PESADO 20MM (X MTS) (GETC20P),319.00,GUSTAVO_ELECT
PR019068-1,GENROD CANO FLEXIBLE (O) CORRUGADO PESADO 22MM (X MTS) (GETC22P),394.00,GUSTAVO_ELECT
PR019069-1,GENROD CANO FLEXIBLE (O) CORRUGADO PESADO 25MM (X MTS) (GETC25P),469.00,GUSTAVO_ELECT
PR018894-1,GENROD CONECTOR CF A ROSCA 16MM (APTO-HD-ED-SD-CORRU) IP55 (CTRG016E),81.00,GUSTAVO_ELECT
PR018475-1,GENROD CONECTOR CF A ROSCA 20MM (APTO-HD-ED-SD-CORRU) IP55 (CTRG020E),64.00,GUSTAVO_ELECT
PR018476-1,GENROD CONECTOR CF A ROSCA 22MM (APTO-HD-ED-SD-CORRU) IP55 (CTRG022E),120.00,GUSTAVO_ELECT
PR018477-1,GENROD CONECTOR CF A ROSCA 25MM (APTO-HD-ED-SD-CORRU) IP55 (CTRG025E),135.00,GUSTAVO_ELECT
PR018478-1,GENROD CONECTOR CF A ROSCA 32MM (APTO-HD-ED-SD-CORRU) IP55 (CTRG032E),316.00,GUSTAVO_ELECT
PR018479-1,GENROD CONECTOR CF A ROSCA 40MM (APTO-HD-ED-SD-CORRU) IP55 (CTRG040E),396.00,GUSTAVO_ELECT
PR018480-1,GENROD CONECTOR CF A ROSCA 50MM (APTO-HD-ED-SD-CORRU) IP55 (CTRG050E),593.00,GUSTAVO_ELECT
PR018895-1,GENROD UNION CF 16MM (APTO-HD-ED-SD-CORRU) IP55 (UTR016E),58.00,GUSTAVO_ELECT
PR018481-1,GENROD UNION CF 20MM (APTO-HD-ED-SD-CORRU) IP55 (UTR020E),48.00,GUSTAVO_ELECT
PR018482-1,GENROD UNION CF 22MM (APTO-HD-ED-SD-CORRU) IP55 (UTR022E),63.00,GUSTAVO_ELECT
PR018483-1,GENROD UNION CF 25MM (APTO-HD-ED-SD-CORRU) IP55 (UTR025E),68.00,GUSTAVO_ELECT
PR018484-1,GENROD UNION CF 32MM (APTO-HD-ED-SD-CORRU) IP55 (UTR032E),165.00,GUSTAVO_ELECT
PR018485-1,GENROD UNION CF 40MM (APTO-HD-ED-SD-CORRU) IP55 (UTR040E),198.00,GUSTAVO_ELECT
PR018486-1,GENROD UNION CF 50MM (APTO-HD-ED-SD-CORRU) IP55 (UTR050E),315.00,GUSTAVO_ELECT
PR018896-1,GENROD CURVA CF 16MM (APTO-HD-ED-SD-CORRU) IP55 (VTR016E),167.00,GUSTAVO_ELECT
PR018487-1,GENROD CURVA CF 20MM (APTO-HD-ED-SD-CORRU) IP55 (VTR020E),142.00,GUSTAVO_ELECT
PR018488-1,GENROD CURVA CF 22MM (APTO-HD-ED-SD-CORRU) IP55 (VTR022E),169.00,GUSTAVO_ELECT
PR018489-1,GENROD CURVA CF 25MM (APTO-HD-ED-SD-CORRU) IP55 (VTR025E),181.00,GUSTAVO_ELECT
PR018490-1,GENROD CURVA CF 32MM (APTO-HD-ED-SD-CORRU) IP55 (VTR032E),422.00,GUSTAVO_ELECT
PR018491-1,GENROD CURVA CF 40MM (APTO-HD-ED-SD-CORRU) IP55 (VTR040E),635.00,GUSTAVO_ELECT
PR018492-1,GENROD CURVA CF 50MM (APTO-HD-ED-SD-CORRU) IP55 (VTR050E),1105.00,GUSTAVO_ELECT
PR018897-1,GENROD GRAMPA CF 16MM (APTO-HD-ED-SD-CORRU) IP55 (GRA016E),80.00,GUSTAVO_ELECT
PR018493-1,GENROD GRAMPA CF 20MM (APTO-HD-ED-SD-CORRU) IP55 (GRA020E),64.00,GUSTAVO_ELECT
PR018494-1,GENROD GRAMPA CF 22MM (APTO-HD-ED-SD-CORRU) IP55 (GRA022E),69.00,GUSTAVO_ELECT
PR018495-1,GENROD GRAMPA CF 25MM (APTO-HD-ED-SD-CORRU) IP55 (GRA025E),78.00,GUSTAVO_ELECT
PR018496-1,GENROD GRAMPA CF 32MM (APTO-HD-ED-SD-CORRU) IP55 (GRA032E),171.00,GUSTAVO_ELECT
PR018497-1,GENROD GRAMPA CF 40MM (APTO-HD-ED-SD-CORRU) IP55 (GRA040E),203.00,GUSTAVO_ELECT
PR018498-1,GENROD GRAMPA CF 50MM (APTO-HD-ED-SD-CORRU) IP55 (GRA050E),327.00,GUSTAVO_ELECT
PR018898-1,GENROD RESORTE DOBLA CF 16MM (APTO-HD-SD) (GER16),8459.00,GUSTAVO_ELECT
PR018616-1,GENROD RESORTE DOBLA CF 20MM (APTO-HD-SD) (GER20),7829.00,GUSTAVO_ELECT
PR018617-1,GENROD RESORTE DOBLA CF 22MM (APTO-HD-SD) (GER22),9173.00,GUSTAVO_ELECT
PR018618-1,GENROD RESORTE DOBLA CF 25MM (APTO-HD-SD) (GER25),9609.00,GUSTAVO_ELECT
PR018619-1,GENROD RESORTE DOBLA CF 32MM (APTO-HD-SD) (GER32),30451.00,GUSTAVO_ELECT
PR018620-1,GENROD RESORTE DOBLA CF 40MM (APTO-HD-SD) (GER40),30986.00,GUSTAVO_ELECT
PR018621-1,GENROD RESORTE DOBLA CF 50MM (APTO-HD-SD) (GER50),34084.00,GUSTAVO_ELECT
PR019021-1,GENROD RESORTE DOBLA CF 16MM (APTO-ED) (GER16ED),10157.00,GUSTAVO_ELECT
PR019022-1,GENROD RESORTE DOBLA CF 20MM (APTO-ED) (GER20ED),12347.00,GUSTAVO_ELECT
PR019023-1,GENROD RESORTE DOBLA CF 22MM (APTO-ED) (GER22ED),13039.00,GUSTAVO_ELECT
PR019024-1,GENROD RESORTE DOBLA CF 25MM (APTO-ED) (GER25ED),13649.00,GUSTAVO_ELECT
PR019025-1,GENROD RESORTE DOBLA CF 32MM (APTO-ED) (GER32ED),31973.00,GUSTAVO_ELECT
PR019026-1,GENROD RESORTE DOBLA CF 40MM (APTO-ED) (GER40ED),32535.00,GUSTAVO_ELECT
PR019027-1,GENROD RESORTE DOBLA CF 50MM (APTO-ED) (GER50ED),35788.00,GUSTAVO_ELECT
PR018978-1,GENROD CANO CF HDX 20MM (X MTS) (TR20HDX),1196.00,GUSTAVO_ELECT
PR018979-1,GENROD CANO CF HDX 22MM (X MTS) (TR22HDX),1417.00,GUSTAVO_ELECT
PR018980-1,GENROD CANO CF HDX 25MM (X MTS) (TR25HDX),1541.00,GUSTAVO_ELECT
PR018981-1,GENROD CANO CF HDX 32MM (X MTS) (TR32HDX),2419.00,GUSTAVO_ELECT
PR018982-1,GENROD CANO CF HDX 40MM (X MTS) (TR40HDX),3435.00,GUSTAVO_ELECT
PR018983-1,GENROD CANO CF HDX 50MM (X MTS) (TR50HDX),4807.00,GUSTAVO_ELECT
PR018984-1,GENROD CONECTOR CF A ROSCA 20MM (APTO-HDX) IP55 (CTR20HDX),219.00,GUSTAVO_ELECT
PR018985-1,GENROD CONECTOR CF A ROSCA 22MM (APTO-HDX) IP55 (CTR22HDX),415.00,GUSTAVO_ELECT
PR018986-1,GENROD CONECTOR CF A ROSCA 25MM (APTO-HDX) IP55 (CTR25HDX),467.00,GUSTAVO_ELECT
PR018987-1,GENROD CONECTOR CF A ROSCA 32MM (APTO-HDX) IP55 (CTR32HDX),1095.00,GUSTAVO_ELECT
PR018988-1,GENROD CONECTOR CF A ROSCA 40MM (APTO-HDX) IP55 (CTR40HDX),1371.00,GUSTAVO_ELECT
PR018989-1,GENROD CONECTOR CF A ROSCA 50MM (APTO-HDX) IP55 (CTR50HDX),2053.00,GUSTAVO_ELECT
PR018990-1,GENROD UNION CF 20MM (APTO-HDX) IP55 (UTR20HDX),212.00,GUSTAVO_ELECT
PR018991-1,GENROD UNION CF 22MM (APTO-HDX) IP55 (UTR22HDX),372.00,GUSTAVO_ELECT
PR018992-1,GENROD UNION CF 25MM (APTO-HDX) IP55 (UTR25HDX),433.00,GUSTAVO_ELECT
PR018993-1,GENROD UNION CF 32MM (APTO-HDX) IP55 (UTR32HDX),941.00,GUSTAVO_ELECT
PR018994-1,GENROD UNION CF 40MM (APTO-HDX) IP55 (UTR40HDX),1162.00,GUSTAVO_ELECT
PR018995-1,GENROD UNION CF 50MM (APTO-HDX) IP55 (UTR50HDX),1808.00,GUSTAVO_ELECT
PR018996-1,GENROD CURVA CF 20MM (APTO-HDX) IP55 (VTR20HDX),541.00,GUSTAVO_ELECT
PR018997-1,GENROD CURVA CF 22MM (APTO-HDX) IP55 (VTR22HDX),671.00,GUSTAVO_ELECT
PR018998-1,GENROD CURVA CF 25MM (APTO-HDX) IP55 (VTR25HDX),783.00,GUSTAVO_ELECT
PR018999-1,GENROD CURVA CF 32MM (APTO-HDX) IP55 (VTR32HDX),1461.00,GUSTAVO_ELECT
PR019000-1,GENROD CURVA CF 40MM (APTO-HDX) IP55 (VTR40HDX),2177.00,GUSTAVO_ELECT
PR019001-1,GENROD CURVA CF 50MM (APTO-HDX) IP55 (VTR50HDX),3774.00,GUSTAVO_ELECT
PR019002-1,GENROD GRAMPA CF 20MM (APTO-HDX) IP55 (GRA20HDX),231.00,GUSTAVO_ELECT
PR019003-1,GENROD GRAMPA CF 22MM (APTO-HDX) IP55 (GRA22HDX),250.00,GUSTAVO_ELECT
PR019004-1,GENROD GRAMPA CF 25MM (APTO-HDX) IP55 (GRA25HDX),279.00,GUSTAVO_ELECT
PR019005-1,GENROD GRAMPA CF 32MM (APTO-HDX) IP55 (GRA32HDX),616.00,GUSTAVO_ELECT
PR019006-1,GENROD GRAMPA CF 40MM (APTO-HDX) IP55 (GRA40HDX),732.00,GUSTAVO_ELECT
PR019007-1,GENROD GRAMPA CF 50MM (APTO-HDX) IP55 (GRA50HDX),920.00,GUSTAVO_ELECT
PR018622-1,GENROD ADHESIVO SELLADOR PARA CF (GEAD),2106.00,GUSTAVO_ELECT
PR018623-1,GENROD TIJERA PARA CF (GETC),10807.00,GUSTAVO_ELECT
PR018624-1,GENROD MECHA CALADORA MULTIPLE P/CAJAS (GEMC),24058.00,GUSTAVO_ELECT
PR018499-1,GENROD CAJA PVC EMB RECTANGULAR (PACK AHORRO X 12 UNID) (02210PG-12),1387.00,GUSTAVO_ELECT
PR018500-1,GENROD CAJA PVC EMB OCTOGONAL CH (PACK AHORRO X 12 UNID) (02211PG-12),1387.00,GUSTAVO_ELECT
PR018501-1,GENROD CAJA PVC EMB MIGNON (02224PG),131.00,GUSTAVO_ELECT
PR018502-1,GENROD CAJA PVC EMB OCTOGONAL GRANDE (02222PG),254.00,GUSTAVO_ELECT
PR018503-1,GENROD CAJA PVC EMB CUADRADA 10X10 (02223PG),326.00,GUSTAVO_ELECT
PR018504-1,GENROD CAJA PVC SUP MONOBOLCK (O) DURLOCK (02219PB),362.00,GUSTAVO_ELECT
PR018505-1,GENROD TAPA CIEGA PVC A TORNILLO RECTANGULAR (021410),129.00,GUSTAVO_ELECT
PR018506-1,GENROD TAPA CIEGA PVC A TORNILLO OCTOGONAL GRANDE (021411),199.00,GUSTAVO_ELECT
PR018507-1,GENROD TAPA CIEGA PVC A TORNILLO OCTOGONAL CHICA (021412),129.00,GUSTAVO_ELECT
PR018508-1,GENROD TAPA CIEGA PVC A TORNILLO CUADRADA 10X10 (021413),254.00,GUSTAVO_ELECT
PR018509-1,GENROD TAPA CIEGA PVC A TORNILLO MIGNON (021414),129.00,GUSTAVO_ELECT
PR018598-1,GENROD SOPORTE P/CAJA OCTOGONAL CH/GDE (101030),363.00,GUSTAVO_ELECT
PR018599-1,GENROD KIT X 200 TORNILLOS P/TAPA CIEGA (020024),2288.00,GUSTAVO_ELECT
PR018600-1,GENROD CAJA PVC ENVOLVENTE SUP RECTANGULAR GRIS (02215PG),827.00,GUSTAVO_ELECT
PR018601-1,GENROD CAJA PVC ENVOLVENTE SUP OCTOGONAL CHICA C/TAPA GRIS (02216PG),449.00,GUSTAVO_ELECT
PR018602-1,GENROD CAJA PVC ENVOLVENTE SUP OCTOGONAL C/TAPA Y TAPONES GRIS(02217PG,945.00,GUSTAVO_ELECT
PR018603-1,GENROD CAJA PVC ENVOLVENTE SUP CUADRADA C/TAPA GRIS (02218PG),475.00,GUSTAVO_ELECT
PR018604-1,GENROD CAJA PVC ENVOLVENTE EMB C/TAPA AL RAS 10X10 (061010),1016.00,GUSTAVO_ELECT
PR018605-1,GENROD CAJA PVC ENVOLVENTE EMB C/TAPA AL RAS 10X16 (061016),1860.00,GUSTAVO_ELECT
PR018606-1,GENROD CAJA PVC ENVOLVENTE EMB C/TAPA AL RAS 16X18 (061618),2491.00,GUSTAVO_ELECT
PR018607-1,GENROD CAJA PVC ENVOLVENTE EMB C/TAPA AL RAS 18X25 (061825),3643.00,GUSTAVO_ELECT
PR018608-1,GENROD CAJA PVC ENVOLVENTE EMB C/TAPA AL RAS 18X32 (061832),4604.00,GUSTAVO_ELECT
PR018609-1,GENROD CAJA PVC ENVOLVENTE EMB C/TAPA AL RAS 25X30 (062530),5755.00,GUSTAVO_ELECT
PR018610-1,GENROD CAJA PVC ENVOLVENTE EMB C/TAPA AL RAS 25X42 (062542),7672.00,GUSTAVO_ELECT
PR018611-1,GENROD CAJA PVC ENVOLVENTE EMB C/TAPA AL RAS 32X42 (063242),9207.00,GUSTAVO_ELECT
PR018510-1,GENROD CAJA EXTERIOR 2M ECONOMICA CON PUERTA FUME (045004B),866.00,GUSTAVO_ELECT
PR018511-1,GENROD CAJA EXTERIOR 4M ECONOMICA CON PUERTA FUME (045005B),1068.00,GUSTAVO_ELECT
PR018512-1,GENROD CAJA EMBUTIR 4M PUERTA FUME (04004),2058.00,GUSTAVO_ELECT
PR018513-1,GENROD CAJA EMBUTIR 8M PUERTA FUME (04008),2876.00,GUSTAVO_ELECT
PR018514-1,GENROD CAJA EMBUTIR 12M PUERTA FUME (04012),4646.00,GUSTAVO_ELECT
PR018515-1,GENROD CAJA EMBUTIR 16M PUERTA FUME (04016),6637.00,GUSTAVO_ELECT
PR018516-1,GENROD CAJA EMBUTIR 24M PUERTA FUME (04024),8849.00,GUSTAVO_ELECT
PR018517-1,GENROD CAJA EMBUTIR 36M PUERTA FUME (04036),11061.00,GUSTAVO_ELECT
PR018518-1,GENROD CAJA EMBUTIR 48M PUERTA FUME (04048),15486.00,GUSTAVO_ELECT
PR018519-1,GENROD CAJA SUPERFICIE 4M PUERTA FUME (04504),2544.00,GUSTAVO_ELECT
PR018520-1,GENROD CAJA SUPERFICIE 8M PUERTA FUME (04508),3544.00,GUSTAVO_ELECT
PR018521-1,GENROD CAJA SUPERFICIE 12M PUERTA FUME (04512),5724.00,GUSTAVO_ELECT
PR018522-1,GENROD CAJA SUPERFICIE 16M PUERTA FUME (04516),8178.00,GUSTAVO_ELECT
PR018523-1,GENROD CAJA SUPERFICIE 24M PUERTA FUME (04524),11131.00,GUSTAVO_ELECT
PR018524-1,GENROD CAJA SUPERFICIE 36M PUERTA FUME (04536),13629.00,GUSTAVO_ELECT
PR018525-1,GENROD CAJA SUPERFICIE 48M PUERTA FUME (04548),19308.00,GUSTAVO_ELECT
PR019048-1,GENROD CAJA PVC 4-MOD C/TAPA IP65 BLANCO (160400B),4418.00,GUSTAVO_ELECT
PR019049-1,GENROD CAJA PVC 9-MOD C/TAPA IP65 BLANCO (160900B),6719.00,GUSTAVO_ELECT
PR019050-1,GENROD CAJA PVC 12-MOD C/TAPA IP65 BLANCO (161200B),8578.00,GUSTAVO_ELECT
PR019051-1,GENROD CAJA PVC 24-MOD C/TAPA IP65 BLANCO (162400B),16456.00,GUSTAVO_ELECT
PR019052-1,GENROD CAJA PVC 36-MOD C/TAPA IP65 BLANCO (163600B),26282.00,GUSTAVO_ELECT
PR019053-1,GENROD CAJA PVC APTA PILAR 4-MOD C/PREMARCADO C/TAPA IP65 GRIS (045504,2865.00,GUSTAVO_ELECT
PR018625-1,GENROD CAJA PVC APTA PILAR 4-MOD C/TAPA IP65 GRIS (160400G) (OUTLET),4418.00,GUSTAVO_ELECT
PR018626-1,GENROD CAJA PVC APTA PILAR 9-MOD C/TAPA IP65 GRIS (160900G),6719.00,GUSTAVO_ELECT
PR018899-1,GENROD CAJA Q ENERGY EMBUTIR 4M PUERTA FUME (0480004),2948.00,GUSTAVO_ELECT
PR018900-1,GENROD CAJA Q ENERGY EMBUTIR 8M PUERTA FUME (0480008),4170.00,GUSTAVO_ELECT
PR018901-1,GENROD CAJA Q ENERGY EMBUTIR 12M PUERTA FUME (0480012),6745.00,GUSTAVO_ELECT
PR018902-1,GENROD CAJA Q ENERGY EMBUTIR 16M PUERTA FUME (0480016),9760.00,GUSTAVO_ELECT
PR018903-1,GENROD CAJA Q ENERGY EMBUTIR 24M PUERTA FUME (0480024),12648.00,GUSTAVO_ELECT
PR018904-1,GENROD CAJA Q ENERGY EMBUTIR 36M PUERTA FUME (0480036),17919.00,GUSTAVO_ELECT
PR018905-1,GENROD CAJA Q ENERGY EMBUTIR 48M PUERTA FUME (0480048),22557.00,GUSTAVO_ELECT
PR018906-1,GENROD CAJA Q ENERGY EMBUTIR 72M PUERTA FUME (0480072),28632.00,GUSTAVO_ELECT
PR018907-1,GENROD CAJA Q ENERGY EMBUTIR 96M PUERTA FUME (0480096),35244.00,GUSTAVO_ELECT
PR018908-1,GENROD CAJA Q ENERGY SUPERFICIE 4M PUERTA FUME (0480504),3401.00,GUSTAVO_ELECT
PR018909-1,GENROD CAJA Q ENERGY SUPERFICIE 8M PUERTA FUME (0480508),4795.00,GUSTAVO_ELECT
PR018910-1,GENROD CAJA Q ENERGY SUPERFICIE 12M PUERTA FUME (0480512),8367.00,GUSTAVO_ELECT
PR018911-1,GENROD CAJA Q ENERGY SUPERFICIE 16M PUERTA FUME (0480516),11384.00,GUSTAVO_ELECT
PR018912-1,GENROD CAJA Q ENERGY SUPERFICIE 24M PUERTA FUME (0480524),16363.00,GUSTAVO_ELECT
PR018913-1,GENROD CAJA Q ENERGY SUPERFICIE 36M PUERTA FUME (0480536),22882.00,GUSTAVO_ELECT
PR018914-1,GENROD CAJA Q ENERGY SUPERFICIE 48M PUERTA FUME (0480548),31477.00,GUSTAVO_ELECT
PR018820-1,GENROD GABINETE IP65 Q ENERGY 230X280X140 BJA P/GRIS (17232814),14658.00,GUSTAVO_ELECT
PR018821-1,GENROD GABINETE IP65 Q ENERGY 230X280X180 BJA P/GRIS (17232818),16394.00,GUSTAVO_ELECT
PR018822-1,GENROD GABINETE IP65 Q ENERGY 320X320X150 BJA P/GRIS (17323215),21759.00,GUSTAVO_ELECT
PR018823-1,GENROD GABINETE IP65 Q ENERGY 320X320X200 BJA P/GRIS (17323220),24441.00,GUSTAVO_ELECT
PR018824-1,GENROD GABINETE IP65 Q ENERGY 320X420X150 BJA P/GRIS (17324215),27233.00,GUSTAVO_ELECT
PR018825-1,GENROD GABINETE IP65 Q ENERGY 320X420X200 BJA P/GRIS (17324220),30421.00,GUSTAVO_ELECT
PR018826-1,GENROD GABINETE IP65 Q ENERGY 420X420X150 BJA P/GRIS (17424215),33750.00,GUSTAVO_ELECT
PR018827-1,GENROD GABINETE IP65 Q ENERGY 420X420X200 BJA P/GRIS (17424220),37331.00,GUSTAVO_ELECT
PR018828-1,GENROD GABINETE IP65 Q ENERGY 230X280X140 DIN 16P P/GRIS (17232816),17164.00,GUSTAVO_ELECT
PR018829-1,GENROD GABINETE IP65 Q ENERGY 320X320X150 DIN 24P P/GRIS (17323224),24553.00,GUSTAVO_ELECT
PR018830-1,GENROD GABINETE IP65 Q ENERGY 320X420X150 DIN 36P P/GRIS (17324236),30910.00,GUSTAVO_ELECT
PR018831-1,GENROD GABINETE IP65 Q ENERGY 420X420X150 DIN 54P P/GRIS (17424254),37584.00,GUSTAVO_ELECT
PR018832-1,GENROD GABINETE IP65 Q ENERGY PLUS 420X420X210 BJA P/GRIS (1542423002),46339.00,GUSTAVO_ELECT
PR018833-1,GENROD GABINETE IP65 Q ENERGY PLUS 420X520X230 BJA P/GRIS (1542523002),53232.00,GUSTAVO_ELECT
PR018834-1,GENROD GABINETE IP65 Q ENERGY PLUS 520X640X240 BJA P/GRIS (1552643002),70903.00,GUSTAVO_ELECT
PR018835-1,GENROD GABINETE IP65 Q ENERGY PLUS 420X420X210 BJA P/G FBA (1542425002,55608.00,GUSTAVO_ELECT
PR018836-1,GENROD GABINETE IP65 Q ENERGY PLUS 420X520X230 BJA P/G FBA (1542525002,63882.00,GUSTAVO_ELECT
PR018837-1,GENROD GABINETE IP65 Q ENERGY PLUS 520X640X240 BJA P/G FBA (1552645002,85084.00,GUSTAVO_ELECT
PR018838-1,GENROD GABINETE IP65 Q ENERGY PLUS 420X420X210 DIN 36P P/G (1542423362,75538.00,GUSTAVO_ELECT
PR018839-1,GENROD GABINETE IP65 Q ENERGY PLUS 420X520X230 DIN 54P P/G (1542523542,93584.00,GUSTAVO_ELECT
PR018840-1,GENROD GABINETE IP65 Q ENERGY PLUS 520X640X240 DIN 96P P/G (1552643962,117942.00,GUSTAVO_ELECT
PR018841-1,GENROD GABINETE IP65 Q ENERGY PLUS 420X420X210 D 36P PG FB (1542425362,83092.00,GUSTAVO_ELECT
PR018842-1,GENROD GABINETE IP65 Q ENERGY PLUS 420X520X230 D 54P PG FB (1542525542,102943.00,GUSTAVO_ELECT
PR018843-1,GENROD GABINETE IP65 Q ENERGY PLUS 520X640X240 D 96P PG FB (1552645962,129736.00,GUSTAVO_ELECT
PR018774-1,GENROD CAJA IP65 MIX 12M DIN + 1 MOD P/2 TOMAS ENCAPSADOS GR (161212G),17187.00,GUSTAVO_ELECT
PR018775-1,GENROD CAJA IP65 MIX 12M DIN + 1 MOD P/3 TOMAS ENCAPSADOS GR (161213G),17187.00,GUSTAVO_ELECT
PR018776-1,GENROD CAJA IP65 MIX 12M DIN + 1 MOD CIEGO GR (161210G),17187.00,GUSTAVO_ELECT
PR018777-1,GENROD CAJA IP65 MIX 12M DIN + 2 MOD P/4 TOMAS ENCAPSADOS GR (161224G),24231.00,GUSTAVO_ELECT
PR018778-1,GENROD CAJA IP65 MIX 12M DIN + 2 MOD P/5 TOMAS ENCAPSADOS GR (161225G),24231.00,GUSTAVO_ELECT
PR018779-1,GENROD CAJA IP65 MIX 12M DIN + 2 MOD P/6 TOMAS ENCAPSADOS GR (161226G),24231.00,GUSTAVO_ELECT
PR018780-1,GENROD CAJA IP65 MIX 12M DIN + 2 MOD CIEGO GR (161220G),24231.00,GUSTAVO_ELECT
PR018629-1,GENROD KIT PILAR MONOFASICO C/INFERIOR EDESUR/OTRAS-D SIN CANO(101229N,15722.00,GUSTAVO_ELECT
PR018630-1,GENROD KIT PILAR MONOFASICO CONF/SUPERIOR EDELAP SIN CANO (101227),14510.00,GUSTAVO_ELECT
PR018631-1,GENROD KIT PILAR MONOFASICO CONF/SUPERIOR OTRAS DIST SIN CANO (101228N,18956.00,GUSTAVO_ELECT
PR018632-1,GENROD KIT PILAR MONOFASICO CONF/INFERIOR EDENOR SIN CANO (101229-2),15722.00,GUSTAVO_ELECT
PR018633-1,GENROD KIT PILAR TRIFASICO C/INFERIOR EDESUR/OTRAS-D SIN CANO (101249),33196.00,GUSTAVO_ELECT
PR018634-1,GENROD KIT PILAR TRIFASICO CONF/SUPERIOR EDELAP SIN CANO (101247),31614.00,GUSTAVO_ELECT
PR018635-1,GENROD KIT PILAR TRIFASICO CONF/SUPERIOR OTRAS DIST SIN CANO (101248,31614.00,GUSTAVO_ELECT
PR018636-1,GENROD KIT PILAR TRIFASICO CONF/INFERIOR EDENOR SIN CANO (101249-2),33196.00,GUSTAVO_ELECT
PR018772-1,GENROD CANO PILAR AISLACION DOBLE 1 1/4 PULG X 2MTS C/ROSCA 1P (101221,23790.00,GUSTAVO_ELECT
PR018773-1,GENROD CANO PILAR AISLACION DOBLE 2 PULG X 2MTS (1012014),26217.00,GUSTAVO_ELECT
PR018637-1,GENROD CANO PILAR AISLACION DOBLE 2 PULG X 3MTS EDESUR/OTRAS (101218),27884.00,GUSTAVO_ELECT
PR018770-1,GENROD CANO PILAR AISLACION DOBLE 2 PULG X 3MTS EDENOR (101218-2),27884.00,GUSTAVO_ELECT
PR018771-1,GENROD CANO PILAR AISLACION DOBLE 2 PULG X 3MTS OCEBA (101219),35654.00,GUSTAVO_ELECT
PR018638-1,GENROD CURVA PILAR DESARMABLE 180G 2 PULG (101223-1),1539.00,GUSTAVO_ELECT
PR018639-1,GENROD CONECTOR PILAR AISLADO 2 PULG (101220),1440.00,GUSTAVO_ELECT
PR018555-1,GENROD CAJA TOMA 60A EDESUR SIN BASE (085001),19661.00,GUSTAVO_ELECT
PR018556-1,GENROD CAJA TOMA 60A EDESUR CON BASES NH00 (085201),25682.00,GUSTAVO_ELECT
PR018557-1,GENROD CAJA TOMA 60A EDESUR CON BASES NH00 BORNE LARGO (085301),35993.00,GUSTAVO_ELECT
PR018558-1,GENROD CAJA TOMA 200A EDESUR C/3 BASES NH1 (089101),90583.00,GUSTAVO_ELECT
PR018559-1,GENROD GABINETE PARA MEDICION T2 EDESUR (088601),111768.00,GUSTAVO_ELECT
PR018560-1,GENROD CAJA TOMA Y MEDICION INDIRECTA H/100KW T2 EDESUR (088301),205928.00,GUSTAVO_ELECT
PR018561-1,GENROD GABINETE PARA MEDICION T3 EDESUR (087101),345675.00,GUSTAVO_ELECT
PR018563-1,GENROD CAJA TOMA T3 EDESUR (088201),245513.00,GUSTAVO_ELECT
PR018564-1,GENROD CAJA TOMA Y SECC 400A C/6 BASES NH3 DOBLE VIA EDESUR (087401),350088.00,GUSTAVO_ELECT
PR018565-1,GENROD GABINETE PARA TRAFOS 600/5 A T3 EDESUR (088701),277846.00,GUSTAVO_ELECT
PR018567-1,GENROD CAJA COUNTRY 250A C/6BNH1 + 3BNH00 EDESUR (088501),303015.00,GUSTAVO_ELECT
PR018581-1,GENROD CAJA TOMA 100A EDELAP DIN00 P/PARED C/B NH (085203),27873.00,GUSTAVO_ELECT
PR018582-1,GENROD CAJA TOMA 200A EDELAP C/3 BASES NH1 (089103),120330.00,GUSTAVO_ELECT
PR018583-1,GENROD GABINETE PARA MEDICION T3 EDELAP (087103),347013.00,GUSTAVO_ELECT
PR018571-1,GENROD CAJA TOMA 60A EDENOR SBC NH00 (085102),45887.00,GUSTAVO_ELECT
PR018572-1,GENROD CAJA TOMA 60A EDENOR SIN BASE (085002),18537.00,GUSTAVO_ELECT
PR018574-1,GENROD CAJA TOMA 200A EDENOR C/3 BASES NH1 (089102),122389.00,GUSTAVO_ELECT
PR018575-1,GENROD CAJA TOMA 400A EDENOR C/3 BASES NH3 (089202),169153.00,GUSTAVO_ELECT
PR018576-1,GENROD CAJA TOMA 500A EDENOR C/6 BASES NH3 DOBLE VIA (087402),348617.00,GUSTAVO_ELECT
PR018577-1,GENROD GABINETE PARA MEDICION T3 EDENOR (087102),342733.00,GUSTAVO_ELECT
PR018612-1,GENROD GABINETE PROVISORIO OBRA MONOFASICO (07745),71496.00,GUSTAVO_ELECT
PR018613-1,GENROD GABINETE PROVISORIO OBRA TRIFASICO (07746),90703.00,GUSTAVO_ELECT
PR018781-1,GENROD KIT BARRAS DE ACOPLE P/GABINETES DE MEDICION (0770419),12043.00,GUSTAVO_ELECT
PR018782-1,GENROD GAB/M 3-MONO EDESUR T1 S/TM//DF 1520X285X195 (07703011-01),213854.00,GUSTAVO_ELECT
PR018783-1,GENROD GAB/M 4-MONO EDESUR T1 S/TM//DF 1800X285X195 (07704011-01),282517.00,GUSTAVO_ELECT
PR018788-1,GENROD GAB/M 1-TRI (2T C1) EDESUR T1 S/TM/DF 1800X285X195 (07700111-01,233847.00,GUSTAVO_ELECT
PR018789-1,GENROD GAB/M 2-TRI EDESUR T1 S/TM/DF 1800X285X195 (07700211-01),246837.00,GUSTAVO_ELECT
PR018791-1,GENROD GAB/M 1-MONO + 1-TRI EDESUR T1 S/TM/DF 1800X285X195(07701111-01,263262.00,GUSTAVO_ELECT
PR018792-1,GENROD GAB/M 1-TRI (2T C1) EDESUR T2 S/TM/DF 1800X285X195 (07700120-01,243144.00,GUSTAVO_ELECT
PR018793-1,GENROD GAB/M 2-TRI EDESUR T2 S/TM/DF 1800X285X195 (07700220-01),260270.00,GUSTAVO_ELECT
PR018794-1,GENROD GAB/M 3-MONO EDELAP/OTRAS T1 S/TM/DF 1520X285X195 (07703011-02),213854.00,GUSTAVO_ELECT
PR018795-1,GENROD GAB/M 4-MONO EDELAP/OTRAS T1 S/TM//DF 1800X285X195 (07704011-02,255179.00,GUSTAVO_ELECT
PR018800-1,GENROD GAB/M 1-TRI EDELAP/OTRAS T1 S/TM/DF 1050X285X195 (07700111-02),115102.00,GUSTAVO_ELECT
PR018801-1,GENROD GAB/M 1-TRI (2T C1 EDELAP/O T1 S/TM/D 1800X285X195(07700111L-02,210459.00,GUSTAVO_ELECT
PR018802-1,GENROD GAB/M 2-TRI EDELAP/OTRAS T1 S/TM/DF 1800X285X195 (07700211-02),247364.00,GUSTAVO_ELECT
PR018804-1,GENROD GAB/M 1-MONO + 1-TRI EDELAP/O T1 S/T/D 1800X285X195(07701111-02,217932.00,GUSTAVO_ELECT
PR018805-1,GENROD GAB/M 1-TRI (2T C1) EDELAP/O T2 S/T/D 1800X285X195 (07700120-02,228781.00,GUSTAVO_ELECT
PR018806-1,GENROD GAB/M 2-TRI EDELAP/OTRAS T2 S/TM/DF 1800X285X195 (07700220-02),260796.00,GUSTAVO_ELECT
PR018807-1,GENROD GAB/M 3-MONO EDENOR T1 S/TM/DF 1520X285X195 (07703011-09),213854.00,GUSTAVO_ELECT
PR018808-1,GENROD GAB/M 4-MONO EDENOR T1 S/TM//DF 1800X285X195 (07704011-09),255179.00,GUSTAVO_ELECT
PR018813-1,GENROD GAB/M 1-TRI EDENOR T1 S/TM/DF 1045X285X195 (07700111-09),115102.00,GUSTAVO_ELECT
PR018814-1,GENROD GAB/M 1-TRI (2T C1) EDENOR T1 S/TM/D 1800X285X195 (07700111L-09,210459.00,GUSTAVO_ELECT
PR018815-1,GENROD GAB/M 2-TRI EDENOR T1 S/TM/DF 1800X285X195 (07700211-09),247364.00,GUSTAVO_ELECT
PR018817-1,GENROD GAB/M 1-MONO + 1-TRI EDENOR T1 S/T/D 1800X285X195 (07701111-09),217932.00,GUSTAVO_ELECT
PR018818-1,GENROD GAB/M 1-TRI (2T C1) EDENOR T2 S/T/D 1800X285X195 (07700120-09),228781.00,GUSTAVO_ELECT
PR018819-1,GENROD GAB/M 2-TRI EDENOR T2 S/TM/DF 1800X285X195 (07700220-09),260796.00,GUSTAVO_ELECT
PR018532-1,GENROD CAJA PASO BLANCO EXTERIOR IP65 090X090X055 (22090905B),670.00,GUSTAVO_ELECT
PR018533-1,GENROD CAJA PASO BLANCO EXTERIOR IP65 090X090X075 (22090907B),733.00,GUSTAVO_ELECT
PR018534-1,GENROD CAJA PASO BLANCO EXTERIOR IP65 115X115X065 (22111106B),964.00,GUSTAVO_ELECT
PR018535-1,GENROD CAJA PASO BLANCO EXTERIOR IP65 115X115X080 (22111108B),1016.00,GUSTAVO_ELECT
PR018536-1,GENROD CAJA PASO BLANCO EXTERIOR IP65 115X115X110 (22111111B),1222.00,GUSTAVO_ELECT
PR018537-1,GENROD CAJA PASO BLANCO EXTERIOR IP65 115X165X065 (22111606B),1296.00,GUSTAVO_ELECT
PR018538-1,GENROD CAJA PASO BLANCO EXTERIOR IP65 115X165X080 (22111608B),1413.00,GUSTAVO_ELECT
PR018539-1,GENROD CAJA PASO BLANCO EXTERIOR IP65 115X165X110 (22111611B),1646.00,GUSTAVO_ELECT
PR018540-1,GENROD CAJA PASO BLANCO EXTERIOR IP65 165X165X065 (22161606B),1764.00,GUSTAVO_ELECT
PR018541-1,GENROD CAJA PASO BLANCO EXTERIOR IP65 165X165X080 (22161608B),1940.00,GUSTAVO_ELECT
PR018542-1,GENROD CAJA PASO BLANCO EXTERIOR IP65 165X165X110 (22161611B),2096.00,GUSTAVO_ELECT
PR018543-1,GENROD CAJA PASO BLANCO EXTERIOR IP65 165X210X065 (22162106B),2058.00,GUSTAVO_ELECT
PR018544-1,GENROD CAJA PASO BLANCO EXTERIOR IP65 165X210X080 (22162108B),2146.00,GUSTAVO_ELECT
PR018545-1,GENROD CAJA PASO BLANCO EXTERIOR IP65 165X210X110 (22162111B),2499.00,GUSTAVO_ELECT
PR018546-1,GENROD CAJA PASO BLANCO EXTERIOR IP65 210X210X110 (22212111B),2882.00,GUSTAVO_ELECT
PR018547-1,GENROD CAJA PASO BLANCO EXTERIOR IP65 210X210X135 (22212113B),3176.00,GUSTAVO_ELECT
PR018548-1,GENROD CAJA PASO BLANCO EXTERIOR IP65 210X210X165 (22212116B),3530.00,GUSTAVO_ELECT
PR018549-1,GENROD CAJA PASO BLANCO EXTERIOR IP65 210X310X110 (22213111B),4582.00,GUSTAVO_ELECT
PR018550-1,GENROD CAJA PASO BLANCO EXTERIOR IP65 210X310X135 (22213113B),5386.00,GUSTAVO_ELECT
PR018551-1,GENROD CAJA PASO BLANCO EXTERIOR IP65 210X310X165 (22213116B),5904.00,GUSTAVO_ELECT
PR018552-1,GENROD CAJA PASO BLANCO EXTERIOR IP65 310X310X110 (22313111B),6438.00,GUSTAVO_ELECT
PR018553-1,GENROD CAJA PASO BLANCO EXTERIOR IP65 310X310X135 (22313113B),6967.00,GUSTAVO_ELECT
PR018554-1,GENROD CAJA PASO BLANCO EXTERIOR IP65 310X310X165 (22313116B),7633.00,GUSTAVO_ELECT
PR018955-1,GENROD CAJA PASO GRIS EXTERIOR IP65 090X090X055 (22090905G),892.00,GUSTAVO_ELECT
PR018956-1,GENROD CAJA PASO GRIS EXTERIOR IP65 090X090X075 (22090907G),976.00,GUSTAVO_ELECT
PR018957-1,GENROD CAJA PASO GRIS EXTERIOR IP65 115X115X065 (22111106G),1283.00,GUSTAVO_ELECT
PR018958-1,GENROD CAJA PASO GRIS EXTERIOR IP65 115X115X080 (22111108G),1352.00,GUSTAVO_ELECT
PR018959-1,GENROD CAJA PASO GRIS EXTERIOR IP65 115X115X110 (22111111G),1626.00,GUSTAVO_ELECT
PR018960-1,GENROD CAJA PASO GRIS EXTERIOR IP65 115X165X065 (22111606G),1724.00,GUSTAVO_ELECT
PR018961-1,GENROD CAJA PASO GRIS EXTERIOR IP65 115X165X080 (22111608G),1881.00,GUSTAVO_ELECT
PR018962-1,GENROD CAJA PASO GRIS EXTERIOR IP65 115X165X110 (22111611G),2190.00,GUSTAVO_ELECT
PR018963-1,GENROD CAJA PASO GRIS EXTERIOR IP65 165X165X065 (22161606G),2347.00,GUSTAVO_ELECT
PR018964-1,GENROD CAJA PASO GRIS EXTERIOR IP65 165X165X080 (22161608G),2582.00,GUSTAVO_ELECT
PR018965-1,GENROD CAJA PASO GRIS EXTERIOR IP65 165X165X110 (22161611G),2790.00,GUSTAVO_ELECT
PR018966-1,GENROD CAJA PASO GRIS EXTERIOR IP65 165X210X065 (22162106G),2739.00,GUSTAVO_ELECT
PR018967-1,GENROD CAJA PASO GRIS EXTERIOR IP65 165X210X080 (22162108G),2856.00,GUSTAVO_ELECT
PR018968-1,GENROD CAJA PASO GRIS EXTERIOR IP65 165X210X110 (22162111G),3326.00,GUSTAVO_ELECT
PR018969-1,GENROD CAJA PASO GRIS EXTERIOR IP65 210X210X110 (22212111G),3836.00,GUSTAVO_ELECT
PR018970-1,GENROD CAJA PASO GRIS EXTERIOR IP65 210X210X135 (22212113G),4227.00,GUSTAVO_ELECT
PR018971-1,GENROD CAJA PASO GRIS EXTERIOR IP65 210X210X165 (22212116G),4698.00,GUSTAVO_ELECT
PR018972-1,GENROD CAJA PASO GRIS EXTERIOR IP65 210X310X110 (22213111G),6098.00,GUSTAVO_ELECT
PR018973-1,GENROD CAJA PASO GRIS EXTERIOR IP65 210X310X135 (22213113G),7168.00,GUSTAVO_ELECT
PR018974-1,GENROD CAJA PASO GRIS EXTERIOR IP65 210X310X165 (22213116G),7858.00,GUSTAVO_ELECT
PR018975-1,GENROD CAJA PASO GRIS EXTERIOR IP65 310X310X110 (22313111G),8569.00,GUSTAVO_ELECT
PR018976-1,GENROD CAJA PASO GRIS EXTERIOR IP65 310X310X135 (22313113G),9273.00,GUSTAVO_ELECT
PR018977-1,GENROD CAJA PASO GRIS EXTERIOR IP65 310X310X165 (22313116B),10160.00,GUSTAVO_ELECT
PR018527-1,GENROD CAJA MEDIDOR MONOFASICA CON RESET EDESUR/OTRAS DIST (07884PN),4705.00,GUSTAVO_ELECT
PR018526-1,GENROD CAJA MEDIDOR MONOFASICA SIN RESET EDELAP/OTRAS DIST (07834PN),4480.00,GUSTAVO_ELECT
PR018528-1,GENROD CAJA MEDIDOR MONOFASICA CON RESET EDENOR (07884PN-2),4705.00,GUSTAVO_ELECT
PR018530-1,GENROD CAJA MEDIDOR TRIFASICA CON RESET EDESUR/OTRAS DIST (07789P),9657.00,GUSTAVO_ELECT
PR018529-1,GENROD CAJA MEDIDOR TRIFASICA SIN RESET EDELAP/OTRAS DIST (07779P),8981.00,GUSTAVO_ELECT
PR018531-1,GENROD CAJA MEDIDOR TRIFASICA CON RESET EDENOR (07789PN-2),9657.00,GUSTAVO_ELECT
