PR016870-1,ENERGIZER LINTERNA LED BICI FRONTAL BLA 2AAA IN RAYO (BIKE5LED)(OUTLET,7665.0,GUSTAVO_ELECT
PR016871-1,ENERGIZER LINTERNA LED BICI TRASERO R 2AAA IN RAYO (BIKE5LEDRED(OUTLET,7665.0,GUSTAVO_ELECT
PR016874-1,ENERGIZER LINTERNA LED REC 11 LED RAYOVAC (RECBIG220VAR) (OUTLET),17234.0,GUSTAVO_ELECT
PR016876-1,ENERGIZER LINTERNA LED REC SUPER LED BIG RAYO(SUPERRLEDBIG-ARG)(OUTLET,19951.0,GUSTAVO_ELECT
PR016886-1,ENERGIZER LINTERNA LED REC HIBRIDA 19LED RAYOVAC (R19LED) (OUTLET),35031.0,GUSTAVO_ELECT
PR009629,ENERGIZER LINTERNA LED ONE 1D,7828.0,GUSTAVO_ELECT
PR016875-1,ENERGIZER LINTERNA LED REC SUPER LED RAYOVAC (SUPERRLED-ARG),16833.0,GUSTAVO_ELECT
PR011112-1,ENERGIZER LINTERNA LED PLASTICA 2D (BANDEJA) SIN PILA EVEREADY (OUTLET,4167.0,GUSTAVO_ELECT
PR017617-1,ENERGIZER PILA AAA ALK BL RAYOVAC (OUTLET),370.0,GUSTAVO_ELECT
PR019266-1,ENERGIZER BATERIA 9V ALK BL RAYOVAC,2766.0,GUSTAVO_ELECT
PR001169,ENERGIZER PILA E91 AA ALK BL ENERGIZER,780.0,GUSTAVO_ELECT
PR001173,ENERGIZER PILA E92 AAA ALK BL ENERGIZER,780.0,GUSTAVO_ELECT
PR001170,ENERGIZER PILA E93 C ALK BL ENERGIZER,2390.0,GUSTAVO_ELECT
PR001171,ENERGIZER PILA E95 D ALK BL ENERGIZER,3163.0,GUSTAVO_ELECT
PR001172,ENERGIZER BATERIA 522 9V ALK BL ENERGIZER,3490.0,GUSTAVO_ELECT
PR001165,ENERGIZER PILA 1215 AA CARBON BL EVEREADY,466.0,GUSTAVO_ELECT
PR006124,ENERGIZER PILA 1212 AAA CARBON BL EVEREADY,607.0,GUSTAVO_ELECT
PR001166,ENERGIZER PILA 1235 C CARBON BL EVEREADY,1013.0,GUSTAVO_ELECT
PR001167,ENERGIZER PILA 1250 D CARBON BL EVEREADY,1356.0,GUSTAVO_ELECT
PR005435,ENERGIZER BATERIA 1222 9V CARBON BL EVEREADY,2015.0,GUSTAVO_ELECT
PR006950,ENERGIZER PILA NH15 AA RECARGABLE BL ENERGIZER,6458.0,GUSTAVO_ELECT
PR007785,ENERGIZER PILA NH12 AAA RECARGABLE BL ENERGIZER,6954.0,GUSTAVO_ELECT
PR001175,ENERGIZER PILA A23 ELECTRONICA BL ENERGIZER,962.0,GUSTAVO_ELECT
PR008967,ENERGIZER PILA A27 ELECTRONICA BL ENERGIZER,1647.0,GUSTAVO_ELECT
PR008968,ENERGIZER PILA A76 ELECTRONICA BL ENERGIZER,592.0,GUSTAVO_ELECT
PR009043,ENERGIZER PILA 2016 ELECTRONICA BL ENERGIZER,761.0,GUSTAVO_ELECT
PR008972,ENERGIZER PILA 2025 ELECTRONICA BL ENERGIZER,761.0,GUSTAVO_ELECT
PR008973,ENERGIZER PILA 2032 ELECTRONICA BL ENERGIZER,761.0,GUSTAVO_ELECT
PR008969,ENERGIZER PILA AZ10 AUDIO BL ENERGIZER,1113.0,GUSTAVO_ELECT
PR008970,ENERGIZER PILA AZ13 AUDIO BL ENERGIZER,1113.0,GUSTAVO_ELECT
PR009356,ENERGIZER PILA AZ312 AUDIO BL ENERGIZER,1113.0,GUSTAVO_ELECT
PR008971,ENERGIZER PILA AZ675 AUDIO BL ENERGIZER,1113.0,GUSTAVO_ELECT
PR009045,ENERGIZER PILA 377 RELOJ BL ENERGIZER,718.0,GUSTAVO_ELECT
PR008966,ENERGIZER PILA 123 FOTO BL ENERGIZER,5308.0,GUSTAVO_ELECT
PR014782-1,ENERGIZER CARGADOR MINI CH2PC4 2AA (O) 2AAA (INCLUYE 2-PILAS-REC-AA),20640.0,GUSTAVO_ELECT
