PR016133-1,OSRAM LAMPARA LEDBULB 5W (O) 5.5W E27 CAL/830 220V ND (O) LEDVANCE,424.00,GUSTAVO_ELECT
PR016134-1,OSRAM LAMPARA LEDBULB 14W E27 CAL/830 220V ND (O) LEDVANCE,741.00,GUSTAVO_ELECT
PR016135-1,OSRAM LAMPARA LEDBULB 14W E27 FRIA/865 220V ND (O) LEDVANCE,741.00,GUSTAVO_ELECT
PR017139-1,OSRAM LAMPARA LEDBULB AUTONOMA 10W E27 3000K 220V ND,4521.00,GUSTAVO_ELECT
PR017140-1,OSRAM LAMPARA LEDBULB AUTONOMA 10W E27 6500K 220V ND,4521.00,GUSTAVO_ELECT
PR017814-1,OSRAM LAMPARA LEDBULB 20W E27 FRIA 220V NO DIM A/POTENCIA,1924.00,GUSTAVO_ELECT
PR017815-1,OSRAM LAMPARA LEDBULB 30W E27 FRIA 220V NO DIM A/POTENCIA,2908.00,GUSTAVO_ELECT
PR017816-1,OSRAM LAMPARA LEDBULB 40W E27 FRIA 220V NO DIM A/POTENCIA,3954.00,GUSTAVO_ELECT
PR017817-1,OSRAM LAMPARA LEDBULB 50W E27 FRIA 220V NO DIM A/POTENCIA,5454.00,GUSTAVO_ELECT
PR019109-1,OSRAM LAMPARA LED AR111 GU10 220V 10W 24G 2700K ND,5089.00,GUSTAVO_ELECT
PR019110-1,OSRAM LAMPARA LED AR111 GU10 220V 10W 24G 4000K ND,5089.00,GUSTAVO_ELECT
PR019112-1,OSRAM LAMPARA LED BI PIN 220V 3W G9 6500K ND,2805.00,GUSTAVO_ELECT
PR019113-1,OSRAM LAMPARA LEDBULB ANTIMOSQUITO DUAL (AMA-BCA) 8W E27 6500K 220V ND,2074.00,GUSTAVO_ELECT
PR019114-1,OSRAM LAMPARA LEDBULB SENSOR MOV (INC) 9W E27 3000K 220V ND,4863.00,GUSTAVO_ELECT
PR019115-1,OSRAM LAMPARA LEDBULB SENSOR MOV (INC) 9W E27 6500K 220V ND,4863.00,GUSTAVO_ELECT
PR019116-1,OSRAM LAMPARA LEDBULB RGB (PACK X 3LAMP + C/REMOTO INC) 7.5W E27 220V,9642.00,GUSTAVO_ELECT
PR019117-1,OSRAM LAMPARA LED DICRO RGB (PACK X 3LAMP + C/REM INC) 220V 4.5W GU10,11219.00,GUSTAVO_ELECT
PR019118-1,OSRAM LAMPARA LED GOTA 220V 3W E27 2700K ND,1212.00,GUSTAVO_ELECT
PR019119-1,OSRAM LAMPARA LED GOTA 220V 3W E14 2700K ND,1212.00,GUSTAVO_ELECT
PR019120-1,OSRAM LAMPARA LED GOTA CLARA 220V 3W E14 2700K ND,1264.00,GUSTAVO_ELECT
PR019121-1,OSRAM LAMPARA LED VELITA CLARA 220V 4W E14 2700K DIMER,1825.00,GUSTAVO_ELECT
PR019122-1,OSRAM LAMPARA LED VELITA CLARA 220V 4W E27 2700K DIMER,1825.00,GUSTAVO_ELECT
PR019123-1,OSRAM LAMPARA LED GOTA COLOR VERDE 1.2W E27 220V ND,1133.00,GUSTAVO_ELECT
PR019124-1,OSRAM LAMPARA LED GOTA COLOR AMARILLO 1.2W E27 220V ND,1133.00,GUSTAVO_ELECT
PR019125-1,OSRAM LAMPARA LED GOTA COLOR ROJO 1.2W E27 220V ND,1133.00,GUSTAVO_ELECT
PR019126-1,OSRAM LAMPARA LED GOTA COLOR AZUL 1.2W E27 220V ND,1133.00,GUSTAVO_ELECT
PR019127-1,OSRAM LAMPARA LED GLOBO 12W E27 2700K ND,2862.00,GUSTAVO_ELECT
PR019128-1,OSRAM LAMPARA LED GLOBO 12W E27 6500K ND,2862.00,GUSTAVO_ELECT
PR019129-1,OSRAM LAMPARA LED FILAMENTO CLASICA A60 7W E27 2500K 220V DIMER,2150.00,GUSTAVO_ELECT
PR019130-1,OSRAM LAMPARA LED FILAMENTO EDISON 7.5W E27 2500K 220V DIMER,3047.00,GUSTAVO_ELECT
PR019131-1,OSRAM LAMPARA LED FILAMENTO EDISON SPIRAL 5W E27 2000K 220V ND,13832.00,GUSTAVO_ELECT
PR019132-1,OSRAM LAMPARA LED FILAMENTO GOTA 2.5W E27 2500K 220V ND,1130.00,GUSTAVO_ELECT
PR019133-1,OSRAM LAMPARA LED FILAMENTO GLOBO 7.5W E27 2500K 220V DIMER,4156.00,GUSTAVO_ELECT
PR019134-1,OSRAM LAMPARA LED FILAMENTO GLOBO BLACK 5W E27 4000K 220V ND,15578.00,GUSTAVO_ELECT
PR019135-1,OSRAM LAMPARA LED FILAMENTO HONGO 5W E27 2500K 220V ND,5108.00,GUSTAVO_ELECT
PR019136-1,OSRAM LAMPARA LED FILAMENTO TUBULAR T65 5W E27 2000K 220V ND,9785.00,GUSTAVO_ELECT
PR019137-1,OSRAM LAMPARA LED FILAMENTO TUBULAR T32 5W E27 2000K 220V ND,4359.00,GUSTAVO_ELECT
PR019138-1,OSRAM LAMPARA LED FILAMENTO VASE SPIRAL 5W E27 1800K 220V ND,17210.00,GUSTAVO_ELECT
PR019139-1,OSRAM LAMPARA LED FILAMENTO VELA 4.5W E27 2500K 220V DIMER,1531.00,GUSTAVO_ELECT
PR019241-1,OSRAM LAMPARA LED AR111 GU10 220V 12W 38G 3000K ND ECO,3828.00,GUSTAVO_ELECT
PR019242-1,OSRAM LAMPARA LED AR111 GU10 220V 12W 38G 6500K ND ECO,3828.00,GUSTAVO_ELECT
PR017315-1,OSRAM LAMPARA LED DICRO ECO 220V 5W GU10 110G 3000K ND,741.00,GUSTAVO_ELECT
PR017316-1,OSRAM LAMPARA LED DICRO ECO 220V 5W GU10 110G 6500K ND,741.00,GUSTAVO_ELECT
PR017317-1,OSRAM LAMPARA LED DICRO ECO 220V 7W GU10 110G 3000K ND,926.00,GUSTAVO_ELECT
PR017318-1,OSRAM LAMPARA LED DICRO ECO 220V 7W GU10 110G 6500K ND,926.00,GUSTAVO_ELECT
PR017319-1,OSRAM LAMPARA LED DICRO ECO 220V 10W GU10 110G 3000K ND,1111.00,GUSTAVO_ELECT
PR017320-1,OSRAM LAMPARA LED DICRO ECO 220V 10W GU10 110G 6500K ND,1111.00,GUSTAVO_ELECT
PR014277-1,OSRAM LAMPARA LEDBULB 5W (O) 5.5W E27 FRIA/865 220V ND (O) LEDVANCE,424.00,GUSTAVO_ELECT
PR014278-1,OSRAM LAMPARA LEDBULB 7W E27 CAL/830 220V ND (O) LEDVANCE,474.00,GUSTAVO_ELECT
PR014279-1,OSRAM LAMPARA LEDBULB 7W E27 FRIA/865 220V ND (O) LEDVANCE,474.00,GUSTAVO_ELECT
PR014280-1,OSRAM LAMPARA LEDBULB 9W E27 CAL/830 220V ND (O) LEDVANCE,498.00,GUSTAVO_ELECT
PR014281-1,OSRAM LAMPARA LEDBULB 9W E27 FRIA/865 220V ND (O) LEDVANCE,498.00,GUSTAVO_ELECT
PR014282-1,OSRAM LAMPARA LEDBULB 12W E27 CAL/830 220V ND (O) LEDVANCE,625.00,GUSTAVO_ELECT
PR014283-1,OSRAM LAMPARA LEDBULB 12W E27 FRIA/865 220V ND (O) LEDVANCE,625.00,GUSTAVO_ELECT
PR014302-1,OSRAM LAMPARA LED BI PIN 220V 3W G9 2700K ND,2805.00,GUSTAVO_ELECT
PR014303-1,OSRAM LAMPARA LED BI PIN 220V 2.5W G9 / 3000K ND (LUZ FRONTAL) (OUTLET,1440.00,GUSTAVO_ELECT
PR012307-1,OSRAM LAMPARA LED VELITA CLARA 220V 3W E27 2700K ND,1264.00,GUSTAVO_ELECT
PR019111-1,OSRAM LAMPARA LED AR111 GU10 220V 11W 24G 2700K DIMER,6135.00,GUSTAVO_ELECT
PR019108-1,OSRAM LAMPARA LED DICRO 220V 5.5W GU10 36G 2700K DIMER,2291.00,GUSTAVO_ELECT
PR015651-1,OSRAM TUBO LED 1200MM 16W/6500K,1196.00,GUSTAVO_ELECT
PR015650-1,OSRAM TUBO LED 600MM 8W/6500K,1047.00,GUSTAVO_ELECT
PR017176-1,OSRAM LUM LED ALUMBRADO PUBLICO 120W AREALIGHT HIGH 15600LM 4000K,99604.00,GUSTAVO_ELECT
PR017177-1,OSRAM LUM LED ALUMBRADO PUBLICO 120W AREALIGHT HIGH 16200LM 6500K,99604.00,GUSTAVO_ELECT
PR017179-1,OSRAM LUM LED ALUMBRADO PUBLICO 150W AREALIGHT HIGH 19500LM 4000K,132804.00,GUSTAVO_ELECT
PR017180-1,OSRAM LUM LED ALUMBRADO PUBLICO 150W AREALIGHT HIGH 20250LM 6500K,132804.00,GUSTAVO_ELECT
PR019140-1,OSRAM LUM LED ESTANCO 40W/865 DAMP PROOF LED,26033.00,GUSTAVO_ELECT
PR017055-1,OSRAM LUM LED PROYECTOR 10W LINEA BELLALUX 3000K IP65,3397.00,GUSTAVO_ELECT
PR017056-1,OSRAM LUM LED PROYECTOR 10W LINEA BELLALUX 6500K IP65,3397.00,GUSTAVO_ELECT
PR017057-1,OSRAM LUM LED PROYECTOR 30W LINEA BELLALUX 3000K IP65,7001.00,GUSTAVO_ELECT
PR017058-1,OSRAM LUM LED PROYECTOR 30W LINEA BELLALUX 6500K IP65,7001.00,GUSTAVO_ELECT
PR017059-1,OSRAM LUM LED PROYECTOR 50W LINEA BELLALUX 3000K IP65,10870.00,GUSTAVO_ELECT
PR017060-1,OSRAM LUM LED PROYECTOR 50W LINEA BELLALUX 6500K IP65,10870.00,GUSTAVO_ELECT
PR017062-1,OSRAM LUM LED PROYECTOR 100W LINEA BELLALUX 6500K IP65,24218.00,GUSTAVO_ELECT
PR017061-1,OSRAM LUM LED PROYECTOR 100W LINEA BELLALUX 3000K IP65,24218.00,GUSTAVO_ELECT
PR013259-1,OSRAM LUM LED LISTON ESTANCO P/TUBO/LED 2 X 1200MM SIN TUBO,17286.00,GUSTAVO_ELECT
PR013843-1,OSRAM LUM LED PROYECTOR 10W/850 5000K NEGRO (OUTLET),3349.00,GUSTAVO_ELECT
PR015943-1,OSRAM LUM LED ALUMBRADO PUBLICO 50W AREALIGHT 5000LM 4000K,34190.00,GUSTAVO_ELECT
PR015944-1,OSRAM LUM LED ALUMBRADO PUBLICO 50W AREALIGHT 5000LM 6500K,34190.00,GUSTAVO_ELECT
PR015945-1,OSRAM LUM LED ALUMBRADO PUBLICO 70W AREALIGHT 7000LM 4000K,45454.00,GUSTAVO_ELECT
PR015946-1,OSRAM LUM LED ALUMBRADO PUBLICO 70W AREALIGHT 7000LM 6500K,45454.00,GUSTAVO_ELECT
PR004613,OSRAM LAMPARA COMPACTA D 26W/830 2P - DULUX-D 26W/830 2P (OUTLET),1919.00,GUSTAVO_ELECT
PR015636-1,OSRAM LAMPARA SODIO 150W E40 TUBULAR - NAVT 150W E40,5739.00,GUSTAVO_ELECT
PR015637-1,OSRAM LAMPARA SODIO 250W E40 TUBULAR - NAVT 250W E40,7012.00,GUSTAVO_ELECT
PR015638-1,OSRAM LAMPARA SODIO 400W E40 TUBULAR - NAVT 400W E40,8477.00,GUSTAVO_ELECT
