PR010302,SICA LAMPARA LED DICRO 220V 4W GU10 AZUL (911618),1723.0,GUSTAVO_ELECT
PR010305,SICA LAMPARA LED DICRO 220V 4W GU10 AMARILLO (911619),1723.0,GUSTAVO_ELECT
PR019199-1,SICA LAMPARA LED AR111 GU10 220V 13.5W CAL ND (911582),3610.0,GUSTAVO_ELECT
PR019200-1,SICA LAMPARA LED AR111 GU10 220V 13.5W FRIA ND (911583),3610.0,GUSTAVO_ELECT
PR019201-1,SICA LAMPARA LED BI PIN 220V 4W G9 CAL ND (911314),2057.0,GUSTAVO_ELECT
PR019202-1,SICA LAMPARA LED BI PIN 220V 4W G9 FRIA ND (911315),2057.0,GUSTAVO_ELECT
PR019205-1,SICA LAMPARA LEDBULB 5W E27 FRIA 220V ND (911525) (OUTLET),708.0,GUSTAVO_ELECT
PR019206-1,SICA LAMPARA LEDBULB 15W E27 FRIA 220V ND (911593),1402.0,GUSTAVO_ELECT
PR019207-1,SICA LAMPARA LEDBULB AUTONOMA 7W E27 FRIA 220V ND (911971),8259.0,GUSTAVO_ELECT
PR019208-1,SICA LAMPARA LEDBULB SENSOR MOV (INC) 9W E27 FRIA 220V ND (911721),4784.0,GUSTAVO_ELECT
PR019209-1,SICA LAMPARA LED FILAMENTO CLASICA 4W E27 CAL 220V ND (911340),2330.0,GUSTAVO_ELECT
PR019211-1,SICA LAMPARA LED FILAMENTO GLOBO 4W E27 AMBAR 220V ND (911350),5193.0,GUSTAVO_ELECT
PR019212-1,SICA LAMPARA LED FILAMENTO TUBULAR 4W E27 AMBAR 220V ND (911360),5193.0,GUSTAVO_ELECT
PR019213-1,SICA LAMPARA LED PAR 38 220V 14W E27 BCO CAL ND (911598),6455.0,GUSTAVO_ELECT
PR019214-1,SICA LAMPARA LED PAR 38 220V 14W E27 BCO FRIO ND (911599),6455.0,GUSTAVO_ELECT
PR019215-1,SICA LAMPARA LED PAR 38 220V 8W E27 ROJO ND (911370),6979.0,GUSTAVO_ELECT
PR019216-1,SICA LAMPARA LED PAR 38 220V 8W E27 VERDE ND (911371),6979.0,GUSTAVO_ELECT
PR019217-1,SICA LAMPARA LED PAR 38 220V 8W E27 AZUL ND (911372),6979.0,GUSTAVO_ELECT
PR019218-1,SICA LAMPARA LED PAR 38 220V 8W E27 AMARILLO ND (911373),6979.0,GUSTAVO_ELECT
PR013101-1,SICA LAMPARA LEDBULB 7W E27 FRIA 220V ND (911527),755.0,GUSTAVO_ELECT
PR013047-1,SICA LAMPARA LEDBULB 9W E27 FRIA 220V ND (911529),766.0,GUSTAVO_ELECT
PR013048-1,SICA LAMPARA LEDBULB 13W E27 FRIA 220V ND (911591),978.0,GUSTAVO_ELECT
PR013725-1,SICA LAMPARA LEDBULB 30W E27 FRIA 220V ND A/POTENCIA (911633),3103.0,GUSTAVO_ELECT
PR013684-1,SICA LAMPARA LEDBULB 50W E27 FRIA 220V ND A/POTENCIA (911637),6977.0,GUSTAVO_ELECT
PR012983-1,SICA LAMPARA LEDBULB COLOR VERDE E27 220V ND (911577),2128.0,GUSTAVO_ELECT
PR012984-1,SICA LAMPARA LEDBULB COLOR AZUL E27 220V ND (911578),2128.0,GUSTAVO_ELECT
PR015072-1,SICA LAMPARA LED AR111 12V 12W / CAL NO DIM (911584) (OUTLET),3120.0,GUSTAVO_ELECT
PR015073-1,SICA LAMPARA LED AR111 12V 12W / FRIA NO DIM (911585) (OUTLET),3120.0,GUSTAVO_ELECT
PR013699-1,SICA LAMPARA LED DICRO 12V 6W CAL NO DIM (911230),3244.0,GUSTAVO_ELECT
PR013700-1,SICA LAMPARA LED DICRO 12V 6W FRIA NO DIM (911231),3244.0,GUSTAVO_ELECT
PR012995-1,SICA LAMPARA LED VELITA 220V 4W E14 CAL ND (911322),1023.0,GUSTAVO_ELECT
PR013279-1,SICA LAMPARA LED RTO P/PROY 78MM 220V 5W ZOC RX7S CAL (911270),6742.0,GUSTAVO_ELECT
PR013280-1,SICA LAMPARA LED RTO P/PROY 78MM 220V 5W ZOC RX7S FRIA (911271),6742.0,GUSTAVO_ELECT
PR013281-1,SICA LAMPARA LED RTO P/PROY 118MM 220V 10W ZOC RX7S CAL (911274),7397.0,GUSTAVO_ELECT
PR013282-1,SICA LAMPARA LED RTO P/PROY 118MM 220V 10W ZOC RX7S FRIA (911275),7397.0,GUSTAVO_ELECT
PR012982-1,SICA LAMPARA LEDBULB COLOR ROJO E27 220V ND (911576),2128.0,GUSTAVO_ELECT
PR012985-1,SICA LAMPARA LEDBULB COLOR AMARILLO (ANTINSECTO) E27 220V ND (911579),2128.0,GUSTAVO_ELECT
PR019705-1,SICA LAMPARA LEDBULB 7W E27 CAL 220V ND (911526),755.0,GUSTAVO_ELECT
PR019706-1,SICA LAMPARA LEDBULB 9W E27 CAL 220V ND (911528),766.0,GUSTAVO_ELECT
PR019707-1,SICA LAMPARA LEDBULB 13W E27 CAL 220V ND (911590),978.0,GUSTAVO_ELECT
PR019708-1,SICA LAMPARA LEDBULB 15W E27 CAL 220V ND (911592),1402.0,GUSTAVO_ELECT
PR010304,SICA LAMPARA LED DICRO 220V 4W GU10 ROJO (911616),1723.0,GUSTAVO_ELECT
PR012994-1,SICA LAMPARA LED VELITA 220V 4W E27 CAL ND (911320),1023.0,GUSTAVO_ELECT
PR012991-1,SICA LAMPARA LED GOTA 220V 4W E27 FRIA ND (911331),1023.0,GUSTAVO_ELECT
PR012993-1,SICA LAMPARA LED GOTA 220V 4W E14 FRIA ND (911333),1023.0,GUSTAVO_ELECT
PR013723-1,SICA LAMPARA LEDBULB 20W E27 FRIA 220V ND A/POTENCIA (911631),2486.0,GUSTAVO_ELECT
PR013682-1,SICA LAMPARA LEDBULB 40W E27 FRIA 220V ND A/POTENCIA (911635),4405.0,GUSTAVO_ELECT
PR012990-1,SICA LAMPARA LED GOTA 220V 4W E27 CAL ND (911330),1023.0,GUSTAVO_ELECT
PR012992-1,SICA LAMPARA LED GOTA 220V 4W E14 CAL ND (911332),1023.0,GUSTAVO_ELECT
PR010303,SICA LAMPARA LED DICRO 220V 4W GU10 VERDE (911617),1723.0,GUSTAVO_ELECT
PR013417-1,SICA TUBO LED 600MM 9W/FRIO ECO (911261),1475.0,GUSTAVO_ELECT
PR013418-1,SICA TUBO LED 1200MM 18W/FRIO ECO (911263),1599.0,GUSTAVO_ELECT
PR011913-1,SICA TUBO LED 2400MM 48W/FRIO (914267),20797.0,GUSTAVO_ELECT
PR015605-1,SICA TUBO LED 1500MM 24W/FRIO (911265),3515.0,GUSTAVO_ELECT
PR016933-1,SICA TERMICA 1X80A (782180),10950.0,GUSTAVO_ELECT
PR016934-1,SICA TERMICA 1X100A (782100),10950.0,GUSTAVO_ELECT
PR019735-1,SICA TERMICA 1X1A (782101),2984.0,GUSTAVO_ELECT
PR019736-1,SICA TERMICA 1X2A (782102),2984.0,GUSTAVO_ELECT
PR019737-1,SICA TERMICA 1X3A (782103),2984.0,GUSTAVO_ELECT
PR019738-1,SICA TERMICA 2X1A (782201),6499.0,GUSTAVO_ELECT
PR019739-1,SICA TERMICA 2X2A (782202),6499.0,GUSTAVO_ELECT
PR019740-1,SICA TERMICA 2X3A (782203),6499.0,GUSTAVO_ELECT
PR019741-1,SICA TERMICA 3X1A (782301),9124.0,GUSTAVO_ELECT
PR019742-1,SICA TERMICA 3X2A (782302),9124.0,GUSTAVO_ELECT
PR019743-1,SICA TERMICA 3X3A (782303),9124.0,GUSTAVO_ELECT
PR009934,SICA TERMICA 1X5A,1923.0,GUSTAVO_ELECT
PR009935,SICA TERMICA 1X10A,1923.0,GUSTAVO_ELECT
PR009936,SICA TERMICA 1X15A,1923.0,GUSTAVO_ELECT
PR009937,SICA TERMICA 1X20A,1923.0,GUSTAVO_ELECT
PR009938,SICA TERMICA 1X25A,1923.0,GUSTAVO_ELECT
PR009939,SICA TERMICA 1X32A,1923.0,GUSTAVO_ELECT
PR009940,SICA TERMICA 1X40A,2769.0,GUSTAVO_ELECT
PR009941,SICA TERMICA 1X50A,4017.0,GUSTAVO_ELECT
PR009942,SICA TERMICA 1X63A,4017.0,GUSTAVO_ELECT
PR009943,SICA TERMICA 2X5A,3761.0,GUSTAVO_ELECT
PR009944,SICA TERMICA 2X10A,3761.0,GUSTAVO_ELECT
PR009945,SICA TERMICA 2X15A,3761.0,GUSTAVO_ELECT
PR009946,SICA TERMICA 2X20A,3761.0,GUSTAVO_ELECT
PR009947,SICA TERMICA 2X25A,3761.0,GUSTAVO_ELECT
PR009948,SICA TERMICA 2X32A,3761.0,GUSTAVO_ELECT
PR009949,SICA TERMICA 2X40A,5016.0,GUSTAVO_ELECT
PR009950,SICA TERMICA 2X50A,7613.0,GUSTAVO_ELECT
PR009951,SICA TERMICA 2X63A,7613.0,GUSTAVO_ELECT
PR013916-1,SICA TERMICA 2X80A (782280),24253.0,GUSTAVO_ELECT
PR013917-1,SICA TERMICA 2X100A (782200),24253.0,GUSTAVO_ELECT
PR009952,SICA TERMICA 3X10A,7149.0,GUSTAVO_ELECT
PR009953,SICA TERMICA 3X15A,7149.0,GUSTAVO_ELECT
PR009954,SICA TERMICA 3X20A,7149.0,GUSTAVO_ELECT
PR009955,SICA TERMICA 3X25A,7149.0,GUSTAVO_ELECT
PR009956,SICA TERMICA 3X32A,7149.0,GUSTAVO_ELECT
PR009957,SICA TERMICA 3X40A,9129.0,GUSTAVO_ELECT
PR009958,SICA TERMICA 3X50A,11008.0,GUSTAVO_ELECT
PR009959,SICA TERMICA 3X63A,11008.0,GUSTAVO_ELECT
PR013918-1,SICA TERMICA 3X80A (782380),33491.0,GUSTAVO_ELECT
PR013919-1,SICA TERMICA 3X100A (782300),33491.0,GUSTAVO_ELECT
PR009960,SICA TERMICA 4X10A,10353.0,GUSTAVO_ELECT
PR009961,SICA TERMICA 4X15A,10353.0,GUSTAVO_ELECT
PR009962,SICA TERMICA 4X20A,10353.0,GUSTAVO_ELECT
PR009963,SICA TERMICA 4X25A,10353.0,GUSTAVO_ELECT
PR009964,SICA TERMICA 4X32A,10353.0,GUSTAVO_ELECT
PR009965,SICA TERMICA 4X40A,11491.0,GUSTAVO_ELECT
PR009966,SICA TERMICA 4X50A,15053.0,GUSTAVO_ELECT
PR009967,SICA TERMICA 4X63A,15053.0,GUSTAVO_ELECT
PR013920-1,SICA TERMICA 4X80A (782480),51551.0,GUSTAVO_ELECT
PR013921-1,SICA TERMICA 4X100A (782400),51551.0,GUSTAVO_ELECT
PR019744-1,SICA DISYUNTOR 300MA 2X63A INDUSTRIAL (787363),28649.0,GUSTAVO_ELECT
PR019745-1,SICA DISYUNTOR 300MA 4X63A INDUSTRIAL (787663),38700.0,GUSTAVO_ELECT
PR009968,SICA DISYUNTOR 2X25A,15008.0,GUSTAVO_ELECT
PR009969,SICA DISYUNTOR 2X40A,16279.0,GUSTAVO_ELECT
PR011971-1,SICA DISYUNTOR 2X63A,19158.0,GUSTAVO_ELECT
PR009970,SICA DISYUNTOR 4X40A,32544.0,GUSTAVO_ELECT
PR009971,SICA DISYUNTOR 4X63A,36853.0,GUSTAVO_ELECT
PR010272,SICA DISYUNTOR 10MA 2X25A ULTRASENSIBLE (784725),20040.0,GUSTAVO_ELECT
PR017365-1,SICA LISTON LED INTERCON ESTANCO IP65 18W 4000K 690MM (637144),13071.0,GUSTAVO_ELECT
PR017366-1,SICA LISTON LED INTERCON ESTANCO IP65 18W 6400K 690MM (637145),13071.0,GUSTAVO_ELECT
PR017367-1,SICA LISTON LED INTERCON ESTANCO IP65 36W 4000K 1260MM (637146),19450.0,GUSTAVO_ELECT
PR017368-1,SICA LISTON LED INTERCON ESTANCO IP65 36W 6400K 1260MM (637147),19450.0,GUSTAVO_ELECT
PR017429-1,SICA LUZ EMERGENCIA (LITIO) 60 LEDS AUTONOMIA 8HS (971142),20187.0,GUSTAVO_ELECT
PR018430-1,SICA INDICADOR CARTEL SALIDA MODELO NUEVO (971160),17555.0,GUSTAVO_ELECT
PR018431-1,SICA INDICADOR CARTEL SALIDA EMERGENCIA MODELO NUEVO (971161),17555.0,GUSTAVO_ELECT
PR018432-1,SICA INDICADOR CARTEL SALIDA ESCALERA ABAJO MODELO NUEVO (971162),17555.0,GUSTAVO_ELECT
PR018433-1,SICA INDICADOR CARTEL SALIDA ESCALERA ARRIBA MODELO NUEVO (971163),17555.0,GUSTAVO_ELECT
PR018434-1,SICA INDICADOR CARTEL SALIDA DERECHA MODELO NUEVO (971164),17555.0,GUSTAVO_ELECT
PR018435-1,SICA INDICADOR CARTEL SALIDA IZQUIERDA MODELO NUEVO (971165),17555.0,GUSTAVO_ELECT
PR018436-1,SICA INDICADOR CARTEL SALIDA PUERTA MODELO NUEVO (971166),17555.0,GUSTAVO_ELECT
PR019060-1,SICA LUMINARIA LED EMPOTRABLE C/SENSOR D/MOV 11W LD (911781),12527.0,GUSTAVO_ELECT
PR019198-1,SICA PANEL LED 40W 60X60CM CALIDO (911567),21022.0,GUSTAVO_ELECT
PR019219-1,SICA KIT ACCESORIO SUSPENSION P/PANEL LED 60X60 (911564),5383.0,GUSTAVO_ELECT
PR019220-1,SICA KIT ACCESORIO MARCO P/PANEL LED 60X60 (911565),14948.0,GUSTAVO_ELECT
PR019746-1,SICA LISTON REGLETA CHATA P/TUBO/LED 1 X 600MM SIN TUBO (637105),2023.0,GUSTAVO_ELECT
PR019747-1,SICA LISTON REGLETA CHATA P/TUBO/LED 1 X 1200MM SIN TUBO (637107),2490.0,GUSTAVO_ELECT
PR019748-1,SICA LISTON REGLETA CHATA P/TUBO/LED 1 X 1500MM SIN TUBO (637109),3665.0,GUSTAVO_ELECT
PR020097-1,SICA LISTON ESTANCO P/TUBO/LED 1 X 600MM SIN TUBO (637122),9909.0,GUSTAVO_ELECT
PR020098-1,SICA LISTON ESTANCO P/TUBO/LED 1 X 1200MM SIN TUBO (637124),14127.0,GUSTAVO_ELECT
PR020099-1,SICA LISTON ESTANCO P/TUBO/LED 1 X 1500MM SIN TUBO (637126),19302.0,GUSTAVO_ELECT
PR020100-1,SICA LISTON ESTANCO P/TUBO/LED 2 X 600MM SIN TUBO (637123),11482.0,GUSTAVO_ELECT
PR020101-1,SICA LISTON ESTANCO P/TUBO/LED 2 X 1200MM SIN TUBO (637125),14962.0,GUSTAVO_ELECT
PR020102-1,SICA LISTON ESTANCO P/TUBO/LED 2 X 1500MM SIN TUBO (637127),22439.0,GUSTAVO_ELECT
PR013729-1,SICA INDICADOR CARTEL SALIDA ESCALERA ARRIBA (971153) (OUTLET),18817.0,GUSTAVO_ELECT
PR013977-1,SICA LISTON LED SUPER CHATO (SLIM) 600MM 18W BLANCO FRIO (637151),6781.0,GUSTAVO_ELECT
PR013978-1,SICA LISTON LED SUPER CHATO (SLIM) 1200MM 36W BLANCO NEUTRO (637152),12061.0,GUSTAVO_ELECT
PR013979-1,SICA LISTON LED SUPER CHATO (SLIM) 1200MM 36W BLANCO FRIO (637153),12061.0,GUSTAVO_ELECT
PR015606-1,SICA LISTON LED SUPER CHATO (SLIM) 1500MM 45W BLANCO FRIO (637157),17252.0,GUSTAVO_ELECT
PR012831-1,SICA LISTON LED INTERCON 5W 4000K 220V C/T T5 (637130),3508.0,GUSTAVO_ELECT
PR012832-1,SICA LISTON LED INTERCON 5W 6400K 220V C/T T5 (637131),4150.0,GUSTAVO_ELECT
PR012833-1,SICA LISTON LED INTERCON 8W 4000K 220V C/T T5 (637132),4052.0,GUSTAVO_ELECT
PR012697-1,SICA LISTON LED INTERCON 8W 6400K 220V C/T T5 (637133),4462.0,GUSTAVO_ELECT
PR012834-1,SICA LISTON LED INTERCON 11W 4000K 220V C/T T5 (637134),5040.0,GUSTAVO_ELECT
PR012698-1,SICA LISTON LED INTERCON 11W 6400K 220V C/T T5 (637135),5040.0,GUSTAVO_ELECT
PR012835-1,SICA LISTON LED INTERCON 16W 4000K 220V C/T T5 (637136),5613.0,GUSTAVO_ELECT
PR012836-1,SICA LISTON LED INTERCON 16W 6400K 220V C/T T5 (637137),5845.0,GUSTAVO_ELECT
PR016140-1,SICA LUMINARIA RECARGABLE VLOG CON USB (LITIO) (911810),12514.0,GUSTAVO_ELECT
PR013981-1,SICA PROYECTOR EXT LED 100W BLANCO FRIO (376795),13757.0,GUSTAVO_ELECT
PR012707-1,SICA PROYECTOR EXT LED 10W BLANCO FRIO (376720),3107.0,GUSTAVO_ELECT
PR016153-1,SICA PROYECTOR EXT LED 150W BLANCO FRIO (376798),22457.0,GUSTAVO_ELECT
PR013766-1,SICA PROYECTOR EXT LED 20W BLANCO FRIO (376721),4102.0,GUSTAVO_ELECT
PR012708-1,SICA PROYECTOR EXT LED 30W BLANCO FRIO (376722),4779.0,GUSTAVO_ELECT
PR012709-1,SICA PROYECTOR EXT LED 50W BLANCO FRIO (376723),8335.0,GUSTAVO_ELECT
PR016155-1,SICA PROYECTOR EXT LED CON SENSOR 10W FRIO (376796),8283.0,GUSTAVO_ELECT
PR016156-1,SICA PROYECTOR EXT LED CON SENSOR 30W FRIO (376797),11310.0,GUSTAVO_ELECT
PR019174-1,SICA PANEL CIRCULAR LED EMBUTIR 6W CAL (911730),1967.0,GUSTAVO_ELECT
PR019175-1,SICA PANEL CIRCULAR LED EMBUTIR 6W FRIO (911731),1967.0,GUSTAVO_ELECT
PR019176-1,SICA PANEL CIRCULAR LED EMBUTIR 12W CAL (911732),2777.0,GUSTAVO_ELECT
PR012699-1,SICA PANEL CIRCULAR LED EMBUTIR 12W FRIO (911733),2777.0,GUSTAVO_ELECT
PR019177-1,SICA PANEL CIRCULAR LED EMBUTIR 18W CAL (911734),3456.0,GUSTAVO_ELECT
PR019178-1,SICA PANEL CIRCULAR LED EMBUTIR 24W CAL (911736),6532.0,GUSTAVO_ELECT
PR019179-1,SICA PANEL CIRCULAR LED EMBUTIR 24W FRIO (911737),6532.0,GUSTAVO_ELECT
PR019180-1,SICA PANEL CUADRADO LED EMBUTIR 6W CAL (911790),2082.0,GUSTAVO_ELECT
PR019181-1,SICA PANEL CUADRADO LED EMBUTIR 6W FRIO (911791),2082.0,GUSTAVO_ELECT
PR019182-1,SICA PANEL CUADRADO LED EMBUTIR 12W CAL (911792),3034.0,GUSTAVO_ELECT
PR019183-1,SICA PANEL CUADRADO LED EMBUTIR 18W CAL (911794),4009.0,GUSTAVO_ELECT
PR019185-1,SICA PANEL CUADRADO LED EMBUTIR 24W FRIO (911797),7257.0,GUSTAVO_ELECT
PR019186-1,SICA PANEL CIRCULAR LED APLICAR 6W CAL (911760),2553.0,GUSTAVO_ELECT
PR019187-1,SICA PANEL CIRCULAR LED APLICAR 6W FRIO (911761),2553.0,GUSTAVO_ELECT
PR019188-1,SICA PANEL CIRCULAR LED APLICAR 12W CAL (911762),3446.0,GUSTAVO_ELECT
PR012705-1,SICA PANEL CIRCULAR LED APLICAR 18W FRIO (911765),4141.0,GUSTAVO_ELECT
PR019189-1,SICA PANEL CIRCULAR LED APLICAR 18W CAL (911764),4141.0,GUSTAVO_ELECT
PR019190-1,SICA PANEL CIRCULAR LED APLICAR 24W CAL (911766),6998.0,GUSTAVO_ELECT
PR019191-1,SICA PANEL CIRCULAR LED APLICAR 24W FRIO (911767),6998.0,GUSTAVO_ELECT
PR019192-1,SICA PANEL CUADRADO LED APLICAR 6W CAL (911770),2677.0,GUSTAVO_ELECT
PR019193-1,SICA PANEL CUADRADO LED APLICAR 6W FRIO (911771),2677.0,GUSTAVO_ELECT
PR019194-1,SICA PANEL CUADRADO LED APLICAR 12W CAL (911772),3669.0,GUSTAVO_ELECT
PR012706-1,SICA PANEL CUADRADO LED APLICAR 18W FRIO (911775),4642.0,GUSTAVO_ELECT
PR019196-1,SICA PANEL CUADRADO LED APLICAR 24W CAL (911776),8048.0,GUSTAVO_ELECT
PR019197-1,SICA PANEL CUADRADO LED APLICAR 24W FRIO (911777),8048.0,GUSTAVO_ELECT
PR019184-1,SICA PANEL CUADRADO LED EMBUTIR 24W CAL (911796),7257.0,GUSTAVO_ELECT
PR012702-1,SICA PANEL CUADRADO LED APLICAR 12W FRIO (911773),3669.0,GUSTAVO_ELECT
PR019195-1,SICA PANEL CUADRADO LED APLICAR 18W CAL (911774),4642.0,GUSTAVO_ELECT
PR016154-1,SICA PROYECTOR EXT LED 200W BLANCO FRIO (376799),30809.0,GUSTAVO_ELECT
PR017209-1,SICA PANEL LED 40W 60X60CM FRIO (911568),21022.0,GUSTAVO_ELECT
PR016136-1,SICA VELADOR ESCRITORIO SIN USB 3.5W BLANCO (911800),14878.0,GUSTAVO_ELECT
PR016137-1,SICA VELADOR ESCRITORIO SIN USB 3.5W PLATEADO (911801),15473.0,GUSTAVO_ELECT
PR016138-1,SICA VELADOR ESCRITORIO CON USB 3.5W BLANCO (911802),18118.0,GUSTAVO_ELECT
PR016139-1,SICA VELADOR ESCRITORIO CON USB 3.5W PLATEADO (911803),23361.0,GUSTAVO_ELECT
PR012408-1,SICA PANEL LED 40W 120X30CM CALIDO (911867),24869.0,GUSTAVO_ELECT
PR012409-1,SICA PANEL LED 40W 120X30CM FRIO (911868),24869.0,GUSTAVO_ELECT
PR017211-1,SICA KIT ACCESORIO MARCO P/PANEL LED 120X30 (911569),18006.0,GUSTAVO_ELECT
PR012700-1,SICA PANEL CUADRADO LED EMBUTIR 12W FRIO (911793),3034.0,GUSTAVO_ELECT
PR012701-1,SICA PANEL CIRCULAR LED APLICAR 12W FRIO (911763) O (911653),3446.0,GUSTAVO_ELECT
PR012703-1,SICA PANEL CIRCULAR LED EMBUTIR 18W FRIO (911735),3456.0,GUSTAVO_ELECT
PR012704-1,SICA PANEL CUADRADO LED EMBUTIR 18W FRIO (911795) O (911559),4009.0,GUSTAVO_ELECT
PR017871-1,SICA ADAPTADOR RIEL DIN 1M LIFE (357102),339.0,GUSTAVO_ELECT
PR017872-1,SICA ADAPTADOR RIEL DIN 2M LIFE (357202),395.0,GUSTAVO_ELECT
PR019916-1,SICA BASTIDOR TAPA CIEGO LIFE 3-MOD RECT (354131),381.0,GUSTAVO_ELECT
PR010106,SICA BASTIDOR LIFE 3-MOD RECT (397403),208.0,GUSTAVO_ELECT
PR010107,SICA BASTIDOR LIFE 2-MOD RECT CENTRAL (397406),208.0,GUSTAVO_ELECT
PR010108,SICA BASTIDOR LIFE 1-MOD RECT (APTO MIGNON) (397401),208.0,GUSTAVO_ELECT
PR010113,SICA BASTIDOR LIFE 1-MOD MIGNON (396003),285.0,GUSTAVO_ELECT
PR018916-1,SICA TIMER (O) RELOJ MECANICO RIEL DIN (789026),31189.0,GUSTAVO_ELECT
PR019355-1,SICA TIMER (O) RELOJ DIGITAL RIEL DIN (789027),30543.0,GUSTAVO_ELECT
PR018915-1,SICA TIMER (O) RELOJ MECANICO ENCHUFABLE (789051),9508.0,GUSTAVO_ELECT
PR019224-1,SICA LLAVE ARMADA LIFE TOMA DOBLE IRAM (UNO) BLANCO PURO (545248),1526.0,GUSTAVO_ELECT
PR013260-1,SICA LLAVE ARMADA LIFE PUNTO (UNO) BLANCO PURO (545217),793.0,GUSTAVO_ELECT
PR013261-1,SICA LLAVE ARMADA LIFE PUNTO (DOS) BLANCO PURO (545218),1147.0,GUSTAVO_ELECT
PR013262-1,SICA LLAVE ARMADA LIFE PUNTO (TRES) BLANCO PURO (545219),1526.0,GUSTAVO_ELECT
PR013263-1,SICA LLAVE ARMADA LIFE COMBINACION (UNO) BLANCO PURO (545220),891.0,GUSTAVO_ELECT
PR013264-1,SICA LLAVE ARMADA LIFE PULSADOR (UNO) BLANCO PURO (545221),824.0,GUSTAVO_ELECT
PR013266-1,SICA LLAVE ARMADA LIFE PUNTO (UNO) + TOMA BINORMA (UNO) BCO P (545229),1147.0,GUSTAVO_ELECT
PR013267-1,SICA LLAVE ARMADA LIFE PUNTO (UNO) + TOMA IRAM (UNO) BLANCO P (545222),1147.0,GUSTAVO_ELECT
PR013268-1,SICA LLAVE ARMADA LIFE TOMA BINORMA (UNO) BLANCO PURO (545214) (545205,793.0,GUSTAVO_ELECT
PR013272-1,SICA LLAVE ARMADA LIFE TOMA IRAM (UNO) BLANCO PURO (545211),793.0,GUSTAVO_ELECT
PR013269-1,SICA LLAVE ARMADA LIFE TOMA BINORMA (DOS) BLANCO PURO (545206),1147.0,GUSTAVO_ELECT
PR013273-1,SICA LLAVE ARMADA LIFE TOMA IRAM (DOS) BLANCO PURO (545212),1147.0,GUSTAVO_ELECT
PR013270-1,SICA LLAVE ARMADA LIFE TOMA DOBLE BINORMA (UNO) BLANCO PURO (545228),1526.0,GUSTAVO_ELECT
PR013271-1,SICA LLAVE ARMADA LIFE TOMA 20 AMP (UNO) BLANCO PURO (545224),1766.0,GUSTAVO_ELECT
PR013274-1,SICA LLAVE ARMADA LIFE TOMA TV (UNO) BLANCO PURO (545239),1122.0,GUSTAVO_ELECT
PR013275-1,SICA LLAVE ARMADA LIFE TOMA TE (UNO) BLANCO PURO (545208),1242.0,GUSTAVO_ELECT
PR013278-1,SICA LLAVE ARMADA LIFE CIEGA BLANCO PURO (545226),633.0,GUSTAVO_ELECT
PR017307-1,SICA LLAVE ARMADA LIFE TOMA USB (DOS) BLANCO PURO (545247),15684.0,GUSTAVO_ELECT
PR017305-1,SICA LLAVE ARMADA LIFE PULSADOR MIGNON (UNO) BLANCO PURO (545240),886.0,GUSTAVO_ELECT
PR017306-1,SICA LLAVE ARMADA LIFE TOMA MIGNON BINORMA (UNO) BLANCO PURO (545227),875.0,GUSTAVO_ELECT
PR010109,SICA TAPA LIFE 3-MOD RECT BLANCO PURO (397300),269.0,GUSTAVO_ELECT
PR010110,SICA TAPA LIFE 2-MOD RECT CENTRAL BLANCO PURO (397600),269.0,GUSTAVO_ELECT
PR010111,SICA TAPA LIFE 1-MOD RECT APTO MIGN BLANCO PURO (397100),283.0,GUSTAVO_ELECT
PR010295,SICA TAPA LIFE 1-MOD MIGNON BLANCO PURO (397700) APTO BAST SELENE,269.0,GUSTAVO_ELECT
PR010116,SICA TAPA SELENE 3-MOD RECT BLANCO LUNA (396311) (OUTLET),121.0,GUSTAVO_ELECT
PR010114,SICA RIBETE SELENE 3-MOD RECT BLANCO LUNA (396133) (OUTLET),81.0,GUSTAVO_ELECT
PR010115,SICA RIBETE SELENE 1-MOD MIGNON BLANCO LUNA (396153) (OUTLET),81.0,GUSTAVO_ELECT
PR010117,SICA TAPA SELENE 1-MOD MIGNON BLANCO LUNA (396511) (OUTLET),121.0,GUSTAVO_ELECT
PR010296,SICA TAPA LIFE 1-MOD MIGNON BLANCO LUNA (397701) APTO B/SELENE (OUTLET,121.0,GUSTAVO_ELECT
PR019243-1,SICA MOD TAPON CIEGO ROBUSTO BLANCO PURO PREMIUM (354101),152.0,GUSTAVO_ELECT
PR012464-1,SICA MOD TAPON CIEGO ECONOMICO BLANCO PURO (550422),85.0,GUSTAVO_ELECT
PR019910-1,SICA MOD PUNTO EN MEDIO MODULO BLANCO PURO (350111),987.0,GUSTAVO_ELECT
PR019911-1,SICA MOD PUNTO BIPOLAR BLANCO PURO (350404),2109.0,GUSTAVO_ELECT
PR019912-1,SICA MOD COMBINACION (O) INVERSOR BIPOLAR BLANCO PURO (351401),3266.0,GUSTAVO_ELECT
PR010118,SICA MOD PUNTO STD BLANCO PURO (550112),434.0,GUSTAVO_ELECT
PR010122,SICA MOD COMB STD BLANCO PURO (550122),529.0,GUSTAVO_ELECT
PR010126,SICA MOD PULSADOR STD BLANCO PURO (550132),443.0,GUSTAVO_ELECT
PR010124,SICA MOD COMB PREMIUM BLANCO LUNA (351503) (OUTLET),61.0,GUSTAVO_ELECT
PR010125,SICA MOD COMB LUMINOSO PREMIUM BLANCO LUNA (351523) (OUTLET),107.0,GUSTAVO_ELECT
PR010127,SICA MOD PULSADOR PREMIUM BLANCO LUNA (352503) (OUTLET),49.0,GUSTAVO_ELECT
PR010128,SICA MOD PULSADOR LUMINOSO PREMIUM BLANCO LUNA (352523) (OUTLET),83.0,GUSTAVO_ELECT
PR019913-1,SICA MOD TOMA RJ45 BLANCO PURO (363541),5247.0,GUSTAVO_ELECT
PR019914-1,SICA MOD TOMA USB DOBLE A+A BLANCO PURO (373001),16020.0,GUSTAVO_ELECT
PR019915-1,SICA MOD TOMA USB DOBLE A+C BLANCO PURO (373011),16020.0,GUSTAVO_ELECT
PR010129,SICA MOD TOMA BINORMA BLANCO PURO (353901),434.0,GUSTAVO_ELECT
PR010133,SICA MOD TOMA BINORMA DOBLE BLANCO PURO (550922),1197.0,GUSTAVO_ELECT
PR010137,SICA MOD TOMA 20A BLANCO PURO (353231),1451.0,GUSTAVO_ELECT
PR010131,SICA MOD TOMA IRAM BLANCO PURO (550912I),434.0,GUSTAVO_ELECT
PR010135,SICA MOD TOMA IRAM DOBLE BLANCO PURO (353931I),1197.0,GUSTAVO_ELECT
PR012460-1,SICA MOD TOMA TV-P/FINO ECONOMICO BLANCO PURO (550432),761.0,GUSTAVO_ELECT
PR012462-1,SICA MOD TOMA TE-RJ11 6P 2C ECONOMICO BLANCO PURO (550442),877.0,GUSTAVO_ELECT
PR010134,SICA MOD TOMA BINORMA DOBLE BLANCO LUNA (353923) (OUTLET),79.0,GUSTAVO_ELECT
PR010136,SICA MOD TOMA IRAM DOBLE BLANCO LUNA (353933I) (OUTLET),79.0,GUSTAVO_ELECT
PR010132,SICA MOD TOMA IRAM BCO LUNA (550913I) (OUTLET),24.0,GUSTAVO_ELECT
PR010140,SICA MOD TOMA TV-P/G BCO LUNA (550213) (OUTLET),94.0,GUSTAVO_ELECT
PR010147,SICA MOD DIMER (O) VARIADOR LUZ BLANCO PURO (359911),6836.0,GUSTAVO_ELECT
PR019356-1,SICA PROTECTOR TENSION DIGITAL COMPACTO SIN DISP (789034),12162.0,GUSTAVO_ELECT
PR017011-1,SICA PROTECTOR TENSION DIGITAL C/DISPLAY INDICADOR D/VOLTAJE (789029),16216.0,GUSTAVO_ELECT
PR013876-1,SICA INTERRUPTOR COMPACTO CAJA MOLDEADA 3X158/225A REGULABLE (723225),150687.0,GUSTAVO_ELECT
PR013878-1,SICA INTERRUPTOR COMPACTO CAJA MOLDEADA 3X315A (723315),268049.0,GUSTAVO_ELECT
PR013879-1,SICA INTERRUPTOR COMPACTO CAJA MOLDEADA 3X350A (723350),355287.0,GUSTAVO_ELECT
PR013885-1,SICA INTERRUPTOR COMPACTO CAJA MOLDEADA 4X70/100A REGULABLE (724100),72438.0,GUSTAVO_ELECT
PR013886-1,SICA INTERRUPTOR COMPACTO CAJA MOLDEADA 4X88/125A REGULABLE (724125),98382.0,GUSTAVO_ELECT
PR013887-1,SICA INTERRUPTOR COMPACTO CAJA MOLDEADA 4X112/160A REGULABLE (724160),112427.0,GUSTAVO_ELECT
PR013888-1,SICA INTERRUPTOR COMPACTO CAJA MOLDEADA 4X140/200A REGULABLE (724200),248651.0,GUSTAVO_ELECT
PR013889-1,SICA INTERRUPTOR COMPACTO CAJA MOLDEADA 4X158/225A REGULABLE (724225),248651.0,GUSTAVO_ELECT
PR013890-1,SICA INTERRUPTOR COMPACTO CAJA MOLDEADA 4X175/250A REGULABLE (724250),248641.0,GUSTAVO_ELECT
PR013891-1,SICA INTERRUPTOR COMPACTO CAJA MOLDEADA 4X315A (724315),434687.0,GUSTAVO_ELECT
PR010003,SICA CONTACTOR 3POLOS 9AMP 1NA BOBINA 24VCA (700910),10310.0,GUSTAVO_ELECT
PR010002,SICA CONTACTOR 3POLOS 9AMP 1NA BOBINA 220VCA (740910),11341.0,GUSTAVO_ELECT
PR010005,SICA CONTACTOR 3POLOS 12AMP 1NA BOBINA 24VCA (701210),10991.0,GUSTAVO_ELECT
PR010004,SICA CONTACTOR 3POLOS 12AMP 1NA BOBINA 220VCA (741210),12090.0,GUSTAVO_ELECT
PR010007,SICA CONTACTOR 3POLOS 18AMP 1NA BOBINA 24VCA (701810),13787.0,GUSTAVO_ELECT
PR010006,SICA CONTACTOR 3POLOS 18AMP 1NA BOBINA 220VCA (741810),15166.0,GUSTAVO_ELECT
PR010009,SICA CONTACTOR 3POLOS 25AMP 1NA BOBINA 24VCA (702510),19503.0,GUSTAVO_ELECT
PR010008,SICA CONTACTOR 3POLOS 25AMP 1NA BOBINA 220VCA (742510),21453.0,GUSTAVO_ELECT
PR010011,SICA CONTACTOR 3POLOS 32AMP 1NA BOBINA 24VCA (703210),29550.0,GUSTAVO_ELECT
PR010010,SICA CONTACTOR 3POLOS 32AMP 1NA BOBINA 220VCA (743210),32505.0,GUSTAVO_ELECT
PR013898-1,SICA CONTACTOR 3POLOS 40AMP 1NA + 1NC BOBINA 220VCA (744011),32248.0,GUSTAVO_ELECT
PR013899-1,SICA CONTACTOR 3POLOS 40AMP 1NA + 1NC BOBINA 24VCA (704011),29316.0,GUSTAVO_ELECT
PR013900-1,SICA CONTACTOR 3POLOS 50AMP 1NA + 1NC BOBINA 220VCA (745011),37214.0,GUSTAVO_ELECT
PR013901-1,SICA CONTACTOR 3POLOS 50AMP 1NA + 1NC BOBINA 24VCA (705011),33831.0,GUSTAVO_ELECT
PR013902-1,SICA CONTACTOR 3POLOS 65AMP 1NA + 1NC BOBINA 220VCA (746511),54586.0,GUSTAVO_ELECT
PR013903-1,SICA CONTACTOR 3POLOS 65AMP 1NA + 1NC BOBINA 24VCA (706511),49624.0,GUSTAVO_ELECT
PR013904-1,SICA CONTACTOR 3POLOS 80AMP 1NA + 1NC BOBINA 220VCA (748011),54798.0,GUSTAVO_ELECT
PR013905-1,SICA CONTACTOR 3POLOS 80AMP 1NA + 1NC BOBINA 24VCA (708011),54798.0,GUSTAVO_ELECT
PR013906-1,SICA CONTACTOR 3POLOS 95AMP 1NA + 1NC BOBINA 220VCA (749511),67999.0,GUSTAVO_ELECT
PR013907-1,SICA CONTACTOR 3POLOS 95AMP 1NA + 1NC BOBINA 24VCA (709511),67999.0,GUSTAVO_ELECT
PR010023,SICA GUARDAMOTOR 0.63-1A (761000),45672.0,GUSTAVO_ELECT
PR010024,SICA GUARDAMOTOR 1-1.6A (761001),45672.0,GUSTAVO_ELECT
PR010025,SICA GUARDAMOTOR 1.6-2.5A (761002),49045.0,GUSTAVO_ELECT
PR010026,SICA GUARDAMOTOR 2.5-4A (761003),49045.0,GUSTAVO_ELECT
PR010027,SICA GUARDAMOTOR 4-6.3A (761004),49045.0,GUSTAVO_ELECT
PR010028,SICA GUARDAMOTOR 6-10A (761005),49045.0,GUSTAVO_ELECT
PR013911-1,SICA GUARDAMOTOR 9-14A (761006),54563.0,GUSTAVO_ELECT
PR013912-1,SICA GUARDAMOTOR 13-18A (761007),54563.0,GUSTAVO_ELECT
PR013913-1,SICA GUARDAMOTOR 17-23A (761008),54563.0,GUSTAVO_ELECT
PR013914-1,SICA GUARDAMOTOR 20-25A (761009),54563.0,GUSTAVO_ELECT
PR013915-1,SICA GUARDAMOTOR 24-32A (761010),60235.0,GUSTAVO_ELECT
PR010013,SICA RELE TERMICO 1-1.6A (752506),15231.0,GUSTAVO_ELECT
PR010014,SICA RELE TERMICO 1.6-2.5A (752507),15231.0,GUSTAVO_ELECT
PR010015,SICA RELE TERMICO 2.5-4A (752508),15231.0,GUSTAVO_ELECT
PR010016,SICA RELE TERMICO 4-6A (752509),15231.0,GUSTAVO_ELECT
PR010017,SICA RELE TERMICO 5.5-8A (752510),15231.0,GUSTAVO_ELECT
PR010018,SICA RELE TERMICO 7-10A (752511),15231.0,GUSTAVO_ELECT
PR010019,SICA RELE TERMICO 9-13A (752512),15231.0,GUSTAVO_ELECT
PR010020,SICA RELE TERMICO 12-18A (752513),15231.0,GUSTAVO_ELECT
PR010021,SICA RELE TERMICO 17-25A (752514),15231.0,GUSTAVO_ELECT
PR010022,SICA RELE TERMICO 23-32A (753615),36913.0,GUSTAVO_ELECT
PR013908-1,SICA RELE TERMICO 30-40A (753616),36913.0,GUSTAVO_ELECT
PR013909-1,SICA RELE TERMICO 37-50A (759319),45036.0,GUSTAVO_ELECT
PR013910-1,SICA RELE TERMICO 48-65A (759320),63736.0,GUSTAVO_ELECT
PR016292-1,SICA CAMARA IP MOVIL WIFI C/CABLE USB INC (915212),32652.0,GUSTAVO_ELECT
PR010285,SICA CANO CF 20MM (X MTS) (980021),569.0,GUSTAVO_ELECT
PR012173-1,SICA CANO CF 22MM (X MTS) (980023),739.0,GUSTAVO_ELECT
PR010286,SICA CANO CF 25MM (X MTS) (980022),802.0,GUSTAVO_ELECT
PR011534-1,SICA CANO CF 40MM (X MTS) (980024),2216.0,GUSTAVO_ELECT
PR011535-1,SICA CANO CF 50MM (X MTS) (980025),2525.0,GUSTAVO_ELECT
PR010293,SICA CONECTOR CF A ROSCA 20MM - IP54 - (981021),108.0,GUSTAVO_ELECT
PR013974-1,SICA CONECTOR CF A ROSCA 20MM - IP65 - (982021),2462.0,GUSTAVO_ELECT
PR012175-1,SICA CONECTOR CF A ROSCA 22MM - IP54 - (981023),198.0,GUSTAVO_ELECT
PR010294,SICA CONECTOR CF A ROSCA 25MM - IP54 - (981022),225.0,GUSTAVO_ELECT
PR013975-1,SICA CONECTOR CF A ROSCA 25MM - IP65 - (982022),2821.0,GUSTAVO_ELECT
PR015653-1,SICA CONECTOR CF A ROSCA 40MM - IP54 - (981024),542.0,GUSTAVO_ELECT
PR015654-1,SICA CONECTOR CF A ROSCA 50MM - IP54 - (981025),773.0,GUSTAVO_ELECT
PR010287,SICA CURVA CF 20MM - IP54 - (981001),288.0,GUSTAVO_ELECT
PR013970-1,SICA CURVA CF 20MM - IP65 - (982001),1317.0,GUSTAVO_ELECT
PR012174-1,SICA CURVA CF 22MM - IP54 - (981003),342.0,GUSTAVO_ELECT
PR010288,SICA CURVA CF 25MM - IP54 - (981002),368.0,GUSTAVO_ELECT
PR013971-1,SICA CURVA CF 25MM - IP65 - (982002),3391.0,GUSTAVO_ELECT
PR015655-1,SICA CURVA CF 40MM - IP54 - (981004),1576.0,GUSTAVO_ELECT
PR011542-1,SICA CURVA CF 50MM - IP54 - (981005),1871.0,GUSTAVO_ELECT
PR010289,SICA UNION CF 20MM - IP54 - (981011),102.0,GUSTAVO_ELECT
PR013972-1,SICA UNION CF 20MM - IP65 - (982011),1814.0,GUSTAVO_ELECT
PR012176-1,SICA UNION CF 22MM - IP54 - (981013),136.0,GUSTAVO_ELECT
PR010290,SICA UNION CF 25MM - IP54 - (981012),147.0,GUSTAVO_ELECT
PR013973-1,SICA UNION CF 25MM - IP65 - (982012),2101.0,GUSTAVO_ELECT
PR015652-1,SICA UNION CF 40MM - IP54 - (981014),455.0,GUSTAVO_ELECT
PR011544-1,SICA UNION CF 50MM - IP54 - (981015),593.0,GUSTAVO_ELECT
PR010291,SICA GRAMPA CF 20MM (Y) 22MM (983001),108.0,GUSTAVO_ELECT
PR010292,SICA GRAMPA CF 25MM (983002),136.0,GUSTAVO_ELECT
PR011547-1,SICA GRAMPA CF 40MM (983004),345.0,GUSTAVO_ELECT
PR011548-1,SICA BARRA FIJACION GRAMPA CF (983010),1322.0,GUSTAVO_ELECT
PR011549-1,SICA RESORTE DOBLA C 20MM (984001),31873.0,GUSTAVO_ELECT
PR012177-1,SICA RESORTE DOBLA C 22MM (984003),34022.0,GUSTAVO_ELECT
PR011550-1,SICA RESORTE DOBLA C 25MM (984002),38281.0,GUSTAVO_ELECT
PR015954-1,SICA CINTA AISLADORA 10M NEGRA (915410),514.0,GUSTAVO_ELECT
PR016429-1,SICA CINTA AISLADORA 10M BLANCA (915412),514.0,GUSTAVO_ELECT
PR016270-1,SICA CINTA AISLADORA 20M NEGRA (915420),1024.0,GUSTAVO_ELECT
PR010029,SICA DETECTOR (O) SENSOR HUMO AUTONOMO NORMALIZADO (376405),12951.0,GUSTAVO_ELECT
PR010031,SICA DETECTOR (O) SENSOR GAS (376225),35320.0,GUSTAVO_ELECT
PR010032,SICA DETECTOR (O) SENSOR MONOXIDO DE CARBONO (376013),33358.0,GUSTAVO_ELECT
PR010033,SICA DETECTOR (O) SENSOR MOVIMIENTO PARED BLANCO 220VCA (374013),11157.0,GUSTAVO_ELECT
PR010034,SICA DETECTOR (O) SENSOR MOVIMIENTO PARED/BRAZO BLANCO 220VCA (374016),10539.0,GUSTAVO_ELECT
PR010035,SICA DETECTOR (O) SENSOR MOVIMIENTO TECHO BLANCO 220VCA (374018),9732.0,GUSTAVO_ELECT
PR016271-1,SICA DETECTOR (O) SENSOR MOVIMIENTO TECHO EMPOTRABLE BL 220VCA (374020,13056.0,GUSTAVO_ELECT
PR016410-1,SICA DETECTOR (O) SENSOR MOVIMIENTO EMBUTIR CAJA 5X10 BL 220VCA(374150,11964.0,GUSTAVO_ELECT
PR019560-1,SICA DETECTOR 3EN1 TABIQUES METAL TENSION (378130),19557.0,GUSTAVO_ELECT
PR010986-1,SICA FICHA INDUSTRIAL 2P+T 16A ( IP44 ) (924001),4904.0,GUSTAVO_ELECT
PR010987-1,SICA FICHA INDUSTRIAL 2P+T 32A ( IP44 ) (924011),7631.0,GUSTAVO_ELECT
PR010988-1,SICA FICHA INDUSTRIAL 3P+T 16A ( IP44 ) (924103),5770.0,GUSTAVO_ELECT
PR010989-1,SICA FICHA INDUSTRIAL 3P+T 32A ( IP44 ) (924113),8615.0,GUSTAVO_ELECT
PR010990-1,SICA FICHA INDUSTRIAL 3P+T+N 16A ( IP44 ) (924203),6872.0,GUSTAVO_ELECT
PR010991-1,SICA FICHA INDUSTRIAL 3P+T+N 32A ( IP44 ) (924206),9716.0,GUSTAVO_ELECT
PR015581-1,SICA FICHA INDUSTRIAL 2P+T 16A ( IP67 ) (924301),4922.0,GUSTAVO_ELECT
PR015582-1,SICA FICHA INDUSTRIAL 2P+T 32A ( IP 67 ) (924311),7405.0,GUSTAVO_ELECT
PR015583-1,SICA FICHA INDUSTRIAL 3P+T 16A ( IP67 ) (924403),5653.0,GUSTAVO_ELECT
PR015584-1,SICA FICHA INDUSTRIAL 3P+T 32A ( IP67 ) (924413),8226.0,GUSTAVO_ELECT
PR015585-1,SICA FICHA INDUSTRIAL 3P+T+N 16A ( IP67 ) (924503),6737.0,GUSTAVO_ELECT
PR015586-1,SICA FICHA INDUSTRIAL 3P+T+N 32A ( IP67 ) (924506),9283.0,GUSTAVO_ELECT
PR010992-1,SICA TOMA ACOPLE INDUSTRIAL 2P+T 16A ( IP44 ) (925002),6467.0,GUSTAVO_ELECT
PR010993-1,SICA TOMA ACOPLE INDUSTRIAL 2P+T 32A ( IP44 ) (925011),9287.0,GUSTAVO_ELECT
PR010994-1,SICA TOMA ACOPLE INDUSTRIAL 3P+T 16A ( IP44 ) (925103),7450.0,GUSTAVO_ELECT
PR010995-1,SICA TOMA ACOPLE INDUSTRIAL 3P+T 32A ( IP44 ) (925113),9874.0,GUSTAVO_ELECT
PR010996-1,SICA TOMA ACOPLE INDUSTRIAL 3P+T+N 16A ( IP44 ) (925203),8135.0,GUSTAVO_ELECT
PR010997-1,SICA TOMA ACOPLE INDUSTRIAL 3P+T+N 32A ( IP44 ) (925206),11185.0,GUSTAVO_ELECT
PR015587-1,SICA TOMA ACOPLE INDUSTRIAL 2P+T 16A ( IP67 ) (925302),6725.0,GUSTAVO_ELECT
PR015588-1,SICA TOMA ACOPLE INDUSTRIAL 2P+T 32A ( IP67 ) (925311),9993.0,GUSTAVO_ELECT
PR015589-1,SICA TOMA ACOPLE INDUSTRIAL 3P+T 16A ( IP67 ) (925403),7450.0,GUSTAVO_ELECT
PR015590-1,SICA TOMA ACOPLE INDUSTRIAL 3P+T 32A ( IP67 ) (925413),10748.0,GUSTAVO_ELECT
PR015591-1,SICA TOMA ACOPLE INDUSTRIAL 3P+T+N 16A ( IP67 ) (925503),8592.0,GUSTAVO_ELECT
PR015592-1,SICA TOMA ACOPLE INDUSTRIAL 3P+T+N 32A ( IP67 ) (925506),12178.0,GUSTAVO_ELECT
PR010998-1,SICA TOMA EMBUTIR INDUSTRIAL 2P+T 16A ( IP44 ) (926002),4786.0,GUSTAVO_ELECT
PR010999-1,SICA TOMA EMBUTIR INDUSTRIAL 2P+T 32A ( IP44 ) (926011),6439.0,GUSTAVO_ELECT
PR011000-1,SICA TOMA EMBUTIR INDUSTRIAL 3P+T 16A ( IP44 ) (926103),5482.0,GUSTAVO_ELECT
PR011001-1,SICA TOMA EMBUTIR INDUSTRIAL 3P+T 32A ( IP44 ) (926113),7342.0,GUSTAVO_ELECT
PR011002-1,SICA TOMA EMBUTIR INDUSTRIAL 3P+T+N 16A ( IP44 ) (926203),6123.0,GUSTAVO_ELECT
PR011003-1,SICA TOMA EMBUTIR INDUSTRIAL 3P+T+N 32A ( IP44 ) (926206),8497.0,GUSTAVO_ELECT
PR015593-1,SICA TOMA EMBUTIR INDUSTRIAL 2P+T 16A ( IP67 ) (926302),5057.0,GUSTAVO_ELECT
PR015594-1,SICA TOMA EMBUTIR INDUSTRIAL 2P+T 32A ( IP67 ) (926311),6646.0,GUSTAVO_ELECT
PR015595-1,SICA TOMA EMBUTIR INDUSTRIAL 3P+T 16A ( IP67 ) (926403),5770.0,GUSTAVO_ELECT
PR015596-1,SICA TOMA EMBUTIR INDUSTRIAL 3P+T 32A ( IP67 ) (926413),7332.0,GUSTAVO_ELECT
PR015597-1,SICA TOMA EMBUTIR INDUSTRIAL 3P+T+N 16A ( IP67 ) (926503),6294.0,GUSTAVO_ELECT
PR015598-1,SICA TOMA EMBUTIR INDUSTRIAL 3P+T+N 32A ( IP67 ) (926506),8389.0,GUSTAVO_ELECT
PR011004-1,SICA TOMA EXTERIOR INDUSTRIAL 2P+T 16A ( IP44 ) (927002),8732.0,GUSTAVO_ELECT
PR011005-1,SICA TOMA EXTERIOR INDUSTRIAL 2P+T 32A ( IP44 ) (927011),10439.0,GUSTAVO_ELECT
PR011006-1,SICA TOMA EXTERIOR INDUSTRIAL 3P+T 16A ( IP44 ) (927103),9409.0,GUSTAVO_ELECT
PR011007-1,SICA TOMA EXTERIOR INDUSTRIAL 3P+T 32A ( IP44 ) (927113),11152.0,GUSTAVO_ELECT
PR011008-1,SICA TOMA EXTERIOR INDUSTRIAL 3P+T+N 16A ( IP44 ) (927203),10095.0,GUSTAVO_ELECT
PR011009-1,SICA TOMA EXTERIOR INDUSTRIAL 3P+T+N 32A ( IP44 ) (927206),12624.0,GUSTAVO_ELECT
PR015599-1,SICA TOMA EXTERIOR INDUSTRIAL 2P+T 16A ( IP67 ) (927302),9211.0,GUSTAVO_ELECT
PR015600-1,SICA TOMA EXTERIOR INDUSTRIAL 2P+T 32A ( IP67 ) (927311),10935.0,GUSTAVO_ELECT
PR015601-1,SICA TOMA EXTERIOR INDUSTRIAL 3P+T 16A ( IP67 ) (927403),10014.0,GUSTAVO_ELECT
PR015602-1,SICA TOMA EXTERIOR INDUSTRIAL 3P+T 32A ( IP67 ) (927413),11549.0,GUSTAVO_ELECT
PR015603-1,SICA TOMA EXTERIOR INDUSTRIAL 3P+T+N 16A ( IP67 ) (927503),10673.0,GUSTAVO_ELECT
PR015604-1,SICA TOMA EXTERIOR INDUSTRIAL 3P+T+N 32A ( IP67 ) (927506),12813.0,GUSTAVO_ELECT
PR010982-1,SICA BASE NH00 UNIPOLAR SIN FUS (422012),7014.0,GUSTAVO_ELECT
PR010983-1,SICA BASE NH1 UNIPOLAR SIN FUS (422126),16399.0,GUSTAVO_ELECT
PR010984-1,SICA BASE NH2 UNIPOLAR SIN FUS (422250),29032.0,GUSTAVO_ELECT
PR010985-1,SICA BASE NH3 UNIPOLAR SIN FUS (422373),38737.0,GUSTAVO_ELECT
PR017096-1,SICA MANIJA INSERCION/EXTRACCION FUSIBLE NH (402000),11218.0,GUSTAVO_ELECT
PR010273,SICA FUSIBLE NH00 6A (421006),4121.0,GUSTAVO_ELECT
PR010274,SICA FUSIBLE NH00 10A (421010),4121.0,GUSTAVO_ELECT
PR010275,SICA FUSIBLE NH00 16A (421016),4121.0,GUSTAVO_ELECT
PR010276,SICA FUSIBLE NH00 20A (421020),4121.0,GUSTAVO_ELECT
PR010277,SICA FUSIBLE NH00 25A (421025),4121.0,GUSTAVO_ELECT
PR010278,SICA FUSIBLE NH00 36A (421036),4121.0,GUSTAVO_ELECT
PR010279,SICA FUSIBLE NH00 50A (421050),4122.0,GUSTAVO_ELECT
PR010280,SICA FUSIBLE NH00 63A (421063),4122.0,GUSTAVO_ELECT
PR010281,SICA FUSIBLE NH00 80A (421080),4121.0,GUSTAVO_ELECT
PR010282,SICA FUSIBLE NH00 100A (421011),4121.0,GUSTAVO_ELECT
PR010283,SICA FUSIBLE NH00 125A (421012),5362.0,GUSTAVO_ELECT
PR010284,SICA FUSIBLE NH00 160A (421014),5362.0,GUSTAVO_ELECT
PR010965-1,SICA FUSIBLE NH1 40A (421140),10501.0,GUSTAVO_ELECT
PR010966-1,SICA FUSIBLE NH1 50A (421150),10501.0,GUSTAVO_ELECT
PR010967-1,SICA FUSIBLE NH1 63A (421163),10501.0,GUSTAVO_ELECT
PR010968-1,SICA FUSIBLE NH1 80A (421180),10501.0,GUSTAVO_ELECT
PR010969-1,SICA FUSIBLE NH1 100A (421110),10501.0,GUSTAVO_ELECT
PR010970-1,SICA FUSIBLE NH1 125A (421112),10501.0,GUSTAVO_ELECT
PR010971-1,SICA FUSIBLE NH1 160A (421116),10501.0,GUSTAVO_ELECT
PR010972-1,SICA FUSIBLE NH1 200A (421120),10501.0,GUSTAVO_ELECT
PR010973-1,SICA FUSIBLE NH1 250A (421125),10501.0,GUSTAVO_ELECT
PR010974-1,SICA FUSIBLE NH2 200A (421220),16162.0,GUSTAVO_ELECT
PR010975-1,SICA FUSIBLE NH2 225A (421222),16162.0,GUSTAVO_ELECT
PR010976-1,SICA FUSIBLE NH2 250A (421225),16162.0,GUSTAVO_ELECT
PR010977-1,SICA FUSIBLE NH2 315A (421231),16162.0,GUSTAVO_ELECT
PR010978-1,SICA FUSIBLE NH2 355A (421235),16162.0,GUSTAVO_ELECT
PR010979-1,SICA FUSIBLE NH2 400A (421240),16162.0,GUSTAVO_ELECT
PR010980-1,SICA FUSIBLE NH3 500A (421350),32860.0,GUSTAVO_ELECT
PR010981-1,SICA FUSIBLE NH3 630A (421363),32860.0,GUSTAVO_ELECT
PR016145-1,SICA CUTTER PLASTICO 18MM (380100),1016.0,GUSTAVO_ELECT
PR010038,SICA BUSCAPOLO PLANO 140MM (378200),906.0,GUSTAVO_ELECT
PR010039,SICA BUSCAPOLO PLANO 190MM (378201),1157.0,GUSTAVO_ELECT
PR015172-1,SICA DESTORNILLADOR PLANO 4 X 75MM (379000),976.0,GUSTAVO_ELECT
PR016272-1,SICA DESTORNILLADOR PLANO 4 X 100MM 1000V (379010),1606.0,GUSTAVO_ELECT
PR015173-1,SICA DESTORNILLADOR PLANO 5.5 X 100MM (379001),1252.0,GUSTAVO_ELECT
PR016273-1,SICA DESTORNILLADOR PLANO 5.5 X 125MM 1000V (379011),1811.0,GUSTAVO_ELECT
PR015174-1,SICA DESTORNILLADOR PLANO 6.5 X 100MM (379002),1504.0,GUSTAVO_ELECT
PR015175-1,SICA DESTORNILLADOR PLANO 6.5 X 150MM (379003),1630.0,GUSTAVO_ELECT
PR015178-1,SICA PINZA UNIVERSAL 7 PULGADAS (380000),11563.0,GUSTAVO_ELECT
PR016276-1,SICA PINZA UNIVERSAL 7 PULGADAS 1000V (380010),17742.0,GUSTAVO_ELECT
PR015179-1,SICA PINZA PUNTA 6 PULGADAS (380001),8919.0,GUSTAVO_ELECT
PR016277-1,SICA PINZA PUNTA 8 PULGADAS 1000V (380011),16841.0,GUSTAVO_ELECT
PR016278-1,SICA PINZA ALICATE CORTE LAT 6 PULG 1000V (380012),17361.0,GUSTAVO_ELECT
PR016279-1,SICA PINZA PELACABLE (380200),9283.0,GUSTAVO_ELECT
PR018103-1,SICA CAJA SUPERFICIE P/LLAVES SIN TAPA MINI 1MOD (366522) (OUTLET),245.0,GUSTAVO_ELECT
PR018106-1,SICA CAJA SUPERFICIE P/LLAVES CON TAPA 2MOD (366000) (OUTLET),871.0,GUSTAVO_ELECT
PR018108-1,SICA MARCO P/CAJA SUPERFICIE CON TAPA 3MOD (366200) (OUTLET),1264.0,GUSTAVO_ELECT
PR016147-1,SICA LINTERNA LED REC 2-EN-1 CON USB (LITIO) (986180),12970.0,GUSTAVO_ELECT
