NSS 10,90 SEGUNDOS - SOLDADURA INSTANTANEA,1478.44,INTEGRAL
AFX VA 2,ABROJO SUJETADOR AUTOADHESIVO 20 MM X 2 M,4825.01,INTEGRAL
AFX VB 2,ABROJO SUJETADOR BIFAZ 15 MM X 2 M,3025.37,INTEGRAL
GMX ACR 110 B,ACRILICO PINTABLE BLANCO POMO 110 ML,1239.37,INTEGRAL
SBD 1 ST,AD. DE CONT. FORM. SIN TOLUENO 1 KG,8879.25,INTEGRAL
SBD 125 ST,AD. DE CONT. FORM. SIN TOLUENO 125 ML.,2307.94,INTEGRAL
SBD 25 BST,AD. DE CONT. FORM. SIN TOLUENO 25 ML BLISTER,920.62,INTEGRAL
SBD 25 ST,AD. DE CONT. FORM. SIN TOLUENO 25ML TIRA,884.72,INTEGRAL
SBD 4 ST,AD. DE CONT. FORM. SIN TOLUENO 4 KGS,28125.30,INTEGRAL
SBD 50 ST,AD. DE CONT. FORM. SIN TOLUENO 50 ML BLISTER,1378.27,INTEGRAL
SBD 1/2 ST,AD. DE CONT. FORM. SIN TOLUENO LAT 1/2 KG,4921.18,INTEGRAL
SBD 1/4 ST,AD. DE CONT. FORM. SIN TOLUENO LATA 1/4 KG,3056.91,INTEGRAL
SBD 50 ST E,ADH. DE CONTACTO SIN TOLUENO ESTUCHE 50 ML,1391.94,INTEGRAL
SBD TR 25 B,ADH. DE CONTACTO TRANSP. BLISTER 25 ML,983.83,INTEGRAL
SBD TR 50 B,ADH. DE CONTACTO TRANSP. BLISTER 50 ML,1463.83,INTEGRAL
SBD TR 100 E,ADH. DE CONTACTO TRANSP. ESTUCHE 100 ML,2411.03,INTEGRAL
SBD TR 25 E,ADH. DE CONTACTO TRANSP. ESTUCHE 25 ML,983.83,INTEGRAL
SBD TR 50 E,ADH. DE CONTACTO TRANSP. ESTUCHE 50 ML,1490.98,INTEGRAL
SBD TR 1,ADH. DE CONTACTO TRANSP. LATA 1 LT,8787.26,INTEGRAL
SBD TR 1/4,ADH. DE CONTACTO TRANSP. LATA 250 ML,3291.58,INTEGRAL
SBD TR 1/2,ADH. DE CONTACTO TRANSP. LATA 500 ML,5242.91,INTEGRAL
SBD TR 25 T,ADH. DE CONTACTO TRANSP. TIRA 25 ML,946.13,INTEGRAL
SBD TR 50 B I,ADHESIVO DE CONTACTO TRANSPARENTE BLISTER 50 ML - C/ INSTANTANEO DE REGALO,1551.65,INTEGRAL
EAB 40 R,ADHESIVO EN BARRA 40 G,803.41,INTEGRAL
EAB 8 R,ADHESIVO EN BARRA 8 G,310.32,INTEGRAL
EAB 25 T,ADHESIVO EN BARRA TRIANGULAR 25 G,750.07,INTEGRAL
EAB 8 T,ADHESIVO EN BARRA TRIANGULAR 8 G,317.91,INTEGRAL
OF019,"ADHESIVO ESPEJO RETROVISOR 0,4 ML",2369.92,INTEGRAL
RTR ESP,"ADHESIVO ESPEJO RETROVISOR 0,4 ML",2523.28,INTEGRAL
ARN FL 1X3 B,ADHESIVO FLASH 1 G X 3 UNIDADES BLISTER,504.30,INTEGRAL
ARN FL 1X3 T,ADHESIVO FLASH 1 G X 3 UNIDADES TIRA,477.21,INTEGRAL
ARN FL 2 B,ADHESIVO FLASH 2 G BLISTER,422.59,INTEGRAL
ARN FL 2 T,ADHESIVO FLASH 2 G TIRA,395.23,INTEGRAL
ARN FL 3G B,ADHESIVO FLASH GEL 3 G BLISTER,583.81,INTEGRAL
ARN FL 3G T,ADHESIVO FLASH GEL 3 G TIRA,545.92,INTEGRAL
MTJ 400,ADHESIVO PARA MONTAJES CARTUCHOS 400 GR,4409.56,INTEGRAL
MTJ 150,ADHESIVO PARA MONTAJES POMO 150 GR,1999.98,INTEGRAL
ZAP 10 B,ADHESIVO PARA ZAPATILLAS (BLISTER X 10 GRS),1191.04,INTEGRAL
OF017,ADHESIVO PARA ZAPATILLAS (BLISTER X 10 GRS),1098.12,INTEGRAL
ECT 50,ADHESIVO ULTRA TRANSPARENTE,499.52,INTEGRAL
SBD U 60 CE,ADHESIVO UNO 60 ML EN CAJA EXHIBIDORA,1061.51,INTEGRAL
OF020,AFIX CLAVO FACIL 20 UNIDADES C/SUJETADOR,1801.05,INTEGRAL
AFX CF 1 20,AFIX CLAVO FACIL 20 UNIDADES C/SUJETADOR,0.00,INTEGRAL
ZNO B,AUTOADHESIVO - BLANCO - 92 CM.,2118.72,INTEGRAL
ZNO,AUTOADHESIVO - GRIS - 92 CM.,2118.72,INTEGRAL
ZNO SM,AUTOADHESIVO - SIMIL MADERA - 92 CM.,2118.72,INTEGRAL
AFX W 16,AUTOADHESIVO DOBLE FAZ EN PLACA,1218.66,INTEGRAL
AFX W R2,AUTOADHESIVO DOBLE FAZ EN ROLLO,2118.42,INTEGRAL
C HM HX 8K,BARRAS ADH. 7X10CMX8K,35518.09,INTEGRAL
C HM F10 UT 25,"BARRAS ADH.U.TRANSP 0,74X10CMX25 UNIDADES",1518.21,INTEGRAL
C HM F30 UT 14,"BARRAS ADH.U.TRANSP 0,74X30CMX14 BARRAS",2391.42,INTEGRAL
C HM F30 UT 41,"BARRAS ADH.U.TRANSP. 0,74X30CMX41 UNIDADES",6706.53,INTEGRAL
C HM G10 UT 10,"BARRAS ADH.U.TRANSP. 1,12 X10CMX 10 BARRAS",1518.21,INTEGRAL
C HM F30 UN 41,"BARRAS ADH.UNIV 0,74X30CMX41 UNIDADES",6706.53,INTEGRAL
C HM F10 UN 25,"BARRAS ADH.UNIV. 0,74X10CMX25 BARRAS",1518.21,INTEGRAL
C HM G30 UN 17,"BARRAS ADH.UNIV. 1,12X30CMX 17 BARRAS",6706.53,INTEGRAL
C HM HX GL 12,BARRAS ADHESIVAS GLITTER X 12 UNIDADES,1190.06,INTEGRAL
C HM G30 UT 17,"BARRAS ADHESIVAS ULTRA TRANSPARENTE 17 UNIDADES 1,12 X 30 CM",6706.53,INTEGRAL
SLT V,BURL. AUTOAD. VINILO BLANCO 5X5X10,1417.95,INTEGRAL
SLT V M,BURL. AUTOAD. VINILO MARRON 5X5X10,1417.95,INTEGRAL
SLT D,BURL. AUTOADH. GOMA ESPUMA DOBLE 5X10X10,1100.58,INTEGRAL
SLT D M,BURL. AUTOADH. GOMA ESPUMA DOBLE 5X10X10 MARRON,1100.58,INTEGRAL
SLT EA,BURL. AUTOADH. GOMA ESPUMA EXTRA ANCHO 5X20X10,1569.60,INTEGRAL
SLT EA M,BURL. AUTOADH. GOMA ESPUMA EXTRA ANCHO 5X20X10 MARRON,1569.60,INTEGRAL
SLT N,BURL. AUTOADH. GOMA ESPUMA NORMAL 5X10X5,871.04,INTEGRAL
SLT V I,BURL. AUTOADH. VINILO BCO 5X5X10,1736.49,INTEGRAL
SLT V M I,BURL. AUTOADH. VINILO MARRON 5X5X10,1736.49,INTEGRAL
SLT D 5 M I,"BURL. GOMA AUTOADH.MARRON.PERF.D 5,2X9X6",2069.80,INTEGRAL
SLT P 5 M I,"BURL. GOMA AUTOADH.MARRON.PERF.P 5,2X9X6",2069.98,INTEGRAL
SLT D 5 B I,"BURL.DE GOMA AUTOADH.BCO.PERFIL D 5,2X9X6",2069.80,INTEGRAL
SLT E 5 B I,"BURL.DE GOMA AUTOADH.BCO.PERFIL E 5,2X9X4",1975.54,INTEGRAL
SLT P 5 B I,"BURL.DE GOMA AUTOADH.BCO.PERFIL P 5,2X9,5X5,5",2069.98,INTEGRAL
SLT E 5 M I,"BURL.GOMA AUTOADH.MARRON.PERF.E 5,2X9X4",1975.54,INTEGRAL
CIA A-3 20,CIANOACR. - PENETRANTE,3401.33,INTEGRAL
CIA A-40 20,CIANOACR. - PLASTICOS Y GOMAS,2721.06,INTEGRAL
CIA A-100 20,CIANOACR.-SUP. POROSAS MEDIA VISC.,2721.06,INTEGRAL
TPC BC,CIRCULAR - BLANCA - ESPESOR 5 MM,616.07,INTEGRAL
TPC SM,CIRCULAR - SIMIL MADERA - ESPESOR 5 MM,705.95,INTEGRAL
COM HOGAR 2,COMBO HOGAR AFIX Y TOPETINAS CHICO,0.00,INTEGRAL
COM MPX EXA,COMBO MASILLA ERPOX 24 UNIDADES+EXHIB,0.00,INTEGRAL
COM MPX EXA C12,COMBO MASILLAS ERPOX 10 MIN X 12 UNIDADES,15105.85,INTEGRAL
COMSPXSA25C,COMBO SUPERPOX SUPERADHESIVO ACERO,0.00,INTEGRAL
DRX E 48100 T,DUREX EMBALAJE 48MM X 100M - TRANSPARENTE,0.00,INTEGRAL
DRX E 4850 T,DUREX EMBALAJE 48MM X 50M - TRANSP.,0.00,INTEGRAL
DRX I RAC 12,DUREX INVISIBLE 19MM X 12M C/RACIONADOR,302.40,INTEGRAL
DRX I RAC 29,DUREX INVISIBLE 19MM X 29M C/RACIONADOR,0.00,INTEGRAL
SPX 20 AT,EPOXI METALICO,1391.05,INTEGRAL
SPX 16 TB,EPOXI TRANSPARENTE,1571.85,INTEGRAL
SPX 16 TT,EPOXI TRANSPARENTE 16GR,1571.85,INTEGRAL
EX A,ERPOX ACERO,3907.11,INTEGRAL
EX A 105,ERPOX ACERO - JUEGO POTES 105 G,2859.58,INTEGRAL
EXB,ERPOX BLANCO,3669.18,INTEGRAL
EXB 80,ERPOX BLANCO - JUEGO POTES 80 G.,2679.20,INTEGRAL
EPP PU 300 E,ESPUMA DE POLIUR. 300ML ECONOMY,3456.42,INTEGRAL
EPP PU 750 E,ESPUMA DE POLIUR. 750 ML ECONOMY,5308.09,INTEGRAL
EPP PU 500 E,ESPUMA DE POLIURETANO ECONOMY 500 ML,4702.67,INTEGRAL
EPP PU 500 P,ESPUMA DE POLIURETANO PREMIUM 500ML,5367.70,INTEGRAL
EPP PU 750 P,ESPUMA DE POLIURETANO PREMUIM 750 ML,6075.24,INTEGRAL
TPC F 20 M,FIELTRO CIRCULAR 20 MM X 32 UNIDADES MARRON,2010.23,INTEGRAL
TPC F 30 M,FIELTRO CIRCULAR 30 MM X 18 UNIDADES MARRON,2010.23,INTEGRAL
TPR F 20 M,FIELTRO RECTANGULAR 20 MM X 32 UNIDADES MARRON,2010.23,INTEGRAL
TPR F 30 M,FIELTRO RECTANGULAR 30 MM X 18 UNIDADES MARRON,2010.23,INTEGRAL
AFX PGM 1,GANCHO  METALICO AUTOADHESIVO MULTIUSO BLANCO,1852.42,INTEGRAL
AFX S E,GANCHO AUTOADHESIVO SUJETA ESCOBAS ARO BLANCO,1852.42,INTEGRAL
GFX 25,GLUFIX - 100% SILICONA - TRANSPARENTE 25ML,846.20,INTEGRAL
GFX 50,GLUFIX - 100% SILICONA - TRANSPARENTE 50 ML,1219.87,INTEGRAL
SGC H 6,JERINGA SOMERSET GEL MATA CUCARACHAS 6 G,1103.51,INTEGRAL
KIT PRB,KIT REPARACION PARABRISAS,3570.79,INTEGRAL
MBN MAN 20 B,MANTA LIQUIDA IMPERMEABILIZANTE TECHOS Y AZOTEAS BLANCA,73631.48,INTEGRAL
MPX EXA 10 100,MASILLA ERPOX 10 MIN 100 G,1398.68,INTEGRAL
MBN M1000 1.4B,MEMBRANA IMPERMEABILIZANTE TECHOS Y AZOTEAS M-1000 BLANCA,3356.97,INTEGRAL
MBN M1000 5.6B,MEMBRANA IMPERMEABILIZANTE TECHOS Y AZOTEAS M-1000 BLANCA,11879.36,INTEGRAL
MBN M1000 28B,MEMBRANA IMPERMEABILIZANTE TECHOS Y AZOTEAS M-1000 BLANCA,50143.29,INTEGRAL
MBN M1000 14B,MEMBRANA IMPERMEABILIZANTE TECHOS Y AZOTEAS M-1000 BLANCO,26598.03,INTEGRAL
MBN M1000 1.4R,MEMBRANA IMPERMEABILIZANTE TECHOS Y AZOTEAS M-1000 ROJA,3356.97,INTEGRAL
MBN M1000 5.6R,MEMBRANA IMPERMEABILIZANTE TECHOS Y AZOTEAS M-1000 ROJA,11879.36,INTEGRAL
MBN M1000 28R,MEMBRANA IMPERMEABILIZANTE TECHOS Y AZOTEAS M-1000 ROJA,50143.42,INTEGRAL
MBN M1000 14R,MEMBRANA IMPERMEABILIZANTE TECHOS Y AZOTEAS M-1000 ROJO,26598.03,INTEGRAL
MBN M500 5.2R,MEMBRANA IMPERMEABILIZANTE TECHOS Y AZOTEAS M-500 ROJA,0.00,INTEGRAL
MBN M500 13R,MEMBRANA IMPERMEABILIZANTE TECHOS Y AZOTEAS M-500 ROJA,0.00,INTEGRAL
PRT L2 FP,PEGA RAT - TRAMPAS ADHESIVAS PARA LAUCHAS FLOWPACK,1095.70,INTEGRAL
PRT R2 FP,PEGA RAT TRAMPA ADH. P/RATAS FLOWPACK,1793.81,INTEGRAL
PTT 30,PEGATODO TRANSPARENTE 30 CC,665.25,INTEGRAL
PVN 25 B,PEGOVIN - ADHESIVO PARA PLASTICOS 25 CC,1986.44,INTEGRAL
PBD 400 B,PERBOND - SELLADOR MULTIUSO - BLANCO 400 ML,3802.34,INTEGRAL
PBD 50,PERBOND - SELLADOR MULTIUSO - BLANCO BLISTER 50 ML,1381.31,INTEGRAL
PBD 125,PERBOND - SELLADOR MULTIUSO - BLANCO ESTUCHE 125 ML,1950.17,INTEGRAL
PBD 25 T,PERBOND - SELLADOR MULTIUSO - BLANCO TIRA 25 ML,838.60,INTEGRAL
PBD 400,PERBOND - SELLADOR MULTIUSO - GRIS 400 ML,3802.34,INTEGRAL
PBD 50 TR6,PERBOND 50 CC - POMO EN BLISTER + SBD TR 6 ML GRATIS,1381.31,INTEGRAL
AFX P66 BO,PERCHA AUTOADHESIVA OVAL X 1 U. 66MM BLANCO,1852.42,INTEGRAL
AFX P54 BO,PERCHAS AUTOADHESIVAS OVAL X 3 U. 54MM BLANCO,1597.73,INTEGRAL
AFX P54 TO,PERCHAS AUTOADHESIVAS OVAL X 3 U. 54MM TRANSPARENTE,1597.73,INTEGRAL
AFX P35 BO,PERCHAS AUTOADHESIVAS OVAL X 5 U. 35MM BLANCO,1661.67,INTEGRAL
AFX P35 TO,PERCHAS AUTOADHESIVAS OVAL X 5 U. 35MM TRANSPARENTE,1661.67,INTEGRAL
AFX P35 AR,PERCHAS CIRCULARES X 2 U. 35MM A. INOXIDABLE,1949.73,INTEGRAL
AFX P49 AR,PERCHAS RECTANGULARES X 2 U. 49MM A. INOXIDABLE,2574.41,INTEGRAL
AFX P18 AR,PERCHAS RECTANGULARES X 5 U. 18MM A. INOXIDABLE,1886.61,INTEGRAL
AFX P4G A,PERCHERO AUTOADHESIVO 4 GANCHOS A. INOXIDABLE,3231.38,INTEGRAL
AFX SR A,PERCHERO SUJETA REPASADOR A. INOXIDABLE,2284.47,INTEGRAL
PAH 1 B,PINTURA ESPECIAL ANTIHONGOS 1 LITRO,4980.63,INTEGRAL
PAH 4 B,PINTURA ESPECIAL ANTIHONGOS 4 LITROS,17556.94,INTEGRAL
C PHX 100,PISTOLA HOT MEL MODELO HX 100 - POTENCIA 10 WATTS,5380.45,INTEGRAL
C PX 300,PISTOLA HOT MEL MODELO PX 300 - POTENCIA 40 WATTS,7985.24,INTEGRAL
C PHX 100 L,PISTOLA HOT MELT HX 100  LUNARES,5380.45,INTEGRAL
C PHX 100 F,PISTOLA HOT MELT HX 100 FLORES,5380.45,INTEGRAL
C PHX 200 R,PISTOLA HOT MELT MODELO HX 200 ROSA,6747.31,INTEGRAL
C PX 2100,PISTOLA MOD. PX 2100 PROFESIONAL,19792.43,INTEGRAL
PST GR,PISTOLA PORTACARTUCHOS ECONOMY GRIS,3560.95,INTEGRAL
PST PL,PISTOLA PORTACARTUCHOS PROFESIONAL CROMADA,6951.72,INTEGRAL
PST PL 700,PISTOLA PORTACARTUCHOS SERIE 700,7839.02,INTEGRAL
PST PL 800,PISTOLA PORTACARTUCHOS SERIE 800,8709.37,INTEGRAL
TPC A 18 T,PROTECTOR DE PVC TRANSPARENTE 18 MM X 12 UNIDADES,1920.07,INTEGRAL
TPR BC,RECTANGULAR - BLANCA - DE 8.5 X 3CM / ESPESOR 5MM,663.13,INTEGRAL
TPR SM,RECTANGULAR - SIMIL MADERA - 8.5 X 3CM / ESPESOR 5MM,835.03,INTEGRAL
RPM 250,REPELENTE PARA PALOMAS Y MURCIELAGOS,3125.80,INTEGRAL
GMX CTO 280 G,SELL.  ACRILICO REPARADOR DE CONCRETO Y CEMENTO 280 ML,2098.95,INTEGRAL
GMX ACR 280 B,SELLADOR ACRILICO PINTABLE - BLANCO 280 ML,1903.03,INTEGRAL
GMX ACR 1 B,SELLADOR ACRILICO PINTABLE POTE 1 KG - BLANCO,4755.33,INTEGRAL
GMX J 280 T,SELLADOR ACRILICO PREMIUM  JUNTAS Y FISURAS TRANSP. 280 ML,2312.87,INTEGRAL
GBU 310 N,SELLADOR BUTILICO NEGRO 310 ML,1001.16,INTEGRAL
SMZ 50 A,SELLADOR DE METALES ZINGUERIA Y CANALETAS 50ML,1419.31,INTEGRAL
GPU C 310 G,SELLADOR DE POLIURETANO - CONSTRUCCION II - GRIS CARTUCHO 310 ML,6535.39,INTEGRAL
GMX M 280 P,SELLADOR MADERAS Y MUEBLES  280 ML PINO,2271.32,INTEGRAL
GMX M 280 N,SELLADOR MADERAS Y MUEBLES  280ML NOGAL,2271.32,INTEGRAL
SMZ 300 A,SELLADOR METALES ZINGUERIA - ALUMINIO CARTUCHO 300 ML,4115.13,INTEGRAL
PBD P 25 T,SELLADOR PERBOND PREMIUM TRANSPARENTE 25 CC.,880.82,INTEGRAL
PBD P 50,SELLADOR PERBOND PREMIUM TRANSPARENTE BLISTER 50 ML,1450.80,INTEGRAL
PBD P 125,SELLADOR PERBOND PREMIUM TRANSPARENTE CAJA 125 ML,2047.27,INTEGRAL
PBD P 310,SELLADOR PERBOND PREMIUM TRANSPARENTE CARTUCHO 310 ML,3992.19,INTEGRAL
PSC 310 A,SELLADOR PISCINAS 310ML AZUL CARTUCHO 310 ML,3587.31,INTEGRAL
GAS 50,SELLARROSCAS GAS BLISTER 50 ML,1554.94,INTEGRAL
GAS 125,SELLARROSCAS GAS ESTUCHE 125 ML,2457.38,INTEGRAL
GAS 25,SELLARROSCAS GAS TIRA 25 ML,1015.92,INTEGRAL
GFX B 280 B,SILICONA 100% - BAÑOS Y COCINAS -BLANCO 280 ML,4210.30,INTEGRAL
GFX B 280 T,SILICONA 100% - BAÑOS Y COCINAS -TRANSP. 280 ML,4210.30,INTEGRAL
GFX J 280 R,SILICONA 100% - JUNTAS Y MOTORES - ROJO CARTUCHO 280 ML,4576.34,INTEGRAL
GFX J 90 R,SILICONA 100% - JUNTAS Y MOTORES - ROJO POMO 90 ML,2087.83,INTEGRAL
GFX C 280 T,SILICONA 100% CONSTRUCCION NEUTRA - TRANSP. 280 ML,4355.98,INTEGRAL
GFX J 110 R,SILICONA JUNTAS Y MOTORES 110ML POMO ROJO,2758.94,INTEGRAL
GFX J 60 R,SILICONA JUNTAS Y MOTORES 60 ML POMO ROJO,1789.45,INTEGRAL
ESL 100,SILICONA LIQUIDA DE 100 ML,1337.93,INTEGRAL
ESL 225,SILICONA LIQUIDA DE 225 ML,1930.55,INTEGRAL
ESL 30,SILICONA LIQUIDA DE 30 ML,596.62,INTEGRAL
GFX C 110 T,SILICONA NEUTRA CONSTRUCCION 110ML POMO TRANSPARENTE,2712.81,INTEGRAL
GFX U 280 B,SILICONA UNIVERSAL - BLANCA 280 ML,3335.65,INTEGRAL
GFX U 280 N,SILICONA UNIVERSAL - NEGRA 280 ML,3335.65,INTEGRAL
GFX U 280 T,SILICONA UNIVERSAL - TRANSP. 280 ML,3238.46,INTEGRAL
GFX U 110 B,SILICONA UNIVERSAL 110 ML POMO BLANCO,1993.09,INTEGRAL
GFX U 110 N,SILICONA UNIVERSAL 110 ML POMO NEGRA,1993.09,INTEGRAL
GFX U 110 T,SILICONA UNIVERSAL 110 ML POMO TRANSP.,1993.09,INTEGRAL
GFX U 60 B,SILICONA UNIVERSAL 60 ML POMO BLANCO,1422.75,INTEGRAL
GFX U 60 N,SILICONA UNIVERSAL 60 ML POMO NEGRO,1422.75,INTEGRAL
GFX U 60 T,SILICONA UNIVERSAL 60ML POMO TRANSPARENTE,1422.75,INTEGRAL
SGC CBO 6,SOMERSET CEBO MATA CUCARACHAS,1294.36,INTEGRAL
SGC H 12,SOMERSET GEL - JERINGA MATA CUCARACHA,1723.98,INTEGRAL
SPX SA 25 A E,SUPERPOX SUPERADHESIVO ACERO ESTUCHE X 25G,1571.85,INTEGRAL
SPX SA 16 T E,SUPERPOX SUPERADHESIVO TRANSPARENTE ESTUCHE X 16G,1571.85,INTEGRAL
SBD GL 3 20,SUPRABOND ADHESIVO GLITTER 3 U. X 20 G,1415.64,INTEGRAL
SBD GL 6 10,SUPRABOND ADHESIVO GLITTER 6 U. X 10 G,1382.89,INTEGRAL
SBD GL 5 23 D,SUPRABOND ADHESIVO GLITTER DUO 5 U. X 23 G,2751.48,INTEGRAL
DBL 30 B T,SUPRABOND DOBLADILLOS NUEVA FORMULA 30 ML,1301.04,INTEGRAL
TRS C-AM 15,TRABA P/CILINDRICAS HOLG. MEDIA,4642.39,INTEGRAL
TRS R-AA 15,TRABA P/ROSCAS TQUE. ALTO HOLG. ALTA,4642.39,INTEGRAL
TRS R-AM 15,TRABA P/ROSCAS TQUE. ALTO HOLG. MEDIA,4642.39,INTEGRAL
DRX T 60,TRANSPARENTE,0.00,INTEGRAL
MBN VEN 1/2 B,VENDA LIQUIDA IMPERMEABILIZANTE - BLANCA,3870.84,INTEGRAL
MBN VEN 1 B,VENDA LIQUIDA IMPERMEABILIZANTE - BLANCA,5832.44,INTEGRAL
MBN VEN 4 B,VENDA LIQUIDA IMPERMEABILIZANTE - BLANCA,17621.82,INTEGRAL
ZNO CP B,ZOCALO CON CEPILLO BLANCO,2972.65,INTEGRAL
ZNO CP M,ZOCALO CON CEPILLO MARRON,3860.58,INTEGRAL
ZNO D B,ZOCALO DOBLE DE 95 CM- BLANCO,4916.19,INTEGRAL
ZNO D G,ZOCALO DOBLE DE 95 CM- GRIS,4916.19,INTEGRAL
ZNO D M,ZOCALO DOBLE DE 95 CM- MARRON,4916.19,INTEGRAL
ZNO D N,ZOCALO DOBLE DE 95 CM NEGRO,4916.19,INTEGRAL
ZNO D B 120,ZOCALO DOBLE EXTRA LARGO DE 120 CM- BLANCO,5653.62,INTEGRAL
ZNO D G 120,ZOCALO DOBLE EXTRA LARGO DE 120 CM- GRIS,5653.62,INTEGRAL
ZNO D M 120,ZOCALO DOBLE EXTRA LARGO DE 120 CM- MARRON,5653.62,INTEGRAL
