CAB,ABROCHADORA - ENGRAMPADORA 2 EN 1,16874.06,INTEGRAL
LLC 14,AJUSTABLE - TIPO STILSON,21032.38,INTEGRAL
LLC 12,AJUSTABLE - TIPO STILSON 12,0.0,INTEGRAL
PZA S6 EAL 4.5F,ALICATE  CORTE FRONTAL SERIE 600 4 1/2,6045.96,INTEGRAL
PZA EAL 4.5F,"ALICATE - ELECTRICISTA - CORTE FRONTAL - 4,5",5965.91,INTEGRAL
PZA EAL 4.5,"ALICATE - ELECTRICISTA - STANDARD - CORTE OBLICUO - 4,5",5965.91,INTEGRAL
PZA AL7 E,ALICATE - EXTRA - CABEZA ANCHA 7,0.0,INTEGRAL
PZA S6 AL6,ALICATE 6 SERIE 600,9291.25,INTEGRAL
PZA S6 AL7 E,ALICATE EXTRA 7 SERIE 600,12304.13,INTEGRAL
PZA S6 AL7,ALICATE EXTRA 7 SERIE 600,11789.63,INTEGRAL
PZAP8AL7ECO,ALICATE EXTRA PROFESIONAL AISLADO - SERIE 800 7,0.0,INTEGRAL
PZA P AL6,ALICATE PROFESIONAL - SERIE 700,10186.5,INTEGRAL
PZA P AL7,ALICATE PROFESIONAL - SERIE 700,13556.51,INTEGRAL
PZA P8 AL6,ALICATE PROFESIONAL AISLADO - SERIE 800,11332.32,INTEGRAL
PZA P8 AL7,ALICATE PROFESIONAL AISLADO - SERIE 800,14804.3,INTEGRAL
PZA E AL6,ALICATE SERIE 200 ECONOMY 6,5622.07,INTEGRAL
PZA E AL7,ALICATE SERIE 200 ECONOMY 7,7741.32,INTEGRAL
PZA AL6,ALICATE SERIE 500 6,0.0,INTEGRAL
PZA AL7,ALICATE SERIE 500 7,0.0,INTEGRAL
PZA S6 EAL 4.5,ALLICATE SERIE 600 4 1/2,5574.16,INTEGRAL
SIE S2 M6,ARCO DE SIERRA MINI SERIE 200,7364.79,INTEGRAL
SIE 12 P50,ARCO DE SIERRA PROFESIONAL P-50,0.0,INTEGRAL
SIE S6 12,ARCO DE SIERRA PROFESIONAL SERIE 600,15394.95,INTEGRAL
SIE S8 12,ARCO DE SIERRA PROFESIONAL SERIE 800,19169.55,INTEGRAL
SIE S2 12,ARCO DE SIERRA SERIE 200,9622.19,INTEGRAL
SIE 12 P10,ARCO DE SIERRAL PROFESIONAL P-100,0.0,INTEGRAL
JD S6 AZ ES M,AZADA Y ESCARDILLO DE JARDIN SERIE 600,7990.36,INTEGRAL
JD S8 AZ ES T A,AZADA Y ESCARDILLO TELESCOPICO SERIE 800,22702.7,INTEGRAL
JD S8 BH T A,BARRE HOJAS TELESCOPICO SERIE 800,21779.02,INTEGRAL
CAB R 1000 N,BROCHES - GRAMPAS S6,4641.71,INTEGRAL
CAB R 1000/8 N,BROCHES - GRAMPAS S8,6052.66,INTEGRAL
CDB BS 20,BRONCE STANDARD - 3 LLAVES,2951.9,INTEGRAL
CDB BS 30,BRONCE STANDARD - 3 LLAVES,4247.54,INTEGRAL
CDB BS 40,BRONCE STANDARD - 3 LLAVES,5308.88,INTEGRAL
MT HT 4.5,"CABEZAL DE HACHA 4,5 LBS",25116.05,INTEGRAL
CAD 1/4 5,CADENA DE ACERO CEMENTADO,8569.96,INTEGRAL
CAD 1/4 1,CADENA DE ACERO CEMENTADO,13892.96,INTEGRAL
CAD 3/8 5,CADENA DE ACERO CEMENTADO,12996.33,INTEGRAL
CAD 3/8 1,CADENA DE ACERO CEMENTADO,25772.88,INTEGRAL
CAD 3/8 1.5,CADENA DE ACERO CEMENTADO 1.5 METROS,38496.35,INTEGRAL
CDB CAD 10 1 C,CADENA MAXIMA SEGURIDAD CON CANDADO,47792.79,INTEGRAL
CDB CAD 10 1,CADENA MAXIMA SEGURIDAD CON CANDADO,35110.36,INTEGRAL
CDB C4 PP,CANDADO DE ALEACION 4 COMB. 70 MM PERSIANAS,17833.65,INTEGRAL
CDB C5 65 CA,CANDADO DE ALEACION 5 COMBINACIONES 65 MM AZUL,10500.78,INTEGRAL
CDB C5 65 CR,CANDADO DE ALEACION 5 COMBINACIONES 65 MM ROJO,10500.78,INTEGRAL
CDB C3 20 AR,CANDADO DE ALEACION ALUMINIO 3 COMB. 20 MM ROJO,7384.02,INTEGRAL
CDB C3 20 AV,CANDADO DE ALEACION ALUMINIO 3 COMB. 20 MM VERDE,7384.02,INTEGRAL
CDB C3 30 AR,CANDADO DE ALEACION ALUMINIO 3 COMB. 30 MM ROJO,8548.3,INTEGRAL
CDB C3 30 AV,CANDADO DE ALEACION ALUMINIO 3 COMB. 30 MM VERDE,8548.3,INTEGRAL
CDB C4 40 AR,CANDADO DE ALEACION ALUMINIO 3 COMB. 40 MM ROJO,10490.41,INTEGRAL
CDB C4 40 AV,CANDADO DE ALEACION ALUMINIO 3 COMB. 40 MM VERDE,10490.41,INTEGRAL
CDB C4 56 RD,CANDADO DE ALEACION REFORZADO 4 COMB.,17283.67,INTEGRAL
CDB C3 35 TSA A,CANDADO DE COMBINACION TSA CON ARO,16224.12,INTEGRAL
CDB C3 35 TSA C,CANDADO DE COMBINACION TSA CON CABLE,16224.12,INTEGRAL
CDB H 50,CANDADO DE HIERRO ARO CEMENTADO 50MM,8960.59,INTEGRAL
CDB H 60,CANDADO DE HIERRO ARO CEMENTADO 60MM.,12047.65,INTEGRAL
CDB H 30 D,CANDADO DE HIERRO DORADO N 30,4535.73,INTEGRAL
CDB H 30 D L,CANDADO DE HIERRO DORADO N 30 ARO LARGO,5000.81,INTEGRAL
CDB H 40 D,CANDADO DE HIERRO DORADO N 40,5675.65,INTEGRAL
CDB H 40 D L,CANDADO DE HIERRO DORADO N 40 ARO LARGO,6257.4,INTEGRAL
CDB H 50 D,CANDADO DE HIERRO DORADO N 50,8960.59,INTEGRAL
CDB H 50 D L,CANDADO DE HIERRO DORADO N 50 ARO LARGO,9879.8,INTEGRAL
CDB H 60 D,CANDADO DE HIERRO DORADO N 60,12047.65,INTEGRAL
CDB H 60 D L,CANDADO DE HIERRO DORADO N 60 ARO LARGO,13283.2,INTEGRAL
CDB MS 72 B,CANDADO MAXIMA SEGURIDAD 72 MM,22467.48,INTEGRAL
CDB AR 30,CANDADO REF. ACERO NIQUELADO 30 MM,6761.41,INTEGRAL
CDB AR 30 L,CANDADO REF. ACERO NIQUELADO 30 MM ARO LARGO,8086.77,INTEGRAL
CDB AR 40,CANDADO REF. ACERO NIQUELADO 40 MM,8495.21,INTEGRAL
CDB AR 40 L,CANDADO REF. ACERO NIQUELADO 40 MM ARO LARGO,9642.84,INTEGRAL
CDB AR 50,CANDADO REF. ACERO NIQUELADO 50 MM,12162.17,INTEGRAL
CDB AR 50 L,CANDADO REF. ACERO NIQUELADO 50 MM ARO LARGO,12905.84,INTEGRAL
CDB AR 60,CANDADO REF. ACERO NIQUELADO 60 MM,15156.03,INTEGRAL
CDB AR 40X2,CANDADO REFORZADO ACERO NIQUELADO 40 MM. X 2 UNIDADES,16663.8,INTEGRAL
CDB AS 30,CANDADO REFORZADO ALTA SEGURIDAD ACERO NIQUELADO 30 MM,7719.98,INTEGRAL
CDB AS 40,CANDADO REFORZADO ALTA SEGURIDAD ACERO NIQUELADO 40 MM,9702.38,INTEGRAL
CDB AS 50,CANDADO REFORZADO ALTA SEGURIDAD ACERO NIQUELADO 50 MM,13898.31,INTEGRAL
CDB WR 40 L,CANDADO REFORZADO WATER RESISTANT 40 MM ARO LARGO,11571.21,INTEGRAL
CDB WR 40,CANDADO REFORZADO WATER RESISTANT 40MM,9684.68,INTEGRAL
CDB WR 50,CANDADO REFORZADO WATER RESISTANT 50 MM,13864.79,INTEGRAL
CDB WR 50 L,CANDADO REFORZADO WATER RESISTANT 50MM ARO LARGO,15486.98,INTEGRAL
CDB T DISCO,CANDADO TRABA DISCO,19779.4,INTEGRAL
"DSA PCD 180 3,2","CENTRO DEPRIMIDO 180X3,2X22,2",1569.96,INTEGRAL
DSA PDD 180 7,"CENTRO DEPRIMIDO 180X7X22,2",3459.41,INTEGRAL
"DSA PCD 230 3,2","CENTRO DEPRIMIDO 230X3,2X22,2",3317.58,INTEGRAL
DSA PDD 230 7,"CENTRO DEPRIMIDO 230X7X22,2",5269.95,INTEGRAL
CJB B 60,CERROJO SERIE 500,22806.47,INTEGRAL
CJB B120 D,CERROJO SERIE 600 DERECHO,28295.24,INTEGRAL
CJB B120 I,CERROJO SERIE 600 IZQUIERDO,28295.24,INTEGRAL
DRX EC 10,CINTA DUREX  ECONOMY,0.0,INTEGRAL
CTA MCA5B 3,CINTA METRICA SERIE 500 CON FRENO 3M.X16MM,8898.45,INTEGRAL
CTA MCA5B 5,CINTA METRICA SERIE 500 CON FRENO 5M.X19MM,12909.41,INTEGRAL
"CTA MCA5B 7,5",CINTA METRICA SERIE 500 DOBLE FRENO 7.5M.X25MM,24733.48,INTEGRAL
CAB CP 15,CLAVOS P/ MODELO PROFESIONAL - POTENCIA REGULABLE,6158.8,INTEGRAL
C CTR C H CRP,CUTTER CHICO -  C/ 5 REPUESTOS,1412.98,INTEGRAL
C CTR SBD C,CUTTER CORTA PICOS CARTUCHOS  SUPRABOND,3071.18,INTEGRAL
C CTR 6 PRE,CUTTER DE PRECISION SERIE 600,3906.58,INTEGRAL
C CTR G H,CUTTER GRANDE - HOBBY,1309.07,INTEGRAL
C CTR 6 N,CUTTER NAVAJA SERIE 600,9758.07,INTEGRAL
C CTR 8A P,CUTTER PROFESIONAL AUTOMATICO SERIE 800,11457.98,INTEGRAL
C CTR 8A G,CUTTER PROFESIONAL AUTOMATICO SERIE 800,9812.72,INTEGRAL
C CTR P4,CUTTER PROFESIONAL METALICO - 4 POSICIONES,7923.3,INTEGRAL
C CTR 5A G,CUTTER REFORFADO AUTOMATICO GRANDE SERIE 500,5678.86,INTEGRAL
C CTR 5 G,CUTTER REFORZADO A ROSCA CON REPUESTO SERIE 500,4046.36,INTEGRAL
C CTR 5A C,CUTTER REFORZADO AUTOMATICO CHICO SERIE 500,4656.19,INTEGRAL
C CTR 3 C R,CUTTER REFORZADO CHICO SERIE 300,2025.95,INTEGRAL
C CTR 3 G R,CUTTER REFORZADO GRANDE SERIE 300,2807.11,INTEGRAL
DSD S400 115 C,DISC. DIAM. S 400 CONTINUO 115 MM,5742.54,INTEGRAL
DSD S400 180 C,DISC. DIAM. S 400 CONTINUO 180 MM,14182.3,INTEGRAL
DSD S400 115 S,DISC. DIAM. S 400 SEGMENTADO 115 MM,7357.52,INTEGRAL
DSD S400 180 S,DISC. DIAM. S 400 SEGMENTADO 180 MM,16049.12,INTEGRAL
DSD S400 230 S,DISC. DIAM. S 400 SEGMENTADO 230 MM,22500.09,INTEGRAL
DSD S400 115 T,DISC. DIAM. S 400 TURBO 115 MM,8696.29,INTEGRAL
DSD S400 180 T,DISC. DIAM. S 400 TURBO 180 MM,18767.54,INTEGRAL
DSD S400 115 TF,DISC. DIAM. S 400 TURBO FINO 115 MM,18330.34,INTEGRAL
DSD S600 115 C,DISC. DIAM. S 600 CONTINUO 115 MM,7176.53,INTEGRAL
DSD S600 180 C,DISC. DIAM. S 600 CONTINUO 180 MM,16736.7,INTEGRAL
DSD S600 115 S,DISC. DIAM. S 600 SEGMENTADO 115 MM,9212.21,INTEGRAL
DSD S600 180 S,DISC. DIAM. S 600 SEGMENTADO 180 MM,19645.3,INTEGRAL
DSD S600 230 S,DISC. DIAM. S 600 SEGMENTADO 230 MM,25956.46,INTEGRAL
DSD S600 115 T,DISC. DIAM. S 600 TURBO 115 MM,10534.9,INTEGRAL
DSD S600 180 T,DISC. DIAM. S 600 TURBO 180 MM,23049.16,INTEGRAL
DSD S600 115 TF,DISC. DIAM. S 600 TURBO FINO 115 MM,22139.31,INTEGRAL
DSD S80 115 C,DISC. DIAM. S 80 CONTINUO 115 MM,4776.61,INTEGRAL
DSD S80 180 C,DISC. DIAM. S 80 CONTINUO 180 MM,11710.31,INTEGRAL
DSD S80 230 S,DISC. DIAM. S 80 SEGMENTADO 230 MM,18584.99,INTEGRAL
DSD S80 115 S,DISC. DIAM. S 80 SEGMENTADO115 MM,6059.74,INTEGRAL
DSD S80 180 S,DISC. DIAM. S 80 SEGMENTADO180 MM,13283.62,INTEGRAL
DSD S80 180 T,DISC. DIAM. S 80 TURBO 180 MM,15497.28,INTEGRAL
DSD S80 115 T,DISC. DIAM. S 80 TURBO115 MM,6234.21,INTEGRAL
DSD 100C 180 N,DISC. DIAM.S 100 CONTINUO 180 MM,10744.3,INTEGRAL
DSD 100S 115 N,DISC. DIAM.S 100 SEGMENTADO 115 MM,3892.09,INTEGRAL
DSD 100S 230 N,DISC. DIAM.S 100 SEGMENTADO 230 MM,11936.23,INTEGRAL
DSD 100T 115 N,DISC. DIAM.S 100 TURBO 115 MM,5719.81,INTEGRAL
DSD 100T 180 N,DISC. DIAM.S 100 TURBO 180 MM,14219.32,INTEGRAL
DSD 5 C 115,DISC. DIAM.S 500 USO INTENSIVO - CONTINUO 115 MM,3287.8,INTEGRAL
DSD 5 S 115,DISC. DIAM.S 500 USO INTENSIVO - SEGMENTADO 115 MM,4169.6,INTEGRAL
DSD 5 T 115,DISC. DIAM.S 500 USO INTENSIVO - TURBO 115 MM,5719.81,INTEGRAL
DSD 5 T 180,DISC. DIAM.S 500 USO INTENSIVO - TURBO 180 MM,14219.32,INTEGRAL
DSD 7 C 230,DISC. DIAM.S 700 USO PROFESIONAL - CONTINUO 230 MM,13641.73,INTEGRAL
DSD 7 S 180,DISC. DIAM.S 700 USO PROFESIONAL - SEGMENTADO 180 MM,12188.23,INTEGRAL
DSD 7 S 230,DISC. DIAM.S 700 USO PROFESIONAL - SEGMENTADO 230 MM,13641.73,INTEGRAL
DSD 7 T 115,DISC. DIAM.S 700 USO PROFESIONAL - TURBO 115 MM,5719.81,INTEGRAL
DSD 7 T 180,DISC. DIAM.S 700 USO PROFESIONAL - TURBO 180 MM,14219.32,INTEGRAL
"DSA 4CP 115 1,6","DISCO ABRASIVO DE CORTE SERIE 400 115X1,6X22.2",918.93,INTEGRAL
DSA 4CP 115 1,DISCO ABRASIVO DE CORTE SERIE 400 115X1X22.2,918.93,INTEGRAL
"DSA 4CP 180 1,6","DISCO ABRASIVO DE CORTE SERIE 400 180X1,6X22.2",1948.4,INTEGRAL
DES 8RA 5X150,DS800 CROM.VAN.RECTO AISLADO 5X150M,2579.11,INTEGRAL
CAB PRO,ENGRAMPADORA PROFESIONAL - ACERO CROMADO,45405.25,INTEGRAL
CAB PRO PR,ENGRAMPADORA PROFESIONAL POTENCIA REGULABLE CLAVOS/GRAMPAS,45911.75,INTEGRAL
CAB INT R,ENGRAMPADORA USO INT. REFORZADA,20217.33,INTEGRAL
CAB INT,ENGRAMPADORA USO INTENSIVO,21077.95,INTEGRAL
CAB PRO 2P,ENGRANPADORA MULTIFUNCION S. 500,34245.2,INTEGRAL
JD S6 ES M,ESCARDILLO DE JARDIN SERIE 600,7373.78,INTEGRAL
MED ESC AL 25,ESCUADRA DE ACERO INOXIDABLE CON MANGO DE ALUMINIO DE 25 CM,9913.47,INTEGRAL
MED ESC AL 30,ESCUADRA DE ACERO INOXIDABLE CON MANGO DE ALUMINIO DE 30 CM,11581.19,INTEGRAL
MED ESC PL 25,ESCUADRA DE ACERO INOXIDABLE CON MANGO PLASTICO DE 25 CM,4373.18,INTEGRAL
MED ESC PL 30,ESCUADRA DE ACERO INOXIDABLE CON MANGO PLASTICO DE 30 CM,4631.06,INTEGRAL
MED ESC AI 30,ESCUADRA DE ACERO INOXIDABLE DE 30 CM,10353.57,INTEGRAL
ESP 90 EX AI,ESPATULA ESQUINERO DE ACERO INOXIDABLE 90 EXTERIOR,12115.92,INTEGRAL
ESP 90 IN AI,ESPATULA ESQUINERO DE ACERO INOXIDABLE 90 INTERIOR,10927.39,INTEGRAL
ESP FX 4,ESPATULA FLEXIBLE 4- PULIDO ESPEJO,3274.34,INTEGRAL
ESP FX 6,ESPATULA FLEXIBLE 6- PULIDO ESPEJO,3892.6,INTEGRAL
ESP FX AI 1,ESPATULA FLEXIBLE DE ACERO INOXIDABLE DE 1 SERIE 700,3984.61,INTEGRAL
ESP FX AI 2,ESPATULA FLEXIBLE DE ACERO INOXIDABLE DE 2 SERIE 700,4147.77,INTEGRAL
ESP FX AI 3,ESPATULA FLEXIBLE DE ACERO INOXIDABLE DE 3 SERIE 700,4255.95,INTEGRAL
ESP FX AI 4,ESPATULA FLEXIBLE DE ACERO INOXIDABLE DE 4 SERIE 700,4344.41,INTEGRAL
ESP FX AI 5,ESPATULA FLEXIBLE DE ACERO INOXIDABLE DE 5 SERIE 700,4802.26,INTEGRAL
ESP FX AI 6,ESPATULA FLEXIBLE DE ACERO INOXIDABLE DE 6 SERIE 700,5130.28,INTEGRAL
ESP T AI 150,ESPATULA FLEXIBLE TAPICERO DE AI.  DE 150 MM SERIE 700,6619.32,INTEGRAL
ESP T AI 250,ESPATULA FLEXIBLE TAPICERO DE AI. DE 250 MM SERIE 700,8571.12,INTEGRAL
ESP T AI 300,ESPATULA FLEXIBLE TAPICERO DE AI. DE 300 MM SERIE 700,9691.18,INTEGRAL
"ESP FX 1,5",ESPATULAFLEXIBLE - PULIDO ESPEJO 1.5,2271.99,INTEGRAL
ESP FX 2,ESPATULAFLEXIBLE - PULIDO ESPEJO 2,2552.93,INTEGRAL
ESP FX 3,ESPATULAFLEXIBLE - PULIDO ESPEJO 3,2890.5,INTEGRAL
ESP FX 5,ESPATULAFLEXIBLE - PULIDO ESPEJO 5,3689.96,INTEGRAL
DES 1000 A 9 B,ET DE DESTORNILADORES AISLADOS SERIE 1000 9 EN 1,29222.7,INTEGRAL
EX DEMO CRD,EXHIBIDOR DE CANDADOS ,61839.72,INTEGRAL
ESP FX 1,FLEXIBLE - PULIDO ESPEJO,2225.81,INTEGRAL
CAB P12 N,GRAMPAS P12 P/ MODELO PROFESIONAL,8643.6,INTEGRAL
CAB P8 N,GRAMPAS P8 P/ MODELO PROFESIONAL,7305.15,INTEGRAL
MT S6 HFV 560,HACHA PROFESIONAL SERIE 600,14757.11,INTEGRAL
C CTR 5/1,HERRAMIENTA DE CORTE 5 EN 1,27798.88,INTEGRAL
PZA MTF C,HERRAMIENTA MULTIFUNCION 9 FUNCIONES,0.0,INTEGRAL
CDB H 30,HIERRO - 3 LLAVES,4535.73,INTEGRAL
CDB H 40,HIERRO - 3 LLAVES,5675.65,INTEGRAL
PZA HJR 10,HOJALATERO 10,16988.15,INTEGRAL
PZA HJR 8,HOJALATERO 8,14019.4,INTEGRAL
INF S2 430 MP,INFLADOR CON MANOMETRO SERIE 200,23903.89,INTEGRAL
INF S6 272 MA,INFLADOR CON MANOMETRO SERIE 600,18496.51,INTEGRAL
INF S6 540 MA,INFLADOR CON MANOMETRO SERIE 600,40691.94,INTEGRAL
INF S6 PIE MA,INFLADOR DE PIE SERIE 600,30828.9,INTEGRAL
INF S2 230 P,INFLADOR SERIE 200,7560.78,INTEGRAL
INF S6 225 A,INFLADOR SERIE 600,13131.19,INTEGRAL
INF S6 238 A,INFLADOR SERIE 600,16147.13,INTEGRAL
INF S6 240 TA,INFLADOR SERIE 600 DOBLE EXTENSION,21116.47,INTEGRAL
DRX I 12,INVISIBLE,0.0,INTEGRAL
LLV 7C KIT 5 R,KIT DE 5 LLAVES CRIQUET,37683.14,INTEGRAL
KIT PZA 500,KIT HERRAMIENTAS SERIE 500,0.0,INTEGRAL
KIT PZA 700,KIT HERRAMIENTAS SERIE 700,0.0,INTEGRAL
LLV 8VA KIT 7 M,KIT LLAVES CRIQUET SERIE 800 MM ARTICULADAS,42338.63,INTEGRAL
KIT PRN 4.5,"KIT PINZAS DE PRECISION 4,5",0.0,INTEGRAL
KIT PZA SEE,KIT PINZAS SEEGER 7,0.0,INTEGRAL
LMA 5 PLE 8,LIMA  PLANA - ENTREFINA. ACERO FORJADO 8,7485.76,INTEGRAL
LMA 5 CDE 8,LIMA CUADRADA - ENTREFINA. ACERO FORJADO 8,7458.61,INTEGRAL
LMA 5 MCE 8,LIMA MEDIA CANA - ENTREFINA. ACERO FORJADO 8,7815.4,INTEGRAL
LMA 5 RDE 8,LIMA REDONDA - ENTREFINA. ACERO FORJADO 8,6054.14,INTEGRAL
LMA 5 TRE 8,LIMA TRIANGULAR - ENTREFINA. ACERO FORJADO 8,7103.39,INTEGRAL
CDB LIN 180,LINGA DE ACERO 1800 MM X 12 MM,16655.37,INTEGRAL
CDB LIN A120 LV,LINGA DE SEGURIDAD,41460.98,INTEGRAL
CDB LIN B CMB,LINGA DE SEGURIDAD CON COMBINACION,12781.58,INTEGRAL
CDB LIN B LV,LINGA DE SEGURIDAD CON LLAVES,11038.07,INTEGRAL
CDB LIN E120 LV,LINGA DE SEGURIDAD PITON,32664.93,INTEGRAL
LNA 2 25L1W C,LINTERNA INDOOR SERIE 200,4633.74,INTEGRAL
LNA 2 25L1W CE,LINTERNA INDOOR SERIE 200 EN CAJA EXHIBIDORA,4603.57,INTEGRAL
LNA 5 150L3W L,LINTERNA INDOOR SERIE 500,8528.48,INTEGRAL
LNA 8 260L5W CL,LINTERNA MULTIFUNCION CON LUZ AUXILIAR SERIE 800,19831.14,INTEGRAL
LNA 5 150L3W T,LINTERNA TACTICA SERIE 500 150 L,10324.76,INTEGRAL
LNA 8 300L5W C,LINTERNA TACTICA SERIE 800,20585.78,INTEGRAL
LNA 8 3005W C,LINTERNA TACTICA SERIE 800 CAJA,24567.42,INTEGRAL
ESP LL AI 280,LLANA LISA DE ACERO INOXIDABLE DE 280MM,10919.54,INTEGRAL
PZA AJ P10,LLAVE AJUSTABLE PROFESIONAL CROMO VANADIO 10,23710.13,INTEGRAL
PZA AJ P12,LLAVE AJUSTABLE PROFESIONAL CROMO VANADIO 12,34733.76,INTEGRAL
PZA AJ P6,LLAVE AJUSTABLE PROFESIONAL CROMO VANADIO 6,13498.11,INTEGRAL
PZA AJ P8,LLAVE AJUSTABLE PROFESIONAL CROMO VANADIO 8,19480.35,INTEGRAL
PZA S6 AJ10,LLAVE AJUSTABLE SERIE 600 10,18551.12,INTEGRAL
PZA S6 AJ6,LLAVE AJUSTABLE SERIE 600 6,10063.48,INTEGRAL
PZA S6 AJ8,LLAVE AJUSTABLE SERIE 600 8,14654.3,INTEGRAL
LLV 7VA 11/16,LLAVE COMB.CROM.V.ACOD. S.700 11/16,6786.98,INTEGRAL
LLV 7VA 20,LLAVE COMB.CROM.V.ACOD. S.700 20MM,9121.45,INTEGRAL
LLV 7VA 21,LLAVE COMB.CROM.V.ACOD. S.700 21MM,11136.63,INTEGRAL
LLV 7VA 23,LLAVE COMB.CROM.V.ACOD. S.700 23MM,12027.85,INTEGRAL
LLV 7VA 24,LLAVE COMB.CROM.V.ACOD. S.700 24MM,13575.59,INTEGRAL
LLV 7VA 25,LLAVE COMB.CROM.V.ACOD. S.700 25MM,14122.17,INTEGRAL
LLV 7VA 26,LLAVE COMB.CROM.V.ACOD. S.700 26MM,14828.28,INTEGRAL
LLV 7VA 27,LLAVE COMB.CROM.V.ACOD. S.700 27MM,15204.68,INTEGRAL
LLV 7VA 28,LLAVE COMB.CROM.V.ACOD. S.700 28MM,15849.22,INTEGRAL
LLV 7VA 3/4,LLAVE COMB.CROM.V.ACOD. S.700 3/4,9069.33,INTEGRAL
LLV 7VA 30,LLAVE COMB.CROM.V.ACOD. S.700 30MM,8082.78,INTEGRAL
LLV 7VA 32,LLAVE COMB.CROM.V.ACOD. S.700 32MM,8082.78,INTEGRAL
LLV 7VA 5/8,LLAVE COMB.CROM.V.ACOD. S.700 5/8,6156.04,INTEGRAL
LLV 7VA 6,LLAVE COMB.CROM.V.ACOD. S.700 6MM,3148.27,INTEGRAL
LLV 7VA 7/8,LLAVE COMB.CROM.V.ACOD. S.700 7/8,11765.27,INTEGRAL
LLV 7VA 9/16,LLAVE COMB.CROM.V.ACOD. S.700 9/16,5340.7,INTEGRAL
LLV 8VAC 10,LLAVE COMBINADA ARTICULADA SERIE 800 CRIQUET 10 MM,7027.27,INTEGRAL
LLV 8VAC 11,LLAVE COMBINADA ARTICULADA SERIE 800 CRIQUET 11 MM,7475.59,INTEGRAL
LLV 8VAC 12,LLAVE COMBINADA ARTICULADA SERIE 800 CRIQUET 12 MM,7922.93,INTEGRAL
LLV 8VAC 13,LLAVE COMBINADA ARTICULADA SERIE 800 CRIQUET 13 MM,8371.12,INTEGRAL
LLV 8VAC 14,LLAVE COMBINADA ARTICULADA SERIE 800 CRIQUET 14 MM,8753.03,INTEGRAL
LLV 8VAC 15,LLAVE COMBINADA ARTICULADA SERIE 800 CRIQUET 15 MM,9265.38,INTEGRAL
LLV 8VAC 16,LLAVE COMBINADA ARTICULADA SERIE 800 CRIQUET 16 MM,10031.59,INTEGRAL
LLV 8VAC 17,LLAVE COMBINADA ARTICULADA SERIE 800 CRIQUET 17MM,10925.88,INTEGRAL
LLV 8VAC 18,LLAVE COMBINADA ARTICULADA SERIE 800 CRIQUET 18 MM,11565.5,INTEGRAL
LLV 8VAC 19,LLAVE COMBINADA ARTICULADA SERIE 800 CRIQUET 19 MM,12333.83,INTEGRAL
LLV 8VAC 8,LLAVE COMBINADA ARTICULADA SERIE 800 CRIQUET 8 MM,6309.06,INTEGRAL
LLV 8VAC 9,LLAVE COMBINADA ARTICULADA SERIE 800 CRIQUET 9 MM,6710.67,INTEGRAL
LLV 8VD 21,LLAVE COMBINADA SERIE 800 CROMO VANADIO 21 MM,4375.02,INTEGRAL
LLV 8VD 24,LLAVE COMBINADA SERIE 800 CROMO VANADIO 24 MM,6598.55,INTEGRAL
LLV 8VD 27,LLAVE COMBINADA SERIE 800 CROMO VANADIO 27 MM,6598.55,INTEGRAL
LLV 8VD 30,LLAVE COMBINADA SERIE 800 CROMO VANADIO 30 MM,8082.78,INTEGRAL
LLV 8VD 32,LLAVE COMBINADA SERIE 800 CROMO VANADIO 32 MM,8082.78,INTEGRAL
PZA LAV,LLAVE P/ LAVABO,0.0,INTEGRAL
LLC CV 1,LLAVE PARA CAÑO 1 (25 MM),15445.03,INTEGRAL
LLC CV 1 1/2,LLAVE PARA CAÑO 1 1/2 (38 MM),23991.67,INTEGRAL
LLC CV 2,LLAVE PARA CAÑO 2 (51 MM),38161.48,INTEGRAL
LNA 5 220L3W CL,LUZ AUXILIAR MULTIFUNCION SERIE 500,16776.74,INTEGRAL
LXA 220L3W C,LUZ AUXILIAR MULTIFUNCION SERIE 500,14029.17,INTEGRAL
LXA 220L3W CL,LUZ AUXILIAR SERIE 500,7861.52,INTEGRAL
MT S6 BMD 225 R,MARTILLO BOLITA - MADERA - SERIE 600 225 G,10046.48,INTEGRAL
MT BMD 225,MARTILLO BOLITA - MADERA 225 G,8504.67,INTEGRAL
MT S6 BFV 225,MARTILLO BOLITA SERIE 600 225 G,9485.5,INTEGRAL
MT GMD 16,MARTILLO GALPONERO - MADERA 16 OZ,12081.97,INTEGRAL
MT S6 GFV 16,MARTILLO GALPONERO SERIE 600,13537.4,INTEGRAL
MT S6 GMD 16 R,MARTILLO GALPONERO-MADERA- SERIE 600 16 OZ.,14836.84,INTEGRAL
MT S6 PFV 22,MARTILLO PENA- F. VIDRIO- SERIE 600 22,9485.6,INTEGRAL
MT S6 PFV 18,MARTILLO PENA SERIE 600 18,8224.91,INTEGRAL
MT S6 PFV 20,MARTILLO PENA SERIE 600 20,8854.87,INTEGRAL
ESM 40 60,MEZCLADOR SERIE 500 40 CM,6828.22,INTEGRAL
ESM 60 100,MEZCLADOR SERIE 500 60 CM,9550.87,INTEGRAL
CCO CC 500,MINI CORTA CAÑOS.  SERIE 500,5913.15,INTEGRAL
CCO CC 600,MINI CORTA CAÑOS.  SERIE 600,19932.31,INTEGRAL
NVL S6 3B 100 A,NIVEL 3 BURBUJAS 1000 MM ALUMINIO,27316.68,INTEGRAL
NVL S6 3B 40 A,NIVEL 3 BURBUJAS 400 MM ALUMINIO,13058.05,INTEGRAL
NVL S6 3B 60 A,NIVEL 3 BURBUJAS 600 MM ALUMINIO,18068.82,INTEGRAL
NVL S6 3B 80 A,NIVEL 3 BURBUJAS 800 MM ALUMINIO,20609.39,INTEGRAL
JD S6 PL M,PALA DE JARDIN SERIE 600,7365.66,INTEGRAL
JD S8 PL T A,PALA DE JARDIN TELESCOPICA SERIE 800,21899.05,INTEGRAL
EL PEL 5 A F,PELACABLES AUTOMATICO FRONTAL SERIE 500,8997.07,INTEGRAL
EL PEL 6 A L,PELACABLES AUTOMATICO LATERAL SERIE 600,18527.5,INTEGRAL
EL PEL 5 T,PELACABLES TIJERA SERIE 500,8685.59,INTEGRAL
PIN S2 1/2,PINCEL SERIE 200 1/2,908.89,INTEGRAL
PIN S4 1,PINCEL SERIE 400 1,1772.64,INTEGRAL
PIN S4 1 1/2,PINCEL SERIE 400 1 1/2,2299.13,INTEGRAL
PIN S4 2,PINCEL SERIE 400 2,2728.97,INTEGRAL
PIN S4 3,PINCEL SERIE 400 3,5406.51,INTEGRAL
PIN S5 1,PINCEL SERIE 500 1,2078.24,INTEGRAL
PIN S5 1 1/2,PINCEL SERIE 500 1 1/2,2834.84,INTEGRAL
PIN S5 2,PINCEL SERIE 500 2,3683.25,INTEGRAL
PIN S5 3,PINCEL SERIE 500 3,7344.91,INTEGRAL
PIN S7 1,PINCEL SERIE 700 1,2389.89,INTEGRAL
PIN S7 1 1/2,PINCEL SERIE 700 1 1/2,3244.1,INTEGRAL
PIN S7 2,PINCEL SERIE 700 2,4242.01,INTEGRAL
PIN S7 3,PINCEL SERIE 700 3,9074.99,INTEGRAL
PIN S2 1,PINCEL SERIE ECONOMY,1152.04,INTEGRAL
PIN S2 1 1/2,PINCEL SERIE ECONOMY 1 1/2,1523.96,INTEGRAL
PIN S2 2,PINCEL SERIE ECONOMY 2,2533.6,INTEGRAL
PIN S2 3,PINCEL SERIE ECONOMY 3,3725.71,INTEGRAL
PIN S2 4,PINCEL SERIE ECONOMY 4,7109.09,INTEGRAL
PZA FZA 6.5,"PINZA DE FUERZA - MORDAZA PLANA - 6,5 ",11079.41,INTEGRAL
PZA FZ10,PINZA DE FUERZA. BOCA CURVA. - 10,11483.67,INTEGRAL
PZA FZ10 P,PINZA DE FUERZA. BOCA CURVA. CROMO VANADIO - 10,0.0,INTEGRAL
PZA P PS6,PINZA DE PUNTA PROFESIONAL - SERIE 700,9819.04,INTEGRAL
PZA P PS8,PINZA DE PUNTA PROFESIONAL - SERIE 700,13104.46,INTEGRAL
PZA E PS6,PINZA DE PUNTA SEMI REDONDA SERIE200 ECONOMY 6,6661.8,INTEGRAL
PZA E PS8,PINZA DE PUNTA SEMI REDONDA SERIE200 ECONOMY 8,7685.35,INTEGRAL
PZA P PS7 D,PINZA DE PUNTA SEMI-RED. PROF. SERIE 700 - DOBLE ARTICULACION,21232.72,INTEGRAL
PZA EPR 4.5,"PINZA ELECTRICISTA - PUNTA REDONDA - 4,5",0.0,INTEGRAL
PZA EPS 4.5,"PINZA ELECTRICISTA - PUNTA SEMI REDONDA - 4,5",5463.21,INTEGRAL
PZA EPU 4.5,"PINZA ELECTRICISTA - UNIVERSAL - 4,5",0.0,INTEGRAL
PZA S6 PL 10,PINZA PICO DE LORO 10 SERIE 600,13199.99,INTEGRAL
PZA S6 PL 6,PINZA PICO DE LORO 6 SERIE 600,10116.79,INTEGRAL
PZA S7 PL 10 P,PINZA PICO DE LORO PROF. CROMO VANADIO 10 SERIE 700,21308.31,INTEGRAL
PZA PP6,PINZA PUNTA - PLANA 6,0.0,INTEGRAL
PZA PR6,PINZA PUNTA - REDONDA 6,7792.1,INTEGRAL
PZA PS6,PINZA PUNTA - SEMI REDONDA SERIE 500 6,6733.41,INTEGRAL
PZA PS8,PINZA PUNTA - SEMI REDONDA SERIE 500 8,0.0,INTEGRAL
PZA S6 PC6,PINZA PUNTA CURVA 6 SERIE 600,8080.4,INTEGRAL
PZA S6 PC8,PINZA PUNTA CURVA 8 SERIE 600,10391.66,INTEGRAL
PZA S6 PP6,PINZA PUNTA PLANA 6 SERIE 600,10085.26,INTEGRAL
PZA S6 PR6,PINZA PUNTA REDONDA 6 SERIE 600,8522.06,INTEGRAL
PZA S6 EPR 4.5,PINZA PUNTA REDONDA SERIE 600 4 1/2,6213.78,INTEGRAL
PZA S6 EPS 4.5,PINZA PUNTA SEMI REDONDA  SERIE 600 4 1/2,5536.27,INTEGRAL
PZA S6 PS6,PINZA SEMI REDONDA 6 SERIE 600,9035.38,INTEGRAL
PZA S6 PS8,PINZA SEMI REDONDA 8 SERIE 600,11521.61,INTEGRAL
PZA PC6,PINZA SEMIREDONDA - PUNTA CURVA 6,0.0,INTEGRAL
PZA PC8,PINZA SEMIREDONDA - PUNTA CURVA 8,10011.25,INTEGRAL
PZA S6 PU6,PINZA UNIVERSAL 6 SERIE 600,11267.65,INTEGRAL
PZA S6 PU7,PINZA UNIVERSAL 7 SERIE 600,12573.86,INTEGRAL
PZA S6 PU8,PINZA UNIVERSAL 8 SERIE 600,14243.5,INTEGRAL
PZA E PU6,PINZA UNIVERSAL SERIE 200 ECONOMY 6,7503.61,INTEGRAL
PZA E PU7,PINZA UNIVERSAL SERIE 200 ECONOMY 7,8944.72,INTEGRAL
PZA E PU8,PINZA UNIVERSAL SERIE 200 ECONOMY 8,10112.75,INTEGRAL
PZA S6 EPU 4.5,PINZA UNIVERSAL SERIE 600 4 1/2,5563.39,INTEGRAL
DSA PCP 115 1,"PLANO EXTRA FINO 115X1,0X22,2",683.09,INTEGRAL
"DSA PCP 115 1,6","PLANO FINO 115X1,6X22,2",944.81,INTEGRAL
"DSA PCP 300 3,2","PLANO STANDARD 300X3,2X25,4",3919.36,INTEGRAL
"DSA PCP 350 3,2","PLANO STANDARD 350X3,2X25,4",5777.21,INTEGRAL
ESP PC 300,PLATO DE ALUMINIO SERIE 600,21393.93,INTEGRAL
PZA P8 PC8,PUNTA CURVA PROFESIONAL AISLADA - SERIE 800 8,0.0,INTEGRAL
PZA P8 PC6,PUNTA CUVA PROFESIONAL AISLADA - SERIE 800 6,0.0,INTEGRAL
PZA P8 PP6,PUNTA PLANA PROFESIONAL AISLADA - SERIE 800 6,0.0,INTEGRAL
PZA P8 PS6,PUNTA SEMIREDONDA PROFESIONAL AISLADA - SERIE 800,13184.88,INTEGRAL
JD S6 RS M,RASTRILLO DE JARDIN SERIE 600,7281.24,INTEGRAL
CDB ACC T DIS,RECORDATORIO DE TRABA DISCO,5119.31,INTEGRAL
CDB B 25,REFORZADO - 3 LLAVES,7103.49,INTEGRAL
CDB BR 30,REFORZADO - DOBLE TRABA - 3 LLAVES,9397.59,INTEGRAL
CDB BR 40,REFORZADO - DOBLE TRABA - 3 LLAVES,14872.47,INTEGRAL
CDB BR 50,REFORZADO - DOBLE TRABA - 3 LLAVES,18605.7,INTEGRAL
CDB BR 30 L,REFORZADO - DOBLE TRABA - ARO LARGO - 3 LLAVES,11271.84,INTEGRAL
CDB BR 40 L,REFORZADO - DOBLE TRABA - ARO LARGO - 3 LLAVES,15269.26,INTEGRAL
CDB BR 50 L,REFORZADO - DOBLE TRABA - ARO LARGO - 3 LLAVES,20751.04,INTEGRAL
MED REG AI 30,REGLA DE ACERO INOXIDABLE DE 30 CM,2096.84,INTEGRAL
MED REG AI 40,REGLA DE ACERO INOXIDABLE DE 40 CM,2612.22,INTEGRAL
MED REG ALD 30,REGLA DE ALUMINIO DE 30 CM,3923.17,INTEGRAL
MED REG ALD 40,REGLA DE ALUMINIO DE 40 CM,5207.66,INTEGRAL
RM 7PRA,REMACHADORA PROFESIONAL SERIE 700,15311.57,INTEGRAL
RM5INTECO,REMACHADORA USO INT. S500 - ECONOMICA 2DA,12456.19,INTEGRAL
C CTR C/R,REPUESTO CUTTER - CHICO - 10 UNIDADES,1414.33,INTEGRAL
C CTR G/R,REPUESTO CUTTER - GRANDE - 5 UNIDADES,1396.32,INTEGRAL
C CTR PR,REPUESTO CUTTER PROFESIONAL - 5 UNIDADES,2863.58,INTEGRAL
DES 7RA 4X150,SERIE 700 - AISLADO- CRO. VANADIO4 X 150 MM,2029.63,INTEGRAL
DES 7RA 4X75,SERIE 700 - AISLADO- CRO. VANADIO4 X 75 MM,1606.13,INTEGRAL
DES 7PH 0X50,SERIE 700 - PHILIPS - CRO. VANADIO# 0 X 50 MM,1421.31,INTEGRAL
DES 7PH 0X75,SERIE 700 - PHILIPS - CRO. VANADIO# 0 X 75 MM,1625.11,INTEGRAL
DES 7PH 1X50,SERIE 700 - PHILIPS - CRO. VANADIO# 1 X 50 MM,2201.46,INTEGRAL
DES 7PH 1X75,SERIE 700 - PHILIPS - CRO. VANADIO# 1 X 75 MM,2332.0,INTEGRAL
DES 7PH 2X100,SERIE 700 - PHILIPS - CRO. VANADIO# 2 X 100 MM,3537.31,INTEGRAL
DES 7PH 2X38,SERIE 700 - PHILIPS - CRO. VANADIO# 2 X 38 MM,3462.26,INTEGRAL
DES 7PH 3X125,SERIE 700 - PHILIPS - CRO. VANADIO# 3 X 125 MM,5406.51,INTEGRAL
DES 7PHA 1X75,SERIE 700 - PHILIPS AISLADO - CRO. VANADIO# 1 X 75 MM,1989.1,INTEGRAL
DES 7PL 4X100,SERIE 700 - PLANO - CRO. VANADIO4 X 100 MM,2131.16,INTEGRAL
DES 7PL 4X125,SERIE 700 - PLANO - CRO. VANADIO4 X 125 MM,2278.11,INTEGRAL
DES 7PL 4X150,SERIE 700 - PLANO - CRO. VANADIO4 X 150 MM,2320.33,INTEGRAL
DES 7PL 4X75,SERIE 700 - PLANO - CRO. VANADIO4 X 75 MM,2109.72,INTEGRAL
DES 7PL 5X100,SERIE 700 - PLANO - CRO. VANADIO5 X 100 MM,2589.62,INTEGRAL
DES 7PL 5X125,SERIE 700 - PLANO - CRO. VANADIO5 X 125 MM,2742.53,INTEGRAL
DES 7PL 5X150,SERIE 700 - PLANO - CRO. VANADIO5 X 150 MM,2861.68,INTEGRAL
DES 7PL 5X75,SERIE 700 - PLANO - CRO. VANADIO5 X 75 MM,2325.27,INTEGRAL
DES 7PL 6X100,SERIE 700 - PLANO - CRO. VANADIO6 X 100 MM,3330.56,INTEGRAL
DES 7PL 6X150,SERIE 700 - PLANO - CRO. VANADIO6 X 150 MM,4071.52,INTEGRAL
DES 7PL 6X38,SERIE 700 - PLANO - CRO. VANADIO6 X 38 MM,3462.26,INTEGRAL
DES 7PL 8X100,SERIE 700 - PLANO - CRO. VANADIO8 X 100 MM,4789.38,INTEGRAL
DES 7PL 8X150,SERIE 700 - PLANO - CRO. VANADIO8 X 150 MM,5517.73,INTEGRAL
DES 7RT 4X150,SERIE 700 - RECTO - CRO. VANADIO4 X 150 MM,2407.63,INTEGRAL
DES 7RT 4X75,SERIE 700 - RECTO - CRO. VANADIO4 X 75 MM,2139.58,INTEGRAL
DES 7RT 5X150,SERIE 700 - RECTO - CRO. VANADIO5 X 150 MM,2606.48,INTEGRAL
DES 8PH 0X50,SERIE 800 CROMO VANADIO PHILIPS #0X50MM,2065.48,INTEGRAL
DES 8PH 0X75,SERIE 800 CROMO VANADIO PHILIPS #0X75MM,2136.13,INTEGRAL
DES 8PH 1X300,SERIE 800 CROMO VANADIO PHILIPS #1X300MM,4233.25,INTEGRAL
DES 8PH 1X50,SERIE 800 CROMO VANADIO PHILIPS #1X50MM,2522.51,INTEGRAL
DES 8PH 1X75,SERIE 800 CROMO VANADIO PHILIPS #1X75MM,2528.84,INTEGRAL
DES 8PH 2X100,SERIE 800 CROMO VANADIO PHILIPS #2X100MM,4266.89,INTEGRAL
DES 8PH 3X125,SERIE 800 CROMO VANADIO PHILIPS #3X125MM,6790.81,INTEGRAL
DES 8PHA 0X75,SERIE 800 CROMO VANADIO PHILIPS AISLADO #0X75MM,2895.82,INTEGRAL
DES 8PHA 1X100,SERIE 800 CROMO VANADIO PHILIPS AISLADO #1X100MM,3670.08,INTEGRAL
DES 8PHA 2X100,SERIE 800 CROMO VANADIO PHILIPS AISLADO #2X100MM,4536.43,INTEGRAL
DES 8PHA 2X150,SERIE 800 CROMO VANADIO PHILIPS AISLADO #2X150MM,4572.56,INTEGRAL
DES 8PL 6X38,SERIE 800 CROMO VANADIO PHILLIPS #6X38MM,4353.78,INTEGRAL
DES 8PH 2X38,SERIE 800 CROMO VANADIO PHILLIPS#2X38MM,4191.26,INTEGRAL
DES 8PL 4X100,SERIE 800 CROMO VANADIO PLANO #4X100MM,2292.02,INTEGRAL
DES 8PL 4X125,SERIE 800 CROMO VANADIO PLANO #4X125MM,2522.51,INTEGRAL
DES 8PL 4X150,SERIE 800 CROMO VANADIO PLANO #4X150MM,2895.82,INTEGRAL
DES 8PL 4X200,SERIE 800 CROMO VANADIO PLANO #4X200MM,2903.34,INTEGRAL
DES 8PL 4X75,SERIE 800 CROMO VANADIO PLANO #4X75MM,2522.51,INTEGRAL
DES 8PL 5X100,SERIE 800 CROMO VANADIO PLANO #5X100MM,3062.83,INTEGRAL
DES 8PL 5X125,SERIE 800 CROMO VANADIO PLANO #5X125MM,3297.49,INTEGRAL
DES 8PL 5X150,SERIE 800 CROMO VANADIO PLANO #5X150MM,3462.26,INTEGRAL
DES 8PL 5X75,SERIE 800 CROMO VANADIO PLANO #5X75MM,2748.82,INTEGRAL
DES 8PL 6X100,SERIE 800 CROMO VANADIO PLANO #6X100MM,4191.26,INTEGRAL
DES 8PL 6X150,SERIE 800 CROMO VANADIO PLANO #6X150MM,5107.91,INTEGRAL
DES 8PL 8X100,SERIE 800 CROMO VANADIO PLANO #8X100MM,6031.07,INTEGRAL
DES 8PL 8X150,SERIE 800 CROMO VANADIO PLANO #8X150MM,6973.67,INTEGRAL
DES 8PL 8X200,SERIE 800 CROMO VANADIO PLANO #8X200MM,7465.35,INTEGRAL
DES 8RT 4X150,SERIE 800 CROMO VANADIO RECTO #4X150MM,2830.34,INTEGRAL
DES 8RT 4X200,SERIE 800 CROMO VANADIO RECTO #4X200MM,3408.28,INTEGRAL
DES 8RT 4X75,SERIE 800 CROMO VANADIO RECTO #4X75MM,2528.84,INTEGRAL
DES 8RA 5.5X125,SERIE 800 CROMO VANADIO RECTO AISLADO #5.5X125MM,3850.43,INTEGRAL
DES 8RA 6.5X150,SERIE 800 CROMO VANADIO RECTO AISLADO #6.5X150MM,4120.42,INTEGRAL
DES 8RA 4X100,SERIE 800 CROMO VANADIO RECTO AISLADO #8X200MM,2903.34,INTEGRAL
DES 8TX10X100-5,SERIE 800 CROMO VANADIO TORX #10X100*5,3462.85,INTEGRAL
DES 8TX15X100-6,SERIE 800 CROMO VANADIO TORX #15X100*6,4233.25,INTEGRAL
DES 8TX20X100-6,SERIE 800 CROMO VANADIO TORX #20X100*6,4536.43,INTEGRAL
DES 8TX25X125-6,SERIE 800 CROMO VANADIO TORX #25X125*6,4642.48,INTEGRAL
DES 8TX27X125-6,SERIE 800 CROMO VANADIO TORX #27X125*6,4704.15,INTEGRAL
DES 8TX30X125-6,SERIE 800 CROMO VANADIO TORX #30X125*6,4732.68,INTEGRAL
DES 8TX40X150-7,SERIE 800 CROMO VANADIO TORX #40X150*7,5531.92,INTEGRAL
DES 8TX45X150-8,SERIE 800 CROMO VANADIO TORX #45X150*8,5693.27,INTEGRAL
DES 8TX50X150-9,SERIE 800 CROMO VANADIO TORX #50X150*9,5934.87,INTEGRAL
DES 8TX 6X75-3,SERIE 800 CROMO VANADIO TORX #6X75*3,2528.84,INTEGRAL
DES 8TX 7X75-3,SERIE 800 CROMO VANADIO TORX #7X75*3,2592.6,INTEGRAL
DES 8TX 8X75-3,SERIE 800 CROMO VANADIO TORX #8X75*3,2684.67,INTEGRAL
DES 8TX 9X75-4,SERIE 800 CROMO VANADIO TORX #9X75*4,2741.19,INTEGRAL
DES 8TX25X100-6,SERIE 800 CROMO VANADIO TORX 25X100*6,4200.15,INTEGRAL
SR CST 300,SERRUCHO COSTILLA PROFESIONAL 300 MM,10033.2,INTEGRAL
SR PD 270 T,SERRUCHO DE PODA 270 MM TURBO,13791.65,INTEGRAL
SR PD 350,SERRUCHO DE PODA 350 MM,5680.02,INTEGRAL
SR PTA 350,SERRUCHO DE PUNTA  350 MM,9892.12,INTEGRAL
SR CS 165 T,SERRUCHO DURLOK 165 MM TUBRO,15164.84,INTEGRAL
SR UPR 400,SERRUCHO PROFESIONAL 400 MM,9513.05,INTEGRAL
SR UPR 450,SERRUCHO PROFESIONAL 450 MM,10474.01,INTEGRAL
SR UPR 500,SERRUCHO PROFESIONAL 500 MM,12152.96,INTEGRAL
SR UPR 550,SERRUCHO PROFESIONAL 550 MM,12883.34,INTEGRAL
SR UPR 500 T,SERRUCHO PROFESIONAL TURBO 500 MM,21776.29,INTEGRAL
SR PR400 U,SERRUCHO UNIVERSAL 400 MM,8012.56,INTEGRAL
SR PR500 U,SERRUCHO UNIVERSAL 500 MM,8813.41,INTEGRAL
DES 1000 15 B,SET DE 15 PIEZAS DESTORNILLADOR Y PUNTAS SERIE 1000,17282.81,INTEGRAL
DES 1000 29 B,SET DE 29 PIEZAS PUNTAS Y ADAPTADOR SERIE 1000,12652.74,INTEGRAL
PIN S2 SET 5,SET DE 5 PINCELES SERIE ECONOMY,9041.62,INTEGRAL
DES 1000 8 B,SET DE 8 PIEZAS PUNTAS Y ADAPTADOR SERIE 1000,8671.38,INTEGRAL
DES 1000 PRE,SET DE DESTORNILADORES DE PRECISION SERIE 1000 7 UNIDADES,13649.37,INTEGRAL
CH ALM 9,SET DE LLAVES ALLEN 9 PIEZAS (MM)- CROMO VANADIO,9569.54,INTEGRAL
CH ALP 9,SET DE LLAVES ALLEN 9 PIEZAS (PULGADAS)- CROMO VANADIO,9569.54,INTEGRAL
CH ALMTX 16E,SET DE LLAVES T SERIE 800 16 UNIDADES,47745.56,INTEGRAL
CH TRX 9,SET DE LLAVES TORX 9 PIEZAS- CROMO VANADIO,9569.54,INTEGRAL
JD S6 PZA SET,SET DE PODA SERIE 600,16556.17,INTEGRAL
DES 800 26 C,SET DE PUNTAS LARGAS Y TUBOS SERIE 800 26 PIEZAS,25839.76,INTEGRAL
DES 800 38 B,SET DE TUBOS Y PUNTAS SERIE 800 38 PIEZAS,41052.56,INTEGRAL
DES 800 73 B,SET DE TUBOS Y PUNTAS SERIE 800 73 PIEZAS,52220.79,INTEGRAL
SCR P 180 24,SIERRA CIRCULAR 24 DIENTES SERIE PLATEADA,12084.91,INTEGRAL
SCR P 180 40,SIERRA CIRCULAR 40 DIENTES SERIE PLATEADA,15496.27,INTEGRAL
SCRP18060ECO,SIERRA CIRCULAR 60 DIENTES S. PLATEADA ECONOMICA 2DA,0.0,INTEGRAL
SCR P 180 60,SIERRA CIRCULAR 60 DIENTES SERIE PLATEADA,17820.28,INTEGRAL
SCR E 180 24,SIERRA CIRCULAR ECO 180MM 24 DIENTES,0.0,INTEGRAL
ACC SIE,SIERRA MULTIUSO + REPUESTOS,0.0,INTEGRAL
PZA TN AMC 12,TENAZA ARMADOR - MEDIO CORTE 12 MM,0.0,INTEGRAL
PZA TN AMC 9,TENAZA ARMADOR - MEDIO CORTE 9 MM,0.0,INTEGRAL
PZA TN A12,TENAZA ARMADOR 12 MM,16296.71,INTEGRAL
PZA S6 TN A12,TENAZA ARMADOR 12 SERIE 600,17326.81,INTEGRAL
PZA TN A9,TENAZA ARMADOR 9 MM,9248.27,INTEGRAL
PZA S6 TN A9,TENAZA ARMADOR 9 SERIE 600,12690.19,INTEGRAL
PZA S6 TN AMC12,TENAZA ARMADOR MEDIO CORTE 12 SERIE 600,20934.17,INTEGRAL
PZA S6 TN AMC9,TENAZA ARMADOR MEDIO CORTE 9 SERIE 600,13271.16,INTEGRAL
PZA S6 TN7,TENAZA DE CARPINTERO  7 SERIE 600,10796.88,INTEGRAL
PZA TN7,TENAZA DE CARPINTERO 7 MM,0.0,INTEGRAL
PZA TN8,TENAZA DE CARPINTERO 8 MM,0.0,INTEGRAL
PZA S6 TN8,TENAZA DE CARPINTERO 8 SERIE 600,12273.99,INTEGRAL
CCO TJ 600,TIJERA CORTA CAÑOS.  SERIE 600,16708.32,INTEGRAL
CCO TJ 500,TIJERA CORTA CAÑOS. SERIE 500,11108.07,INTEGRAL
JD S8 CR T A,TIJERA CORTA RAMAS TELESCOPICA BYPASS,50887.09,INTEGRAL
JD S6 PZA BY,TIJERA DE PODA BYPASS SERIE 600,9232.3,INTEGRAL
JD S8 PZA BY,TIJERA DE PODA BYPASS SERIE 800,20128.37,INTEGRAL
JD S6 PZA MP,TIJERA DE PODA JARDIN SERIE 600,9070.42,INTEGRAL
JD S8 PZA MP,TIJERA DE PODA JARDIN SERIE 800,20128.37,INTEGRAL
JD PZ JDN,TIJERA JARDINERA,7184.38,INTEGRAL
JD S6 TIJ PD,TIJERA PARA CERCOS SERIE 600,21413.51,INTEGRAL
JD S8 TIJ PD A,TIJERA PARA CERCOS SERIE 800,35320.57,INTEGRAL
JD S8 TIJ PD TA,TIJERA TELESCOPICA PARA CERCOS SERIE 800,51869.25,INTEGRAL
PZA AV D,TIPO AVIACION - CORTE DERECHO,17423.18,INTEGRAL
PZA AV I,TIPO AVIACION - CORTE IZQUIERDO,17423.18,INTEGRAL
PZA AV R,TIPO AVIACION - CORTE RECTO,17423.18,INTEGRAL
CDB T ART CMB,TRABA ARTICULADA DE COMBINACION,35484.33,INTEGRAL
CDB TD 10 F,TRABA DISCO DE 10 MM CON FUNDA,20885.44,INTEGRAL
CDB TD 5.5 F,TRABA DISCO DE 5.5 MM CON FUNDA,19257.97,INTEGRAL
TRS R-AB 15,TRABA P/CILINDRICAS HOLG. BAJA,0.0,INTEGRAL
CDB U 180,TRABA U,26449.92,INTEGRAL
CDB U 320,TRABA U DE 320 MM,31203.47,INTEGRAL
PZA P PU7 D,UNIVERSAL PROFESIONAL  S 700 DOBLE ARTICULACION,17974.15,INTEGRAL
PZA P PU6,UNIVERSAL PROFESIONAL - SERIE 700,13025.13,INTEGRAL
PZA P PU7,UNIVERSAL PROFESIONAL - SERIE 700,14203.62,INTEGRAL
PZA P PU8,UNIVERSAL PROFESIONAL - SERIE 700,16507.75,INTEGRAL
PZA P8 PU6,UNIVERSAL PROFESIONAL AISLADA - SERIE 800,14033.67,INTEGRAL
PZA P8 PU7,UNIVERSAL PROFESIONAL AISLADA - SERIE 800,15483.23,INTEGRAL
PZA P8 PU8,UNIVERSAL PROFESIONAL AISLADA - SERIE 800,17497.8,INTEGRAL
PZA PU6,UNIVERSAL SERIE 500 6,0.0,INTEGRAL
PZA PU7,UNIVERSAL SERIE 500 7,0.0,INTEGRAL
PZA PU8,UNIVERSAL SERIE 500 8,0.0,INTEGRAL
RM 5INT,USO INTENSIVO - SERIE 500,13189.26,INTEGRAL
