ABL04M,ABRELATA A MANIJA. LOEKEMEYER -,5250.0,LUCAS_IMPORT
ABL04,ABRELATA MARIPOSA. LOEKEMEYER -,4125.0,LUCAS_IMPORT
ABL01,ABRELATA UÑA. LOEKEMEYER -,1500.0,LUCAS_IMPORT
ABL02,ABRELATAS DE METAL MARIPOSA. ECO -,881.34,LUCAS_IMPORT
ABL03,ABRELATAS UÑA. ECO -,770.0,LUCAS_IMPORT
GW568,ABROCHADORA PARA PAPELES CON GANCHOS -,2464.0,LUCAS_IMPORT
AMU100,ACEITE MULTIUSO PARA MAQUINAS X 100CM -,1300.0,LUCAS_IMPORT
GULF01,ACEITE PARA MOTORES 2T -,591.6,LUCAS_IMPORT
ACO122,"ACOPLE RAPIDO PARA MANGUERA DE 1/2"" -",1053.36,LUCAS_IMPORT
ADC200,ADAPTADOR 12V PARA CARGADOR DE CELULAR -,727.49,LUCAS_IMPORT
ADA23,ADAPTADOR 2 A 3. COMºN -,582.07,LUCAS_IMPORT
ADU100,ADAPTADOR DE ENCHUFE UNIVERSAL PLANO -,708.4,LUCAS_IMPORT
ADD222,ADAPTADOR DOBLE - 2 BOCAS,780.0,LUCAS_IMPORT
FAM01,ADAPTADOR FICHA AMERICANA -,504.96,LUCAS_IMPORT
AD001,ADAPTADOR INTERNACIONAL. VIAJERO -,2830.0,LUCAS_IMPORT
SDS012,ADAPTADOR SDS - PLUS -,1340.33,LUCAS_IMPORT
AF002,AFILA CUCHILLOS. ECO -,1850.0,LUCAS_IMPORT
AF001,AFILA CUCHILLOS. LOEKEMEYER -,4500.0,LUCAS_IMPORT
ALT10,ALARGUE DE 10M TIPO TALLER -,6930.0,LUCAS_IMPORT
ZTA03,ALARGUE DE 3M TIPO TALLER CON ZAPATILLA DE 4 TOMAS,4743.75,LUCAS_IMPORT
ALT05,ALARGUE DE 5M TIPO TALLER -,5610.0,LUCAS_IMPORT
ZTA05,ALARGUE DE 5M TIPO TALLER C/ ZAPATILLA DE 4 TOMAS,6325.0,LUCAS_IMPORT
AVP01,ALARMA PARA VENTANAS Y PUERTAS -,1600.0,LUCAS_IMPORT
ALVE001,ALFOMBRA DE GOMA C/ VENTOSA PARA BAO -,2765.99,LUCAS_IMPORT
PIN001,"ALICATE 6"" -",5010.0,LUCAS_IMPORT
PIN011,"ALICATE 8"" -",5600.0,LUCAS_IMPORT
PIA1000,"ALICATE 8"" P/ ELECTRI. 1000V -",5500.0,LUCAS_IMPORT
ACU12,ALICATE CORTA UÑAS X12,7095.0,LUCAS_IMPORT
PIN0011,"ALICATE CORTE FRONTAL DE 4,5"" -",4060.0,LUCAS_IMPORT
PIN0010,"ALICATE CORTE OBLICUO DE 4,5"" -",3263.42,LUCAS_IMPORT
ALI09,"ALISADOR PVC CHICO DE 9"" -",950.0,LUCAS_IMPORT
ATV01,ANTENA PARA TV AVISPA -,3110.0,LUCAS_IMPORT
ANP03,ANTEOJO PARA PROTECCION -,1200.0,LUCAS_IMPORT
ANP03N,ANTEOJO PROTECCION NEGRO -,1727.41,LUCAS_IMPORT
ANS01,ANTIPARRA DE SILICONA -,1958.0,LUCAS_IMPORT
ANS02,ANTIPARRA SOLDADOR VIDRIO LEVADIZO -,4834.31,LUCAS_IMPORT
ANTO24,ANTORCHITAS PARA ENCENDIDO TERMOTANQUE X 24 UNIDAD,5700.0,LUCAS_IMPORT
MOQ30,APARATO PARA TABLETA DE FUYI PARA MOSQUITOS X5 UNI,7600.0,LUCAS_IMPORT
ARS01,ARCO DE SIERRA CON HOJA. -,5068.8,LUCAS_IMPORT
ARS02,ARCO DE SIERRA CON HOJA. REFORZADO -,7370.0,LUCAS_IMPORT
AJR6,ARCO DE SIERRA JUNIOR. -,1870.0,LUCAS_IMPORT
AM21,"ARCO PARA SIERRA MONTARAZ DE 21"" -",6250.0,LUCAS_IMPORT
AM24,"ARCO PARA SIERRA MONTARAZ DE 24"" -",7036.77,LUCAS_IMPORT
AM30,"ARCO PARA SIERRA MONTARAZ DE 30"" -",8162.66,LUCAS_IMPORT
ARSR03,ARCO PARA SIERRA ROTA -,1640.06,LUCAS_IMPORT
ARR001,ARRANQUE TIPO ALAMBRE PARA DESMALEZADORA -,5192.0,LUCAS_IMPORT
ARR002,ARRANQUE TIPO MOÑO PARA DESMALEZADORA -,4700.0,LUCAS_IMPORT
ASEN30,ASADERA ENLOZADA Nº30 -,8812.5,LUCAS_IMPORT
ASEN40,ASADERA ENLOZADA Nº40 -,10860.14,LUCAS_IMPORT
AU200,AURICULAR INTERNO PARA CELULAR -,1400.0,LUCAS_IMPORT
BBB02,BAÑERA PVC PARA BEBES -,4537.5,LUCAS_IMPORT
BD008,BALANZA DIGITAL PARA JOYERIA -,5500.0,LUCAS_IMPORT
BD007,BALANZA DIGITAL PARA LA COCINA -,6020.0,LUCAS_IMPORT
BD009,BALANZA ROMANA DIGITAL 50KG -,4400.0,LUCAS_IMPORT
BAL11,BALDE 11 LITROS -,1750.0,LUCAS_IMPORT
BAL11A,BALDE 11 LITROS MANIJA DE ALAMBRE -,2000.0,LUCAS_IMPORT
BAL13,BALDE 13 LITROS -,1937.5,LUCAS_IMPORT
BAL13E,BALDE 13 LITROS CON ESCURRIDOR -,2612.5,LUCAS_IMPORT
BAL09,BALDE 9 LITROS -,1350.0,LUCAS_IMPORT
BOV13E,BALDE OVALADO CON ESCURRIDOR -,5300.0,LUCAS_IMPORT
BALL006,BALLERINA AMARILLA X 12 UNIDADES -,3300.0,LUCAS_IMPORT
BSF100,BARRA SILICONA FINA. BOLSA X 1 KG. NACIONAL -,19000.0,LUCAS_IMPORT
BSG100,BARRA SILICONA GRUESA. BOLSA X 1 KG. NACIONAL -,19000.0,LUCAS_IMPORT
BARR200E,BARRAL PARA CORTINA DE BAÑO. ECO -,6700.0,LUCAS_IMPORT
BARR200,BARRAL PARA CORTINA DE BAÑO. REF -,7900.0,LUCAS_IMPORT
BH54,BARREHOJAS PLASTICO 54 CM ANCHO -,1720.0,LUCAS_IMPORT
BH30,BARREHOJAS PLASTICO CHICO -,560.0,LUCAS_IMPORT
BH20,BARREHOJAS REGULABLE DE METAL. ECO -,5227.31,LUCAS_IMPORT
BH21,BARREHOJAS REGULABLE DE METAL. REF. -,7119.0,LUCAS_IMPORT
BAT09V,BATERIA DE 9V -,1500.0,LUCAS_IMPORT
BAL003,BATIDOR DE ALAMBRE. LOEKEMEYER -,2275.0,LUCAS_IMPORT
BEN01,BENCINA PARA ENCENDEDORES -,2240.0,LUCAS_IMPORT
BT20,BIDON TERMICO 2L -,4339.08,LUCAS_IMPORT
BT30,BIDON TERMICO 3L -,5950.75,LUCAS_IMPORT
BEA02K,BIFERA ENLOZADA ACANALADA Nº2 MARCA KUFO -,11157.66,LUCAS_IMPORT
BEA03K,BIFERA ENLOZADA ACANALADA Nº3 MARCA KUFO -,14876.89,LUCAS_IMPORT
BEA04K,BIFERA ENLOZADA ACANALADA Nº4 MARCA KUFO -,18596.13,LUCAS_IMPORT
CU18,BLISTER CUTTER 18MM X 12 UNIDADES. ECONOMICO -,3720.0,LUCAS_IMPORT
CU12,BLISTER CUTTER 9MM X 12 UNIDADES. ECO (ANGOSTO) -,2709.0,LUCAS_IMPORT
EST60,BLISTER DE ESTAÑO DE 60% X 10 UNIDADES -,4430.0,LUCAS_IMPORT
EST40,BLISTER ESTAÑO DE 40% X 10 UNIDADES -,4430.0,LUCAS_IMPORT
EST50,BLITER DE ESTAÑO DE 50% X 10 UNIDADES -,4430.0,LUCAS_IMPORT
BOH18,BOLSA HERMETICA 18X20 TIPO ZIPLOC -,2200.0,LUCAS_IMPORT
BOH27,BOLSA HERMETICA 27X28 TIPO ZIPLOC -,2470.0,LUCAS_IMPORT
BCAL10,BOLSA PARA AGUA CALIENTE -,3850.0,LUCAS_IMPORT
RES60,BOLSA PARA RESIDUO 45CM X 60CM -,267.84,LUCAS_IMPORT
RES70,BOLSA PARA RESIDUO 50CM X 70CM -,330.0,LUCAS_IMPORT
RES90,BOLSA PARA RESIDUO 60CM X 90CM -,606.23,LUCAS_IMPORT
RES110,BOLSA PARA RESIDUO 80CM X 110CM -,1220.0,LUCAS_IMPORT
BTR01,BOMBA TRASVASE PVC -,2039.64,LUCAS_IMPORT
BOM12,BOMBILLA DE METAL X 12 UNID. -,3851.93,LUCAS_IMPORT
BOM13,BOMBILLA DE METAL X12 UNID. REFORZADA -,7865.0,LUCAS_IMPORT
BOMB10,BOMBIN PARA DESMALEZADORA -,591.6,LUCAS_IMPORT
BRO0013,BROCHE MADERA X 12 UNIDADES -,426.35,LUCAS_IMPORT
BRO0012,BROCHE PLASTICO X 12 UNIDADES -,487.03,LUCAS_IMPORT
BUD028,BUDINERA RECTANGULAR Nº28 -,1518.18,LUCAS_IMPORT
BPF03,BUSCAPOLO CON MEDIDOR Y FUSIBLES PARA AUTO -,2028.6,LUCAS_IMPORT
BP01,BUSCAPOLO. ECO -,333.12,LUCAS_IMPORT
CVG15,CABLE AUDIO Y VIDEO A VGA -,6596.32,LUCAS_IMPORT
CAUX10,CABLE AUXILIAR -,900.0,LUCAS_IMPORT
AV03,CABLE DE AUDIO Y VIDEO. REFORZADO -,1051.99,LUCAS_IMPORT
HDMIA90,CABLE HDMI A AUDIO Y VIDEO -,5000.0,LUCAS_IMPORT
MHDMC150,CABLE HDMI A MICRO HDMI -,3748.99,LUCAS_IMPORT
MHDMI150,CABLE HDMI A MINI HDMI -,3748.99,LUCAS_IMPORT
HDVG30,CABLE HDMI A VGA -,2420.0,LUCAS_IMPORT
HDMI15,"CABLE HDMI X 1,50M -",2300.0,LUCAS_IMPORT
HDMI30,CABLE HDMI X3M -,5280.0,LUCAS_IMPORT
CAIN16,CABLE INTERLOCK PARA CPU. REFORZADO -,2059.2,LUCAS_IMPORT
CAIN15,CABLE INTERLOCK PARA RADIO. REFORZADO -,1599.84,LUCAS_IMPORT
CAM14,CABLE MINI PLUG A MINI PLUG -,990.0,LUCAS_IMPORT
COP15,CABLE OPTICO -,2845.5,LUCAS_IMPORT
CBA200,CABLE PARA BATERIA DE AUTOS 200AMP -,5163.87,LUCAS_IMPORT
CBA400,CABLE PARA BATERIA DE AUTOS DE 500AMP -,9200.0,LUCAS_IMPORT
CACI01,CABLE PARA CARGADOR DE CELULAR IPHONE -,1300.0,LUCAS_IMPORT
CACE01,CABLE PARA CARGADOR DE CELULAR V8. REFORZADO -,1200.0,LUCAS_IMPORT
CACC01,CABLE PARA CELULAR TIPO C -,1500.0,LUCAS_IMPORT
CRED20,CABLE PARA RED X 20M. ARMADO -,7999.2,LUCAS_IMPORT
CRED10,CABLE PARA RED X10M. ARMADO -,4600.0,LUCAS_IMPORT
CRED02,CABLE PARA RED X2M. ARMADO -,1700.0,LUCAS_IMPORT
CRED30,CABLE PARA RED X30M. ARMADO -,11000.0,LUCAS_IMPORT
CRED05,CABLE PARA RED X5M. ARMADO -,2692.8,LUCAS_IMPORT
CAT002,CABLE PARA TESTER -,3009.6,LUCAS_IMPORT
CEX200,CABO EXTENSIBLE X2M -,10853.85,LUCAS_IMPORT
CEX300,CABO EXTENSIBLE X3M -,15900.0,LUCAS_IMPORT
CMA120,CABO MADERA CON ROSCA PARA ESCOBILLON 1.25M (PINO,468.75,LUCAS_IMPORT
CMA135,CABO MADERA CON ROSCA PARA ESCOBILLON 1.35M (PINO,650.0,LUCAS_IMPORT
CME135,CABO METALICO CON ROSCA PARA ESCOBILLON -,800.0,LUCAS_IMPORT
CMB150,CABO PARA BARRENDERO DE 1.50M -,854.75,LUCAS_IMPORT
CHA090,CABO PARA HACHA DE 90CM -,3397.77,LUCAS_IMPORT
CAG007,CABO PARA MARTILLO GALPONERO -,1948.65,LUCAS_IMPORT
CAM008,CABO PARA MAZA -,1185.0,LUCAS_IMPORT
CAA36,CACEROLA ALUMINIO GASTRONOMICA Nº36 -,25141.96,LUCAS_IMPORT
CAA20,CACEROLA ALUMINIO Nº20 -,6350.0,LUCAS_IMPORT
CAA22,CACEROLA ALUMINIO Nº22 -,6600.0,LUCAS_IMPORT
CAA24,CACEROLA ALUMNIO Nº24 -,7600.0,LUCAS_IMPORT
CAA26,CACEROLA ALUMNIO Nº26 -,8505.0,LUCAS_IMPORT
CAA28,CACEROLA ALUMNIO Nº28 -,10330.0,LUCAS_IMPORT
CAA30,CACEROLA ALUMNIO Nº30 -,14300.0,LUCAS_IMPORT
CAE22,CACEROLA ENLOZADA Nº22 -,7438.46,LUCAS_IMPORT
CAE24,CACEROLA ENLOZADA Nº24 -,7810.35,LUCAS_IMPORT
CAD30,CADENA Y CANDADO GRANDE PARA MOTOS -,15939.0,LUCAS_IMPORT
C13,"CAJA DE HERRAMIENTAS 13"". NACIONAL -",6400.0,LUCAS_IMPORT
C16,"CAJA DE HERRAMIENTAS 16"". NACIONAL -",9000.0,LUCAS_IMPORT
C19,"CAJA DE HERRAMIENTAS 19"". NACIONAL -",10500.0,LUCAS_IMPORT
CALCU03,CALCULADORA. CHICA -,1694.0,LUCAS_IMPORT
CALCU02,CALCULADORA. GRANDE -,8000.0,LUCAS_IMPORT
CALCU01,CALCULADORA. MEDIANA -,5600.0,LUCAS_IMPORT
CEL12V,CALENTADOR ELECTRICO A 12 VOLT -,4000.0,LUCAS_IMPORT
CEL01,CALENTADOR ELECTRICO DE METAL,3000.0,LUCAS_IMPORT
CEL02P,CALENTADOR PLASTICO 220V REFORZADO -,2300.0,LUCAS_IMPORT
CALI40,CALIBRE DE METAL -,11937.17,LUCAS_IMPORT
CALI20,CALIBRE DIGITAL DE METAL -,21191.08,LUCAS_IMPORT
CALI10,CALIBRE PLASTICO -,1328.25,LUCAS_IMPORT
CALI30,CALIBRE PVC DIGITAL -,11400.0,LUCAS_IMPORT
CCR100,CANASTO CALADO PARA LA ROPA -,4812.5,LUCAS_IMPORT
CABR22,CANASTO PARA BROCHES -,1687.5,LUCAS_IMPORT
CAN25E,CANDADO 25 MM. ECONOMICO. -,1000.0,LUCAS_IMPORT
CAN32E,CANDADO 32MM. ECONOMICO. -,1300.0,LUCAS_IMPORT
CAN38E,CANDADO 38MM. ECONOMICO. -,1400.0,LUCAS_IMPORT
CAN50E,CANDADO 50MM. ECONOMICO. -,2700.0,LUCAS_IMPORT
CAN63E,CANDADO 63MM. ECONOMICO. -,3300.0,LUCAS_IMPORT
CAN75E,CANDADO 75MM. ECONOMICO -,7260.0,LUCAS_IMPORT
CAN50P,CANDADO ACERADO DE 50MM CON PERNO -,5408.79,LUCAS_IMPORT
CAN60P,CANDADO ACERADO DE 60MM CON PERNO -,6066.53,LUCAS_IMPORT
CAN010,CANDADO DE 10 COMBINACIONES (38MM) -,2121.19,LUCAS_IMPORT
CAN20E,CANDADO DE 20 MM. ECONOMICO -,899.38,LUCAS_IMPORT
CAN008,CANDADO DE 8 COMBINACIONES (32MM) -,1045.1,LUCAS_IMPORT
CAN30,CANDADO Nº 30 CUELLO CORTO. -,2280.0,LUCAS_IMPORT
CAN30CL,CANDADO Nº 30 CUELLO LARGO. -,2834.39,LUCAS_IMPORT
CAN40,CANDADO Nº 40 CUELLO CORTO. -,3000.0,LUCAS_IMPORT
CAN40CL,CANDADO Nº 40 CUELLO LARGO. -,3300.0,LUCAS_IMPORT
CAN50,CANDADO Nº 50 CUELLO CORTO. -,3700.0,LUCAS_IMPORT
CAN50CL,CANDADO Nº 50 CUELLO LARGO. -,4000.0,LUCAS_IMPORT
CAN60,CANDADO Nº 60 CUELLO CORTO. -,6501.98,LUCAS_IMPORT
CANU02,CANDADO TIPO U P/ MOTOS Y BICICLETAS. REFORZADO -,17883.57,LUCAS_IMPORT
CAN03V,CANDADO VALIJERO CON COMBINACION -,1800.0,LUCAS_IMPORT
CAR01,CARETA PARA SOLDAR VIDRIO LEVADIZO. REFORZADA -,7644.69,LUCAS_IMPORT
CUSB12,CARGADOR PARA CELULAR 12V -,2584.53,LUCAS_IMPORT
CUSC220,CARGADOR PARA CELULAR 220V CON USB ENTRADA TIPO C,2800.0,LUCAS_IMPORT
CUSB220,CARGADOR PARA CELULAR 220V CON USB ENTRADA V8 -,2500.0,LUCAS_IMPORT
CPOR20,"CARGADOR PARA CELULAR PORTATIL ""GRANDE 9000 MA"" -",8450.17,LUCAS_IMPORT
CARP04,CARGADOR PARA PILAS DOBLE A Y TRIPLE A -,5878.95,LUCAS_IMPORT
CAR91,CARRETEL PARA DESMALEZADORA AUTOMATICO -,4200.0,LUCAS_IMPORT
CAR90,CARRETEL PARA DESMALEZADORA MANUAL -,7700.0,LUCAS_IMPORT
GB227,CARTUCHO DE GAS BUTANO PARA ANAFE X UNIDAD (VIENE,3320.0,LUCAS_IMPORT
CE02V,CEPILLO ALAMBRE BASE PVC -,3679.26,LUCAS_IMPORT
CE02M,CEPILLO ALAMBRE CABO DE MADERA -,925.0,LUCAS_IMPORT
CETR03,"CEPILLO COPA 3"" TRENZADO -",2800.0,LUCAS_IMPORT
CETR04,"CEPILLO COPA 4"" TRENZADO -",4536.0,LUCAS_IMPORT
CEBR03,"CEPILLO COPA BRONCEADO DE 3"" -",2646.0,LUCAS_IMPORT
CEBR04,"CEPILLO COPA BRONCEADO DE 4"" -",3750.0,LUCAS_IMPORT
CEBR05,"CEPILLO COPA BRONCEADO DE 5"" -",5710.32,LUCAS_IMPORT
CE3P,CEPILLO DE ALAMBRE 3 PCZ. CHICO -,1500.0,LUCAS_IMPORT
CE3PG,CEPILLO DE ALAMBRE 3 PCZ. GRANDE -,3118.9,LUCAS_IMPORT
CE01,CEPILLO DE ALAMBRE MANGO PLASTICO -,1331.0,LUCAS_IMPORT
CPAR17,CEPILLO DE PAJA PARRILLERO SIN CABO -,3830.8,LUCAS_IMPORT
CEPA08,CEPILLO LAVA AUTOS -,1350.0,LUCAS_IMPORT
CEPC09,CEPILLO LAVA CAMION -,1750.0,LUCAS_IMPORT
CEU002,CEPILLO LIMPIA UÑAS X2 UNIDADES -,850.0,LUCAS_IMPORT
CEM03,CEPILLO METALICO P/ TALADRO X 3 PC -,3620.0,LUCAS_IMPORT
CEM05,CEPILLO METALICO P/ TALADRO X 5 PC -,5500.0,LUCAS_IMPORT
EIN002,CEPILLO PARA INODORO CON DEPOSITO -,1870.0,LUCAS_IMPORT
CEPR03,CEPILLO PARA LAVAR ROPA -,800.0,LUCAS_IMPORT
CEPB04,"CEPILLO PLANO 4"" BRONCEADO -",3650.0,LUCAS_IMPORT
CEPT04,"CEPILLO PLANO 4"" TRENZADO -",4662.0,LUCAS_IMPORT
CHA08,"CHAIRA DE 10"" -",2475.0,LUCAS_IMPORT
CHA99,CHALECO REFRACTARIO - COLOR NARANJA,1730.0,LUCAS_IMPORT
MAG02,CHISPERO GRANDE -,1650.0,LUCAS_IMPORT
MAG03,CHISPERO CHICO -,1100.0,LUCAS_IMPORT
CHU12,"CHUPETE DE GOMA PARA CANILLA DE 1/2"" X10 UNIDADES",3200.0,LUCAS_IMPORT
CHU34,"CHUPETE DE GOMA PARA CANILLA DE 3/4"" X10 UNIDADES",4200.0,LUCAS_IMPORT
CHU01,CHURRERA DE METAL -,1663.75,LUCAS_IMPORT
CINA10,"CINTA AISLADORA X10 ""TACSA"" X10M -",9900.0,LUCAS_IMPORT
CIN100,CINTA DE AGRIMENSOR DE 100M -,14100.0,LUCAS_IMPORT
CIN20,CINTA DE AGRIMENSOR DE 20M -,4900.0,LUCAS_IMPORT
CIN30,CINTA DE AGRIMENSOR DE 30M -,5200.0,LUCAS_IMPORT
CIN50,CINTA DE AGRIMENSOR DE 50M -,7150.0,LUCAS_IMPORT
CIEM10,CINTA DE EMBALAJE -,1170.0,LUCAS_IMPORT
CM12,CINTA DE MONTAJE DOBLE FAZ 12MM -,351.49,LUCAS_IMPORT
CM18,CINTA DE MONTAJE DOBLE FAZ 18MM -,1280.0,LUCAS_IMPORT
CM24,CINTA DE MONTAJE DOBLE FAZ 24MM -,1950.0,LUCAS_IMPORT
CM36,CINTA DE MONTAJE DOBLE FAZ 36MM -,1930.08,LUCAS_IMPORT
CIN010,CINTA METRICA 10M. GIANT -,4300.0,LUCAS_IMPORT
CIN01,"CINTA METRICA 1M ""LLAVERO"" -",484.0,LUCAS_IMPORT
CIN003,CINTA METRICA 3M. GIANT -,1585.0,LUCAS_IMPORT
CIN005,CINTA METRICA 5M. GIANT -,2080.0,LUCAS_IMPORT
CIN007,CINTA METRICA 7.5M. GIANT -,3500.0,LUCAS_IMPORT
CIPA10,CINTA PASACABLES DE PVC. X 10M -,3040.0,LUCAS_IMPORT
CIPA15,CINTA PASACABLES DE PVC. X 15M -,3530.0,LUCAS_IMPORT
CIPA07,CINTA PASACABLES DE PVC. X 7M -,2820.0,LUCAS_IMPORT
CIPE20,CINTA PELIGRO X100M -,2278.06,LUCAS_IMPORT
CR3000,CINTA REMOLQUE PARA AUTOMOVILES -,6070.0,LUCAS_IMPORT
CR5,CINTA SUJETADORA DE CARGA CON TRABA. ANGOSTA. ECO,3780.0,LUCAS_IMPORT
CR7,CINTA SUJETADORA DE CARGA CON TRABA. GRANDE. PROFE,28454.76,LUCAS_IMPORT
CR6,CINTA SUJETADORA DE CARGA CON TRABA. MEDIANA. PROF,13200.0,LUCAS_IMPORT
CLAV02,CLAVERA DOBLE DE CUERO -,30157.59,LUCAS_IMPORT
CLB005,CLIP PARA CERRAR BOLSAS X5PC -,693.0,LUCAS_IMPORT
CC24,COLADOR DE METAL PARA COCINA N24,3700.0,LUCAS_IMPORT
CC10,COLADOR DE METAL PARA COCINA Nº10 -,885.5,LUCAS_IMPORT
CC12,COLADOR DE METAL PARA COCINA Nº12 -,1150.0,LUCAS_IMPORT
CC14,COLADOR DE METAL PARA COCINA Nº14 -,1630.0,LUCAS_IMPORT
CC16,COLADOR DE METAL PARA COCINA Nº16 -,1859.55,LUCAS_IMPORT
CC18,COLADOR DE METAL PARA COCINA Nº18 -,2024.0,LUCAS_IMPORT
CC20,COLADOR DE METAL PARA COCINA Nº20 -,2750.0,LUCAS_IMPORT
CC22,COLADOR DE METAL PARA COCINA Nº22 -,3000.0,LUCAS_IMPORT
CC02,COLADOR DE METAL PARA COCINA Nº8 -,793.21,LUCAS_IMPORT
CPM10,COLADOR PLASTICO P/ FIDEOS - COLA PASTA -,1840.0,LUCAS_IMPORT
COL01P,COLLAR PARA PERROS CHICOS -,825.0,LUCAS_IMPORT
COL01G,COLLAR PARA PERROS GRANDES -,1628.0,LUCAS_IMPORT
COL01M,COLLAR PARA PERROS MEDIANOS -,1330.0,LUCAS_IMPORT
COMA01,COMEDERO PARA MASCOTA. CHICO -,528.8,LUCAS_IMPORT
COMA03,COMEDERO PARA MASCOTA. GRANDE -,839.88,LUCAS_IMPORT
COMA02,COMEDERO PARA MASCOTA. MEDIO -,764.73,LUCAS_IMPORT
COM12V,COMPRESOR DE 12 VOLT. ECO,14000.0,LUCAS_IMPORT
FRE300,CONJUNTO FREIDOR ENLOZADO -,10082.1,LUCAS_IMPORT
CON15,CONSERVADORA 15L. GEMPLAST -,16300.0,LUCAS_IMPORT
CON28,CONSERVADORA 34 LITROS. GEMPLAST -,21400.0,LUCAS_IMPORT
CON06,"CONSERVADORA DE 4,5 LITROS -",5578.84,LUCAS_IMPORT
CRAA20,CONTROL REMOTO PARA AIRE ACONDICIONADO -,5800.0,LUCAS_IMPORT
CRE100,CONTROL REMOTO UNIVERSAL SMART TV -,4500.0,LUCAS_IMPORT
CVV12,COPA VIDRIO PARA VINO X12 UNIDADES -,9781.58,LUCAS_IMPORT
COR15C,CORREA DE CADENA 3.0 PARA PERROS -,1540.0,LUCAS_IMPORT
COR15N,CORREA DE NYLON GRUESA REDONDA PARA PERROS -,2200.0,LUCAS_IMPORT
CCC88,CORTA CAÑO COBRE,7400.0,LUCAS_IMPORT
COQ005,CORTA QUESO. LOEKEMEYER -,3825.0,LUCAS_IMPORT
COCE05,CORTADOR DE CERAMICO TIPO PINZA -,6000.0,LUCAS_IMPORT
CPI99,CORTADOR PARA PIZZA -,2352.08,LUCAS_IMPORT
CV01,CORTAVIDRIO CON ACEITE -,1557.36,LUCAS_IMPORT
CV02,CORTAVIDRIO TIPO JOBO -,1816.92,LUCAS_IMPORT
COB40,CORTINA BAÑO. ECO -,1078.56,LUCAS_IMPORT
COB50,CORTINA PARA BAÑO DOBLE. PREMIUM -,5030.0,LUCAS_IMPORT
COT80,"CORTINA TIRAS 0,80CM (LIVIANA) -",2570.0,LUCAS_IMPORT
COT90,CORTINA TIRAS 0.90CM (PESADA) -,3090.0,LUCAS_IMPORT
CUB002,CUBETERAS PVC X 2 UNIDADES -,785.0,LUCAS_IMPORT
CCM02,CUCHARA COLADOR DE METAL . ESPUMADERA -,3789.5,LUCAS_IMPORT
CAL07,"CUCHARA DE ALBAÑIL 7"". ECO -",3930.0,LUCAS_IMPORT
CAL07M,"CUCHARA DE ALBAÑIL 7"". PUNTA MOCHA. MARCA MAEZ -",6786.19,LUCAS_IMPORT
CAL06,"CUCHARA DE ALBAÑIL DE 6"". ECO -",3300.0,LUCAS_IMPORT
CAL09,"CUCHARA DE ALBAÑIL DE 9"". ECO -",4305.0,LUCAS_IMPORT
CMS02,CUCHARA DE METAL PARA SPAGUETTI -,3570.43,LUCAS_IMPORT
TRA03I,CUCHARA SOPERA TRAMONTINA. LINEA IPANEMA X 12 UNID,16922.48,LUCAS_IMPORT
TRA3CU,CUCHARA SOPERA X 3 UNIDADES. MARCA CAROL -,2037.5,LUCAS_IMPORT
CUC12E,CUCHARA SOPERA X12 UNIDADES -,8000.0,LUCAS_IMPORT
CU06T,CUCHARAS PARA TE X 12 UNIDADES -,5010.0,LUCAS_IMPORT
CUM003,CUCHARON DE MADERA -,582.31,LUCAS_IMPORT
CMC02,CUCHARON DE METAL PARA COCINA -,3542.0,LUCAS_IMPORT
CNY02,CUCHARON DE NYLON -,2000.0,LUCAS_IMPORT
CUGA16,CUCHARON GASTRONºMICO Nº16 -,8291.08,LUCAS_IMPORT
TRA10,"CUCHILLA 10"" -",3100.0,LUCAS_IMPORT
TRA12,"CUCHILLA 12"" -",4200.0,LUCAS_IMPORT
TRA9,"CUCHILLA 9"" -",3000.0,LUCAS_IMPORT
TRA7,"CUCHILLA DE 7"" -",2550.0,LUCAS_IMPORT
TRA8,"CUCHILLA DE 8"" -",2700.0,LUCAS_IMPORT
CCE09G,CUCHILLA HOJA DE CERAMICA. GRANDE -,3868.0,LUCAS_IMPORT
CCE08M,CUCHILLA HOJA DE CERAMICA. MEDIANA -,2975.39,LUCAS_IMPORT
CU12E,CUCHILLO ECONOMICO X12 UNIDADES -,8900.0,LUCAS_IMPORT
TRA5,"CUCHILLO PARA DESHUESAR 5"". -",931.7,LUCAS_IMPORT
TRA02CI,CUCHILLO TRAMONTINA. LINEA IPANEMA X 12 UNIDADES -,16922.48,LUCAS_IMPORT
TRA3C,CUCHILLO X 3 UNIDADES. MARCA CAROL -,2037.5,LUCAS_IMPORT
CU02,CUTTER - ECONOMICO -,900.0,LUCAS_IMPORT
CU03,CUTTER DURLERO PLEGABLE CON HOJAS DE REPUESTO. TRA,2600.0,LUCAS_IMPORT
CU05,CUTTER TIPO BISTURI CON PUNTAS INTERCAMBIABLES -,5128.46,LUCAS_IMPORT
CU01,CUTTER. REFORZADO -,1815.0,LUCAS_IMPORT
DSC02,DESTAPADOR Y SACACORCHO. ECO. -,1540.0,LUCAS_IMPORT
DSC03,DESTAPADOR Y SACACORCHOS. LOEKMEYER -,4537.5,LUCAS_IMPORT
DSC01,DESTAPADOR Y SACACORCHOS. TIRABUZON CON ALAS -,10875.0,LUCAS_IMPORT
DSC01E,DESTAPADOR Y SACACORCHOS. TIRABUZON CON ALAS. ECO,3300.0,LUCAS_IMPORT
DES006,DESTORNILLADOR DOBLE PUNTA -,1380.37,LUCAS_IMPORT
DEP04,DESTORNILLADOR PLANO 4MM X 100 -,2180.3,LUCAS_IMPORT
DEP05,DESTORNILLADOR PLANO 5MM X 100 -,2674.96,LUCAS_IMPORT
DEP06,DESTORNILLADOR PLANO 6MM X 100 -,2861.65,LUCAS_IMPORT
PH375,DESTORNILLADOR PUNTA PHILIPS 3X75MM,1760.0,LUCAS_IMPORT
PH4100,DESTORNILLADOR PUNTA PHILIPS 4MM X 100 -,2180.3,LUCAS_IMPORT
PH5100,DESTORNILLADOR PUNTA PHILIPS 5MM X 100 -,2674.96,LUCAS_IMPORT
PH6100,DESTORNILLADOR PUNTA PHILIPS 6MM X 100 -,2861.65,LUCAS_IMPORT
DES008,DESTORNILLADOR REVERSIBLE DE FUERZA -,765.6,LUCAS_IMPORT
DES007,DESTORNILLADOR REVERSIBLE EXTENSIBLE -,1771.0,LUCAS_IMPORT
DES041,DESTORNILLADOR REVERSIBLE VARILLA FINA -,1400.0,LUCAS_IMPORT
DES009,DESTORNILLADORES PARA CELULAR X 17PC -,1300.0,LUCAS_IMPORT
DES010,DESTORNILLADORES PARA CELULAR X 34PC -,3500.0,LUCAS_IMPORT
S24,DISCO DE SIERRA 4. 1/2 X 24 DIENTES -,2200.0,LUCAS_IMPORT
S40,DISCO DE SIERRA 4. 1/2 X 40 DIENTES -,2350.0,LUCAS_IMPORT
S714,"DISCO DE SIERRA 7 1/4"" X 40 DIENTES",3650.0,LUCAS_IMPORT
DF120,DISCO FLAP 115MM GRANO 120 (PAQUETE X 10 UNIDADES),12815.0,LUCAS_IMPORT
DF40,DISCO FLAP 115MM GRANO 40 (PAQUETE X 10 UNIDADES),12815.0,LUCAS_IMPORT
DF60,DISCO FLAP 115MM GRANO 60 (PAQUETE X 10 UNIDADES),12815.0,LUCAS_IMPORT
DF80,DISCO FLAP 115MM GRANO 80 (PAQUETE X 10 UNIDADES),12815.0,LUCAS_IMPORT
DP115C,DISCO WIDIA PARA PARED 115MM. LISO -,3366.32,LUCAS_IMPORT
DP115S,DISCO WIDIA PARA PARED 115MM. SEGMENTADO -,3366.32,LUCAS_IMPORT
DP115T,DISCO WIDIA PARA PARED 115MM. TURBO -,3366.32,LUCAS_IMPORT
DP180C,DISCO WIDIA PARA PARED 180MM. CONTINUO/LISO,6720.0,LUCAS_IMPORT
DUP111,DUCHADOR DE MANO PORTATIL CROMADO -,8415.79,LUCAS_IMPORT
DUP98,DUCHADOR PORTATIL PVC -,1975.0,LUCAS_IMPORT
EMB28,EMBUDO PLASTICO N28,2300.0,LUCAS_IMPORT
EMB10,EMBUDO PLASTICO Nº10 -,560.0,LUCAS_IMPORT
EMB13,EMBUDO PLASTICO Nº13 -,700.0,LUCAS_IMPORT
EMB16,EMBUDO PLASTICO Nº16 -,918.0,LUCAS_IMPORT
EMB08,EMBUDO PLASTICO Nº8 -,530.0,LUCAS_IMPORT
ENCE50,ENCENDEDORES X 50 UNIDADES -,12017.5,LUCAS_IMPORT
ENG614,ENGRAMPADORA DE METAL 6MM - 14MM -,11800.0,LUCAS_IMPORT
ENG120,ENGRAMPADORA PVC. ECONOMICA -,3621.48,LUCAS_IMPORT
ESCO05,ESCOBA PARA EXTERIOR -,2680.0,LUCAS_IMPORT
ESCO08,ESCOBILLON BARRENDERO -,5562.5,LUCAS_IMPORT
ESCO01,ESCOBILLON AZ. ECO -,1050.0,LUCAS_IMPORT
ESCO09,ESCOBILLON DE CERDA DURA PARA PISOS -,1331.25,LUCAS_IMPORT
ESCO04,ESCOBILLON GONDOLA -,1280.0,LUCAS_IMPORT
ESCO03,ESCOBILLON LOC22 -,1400.0,LUCAS_IMPORT
ESCO010,ESCOBILLON PANTERA -,2000.0,LUCAS_IMPORT
ESCO06,ESCOBILLON PARA PISOS DE MADERA -,1630.0,LUCAS_IMPORT
ESCO02,ESCOBILLON PLANY -,1120.0,LUCAS_IMPORT
ESCO07,ESCOBILLON VAPORETO -,1537.5,LUCAS_IMPORT
ESC03M,ESCOFINA PARA MADERA. MEDIA CAÑA -,3181.16,LUCAS_IMPORT
ESC03P,ESCOFINA PARA MADERA. PLANA -,3181.16,LUCAS_IMPORT
ESC03R,ESCOFINA PARA MADERA. REDONDA -,3181.16,LUCAS_IMPORT
ESCT35,ESCUADRA ALUMINIO TRIANGULO -,4460.0,LUCAS_IMPORT
ESCC30,ESCUADRA CARPINTERO DE 30 CM CON SOMBRERO -,3553.0,LUCAS_IMPORT
ESCC40,ESCUADRA CARPINTERO DE 40 CM CON SOMBRERO -,3806.0,LUCAS_IMPORT
ESC30,ESCUADRA DE METAL DE 30 CM -,5060.0,LUCAS_IMPORT
ESM300,"ESCUADRA MAGNETICA DE 3"" PARA SOLDADOR -",3500.0,LUCAS_IMPORT
ESM400,"ESCUADRA MAGNETICA DE 4"" PARA SOLDADOR -",11010.53,LUCAS_IMPORT
ESM500,"ESCUADRA MAGNETICA DE 5"" PARA SOLDADOR -",11745.09,LUCAS_IMPORT
ESCU05,ESCURRE CUBIERTOS DE PVC -,1134.38,LUCAS_IMPORT
SVP05,ESCURRE VAJILLA PLASTICO -,4125.0,LUCAS_IMPORT
ESV05,ESCURRE VERDURA -,3332.13,LUCAS_IMPORT
ENY02,ESPATULA ACANALADA DE NYLON -,2000.0,LUCAS_IMPORT
ESPG003,ESPATULA DE GOMA P/ REPOSTERIA -,1771.0,LUCAS_IMPORT
ESPG004,ESPATULA DE GOMA P/ REPOSTERIA. CHICA,650.0,LUCAS_IMPORT
ESP100,ESPATULA DE HIERRO DE 100 MM -,2380.0,LUCAS_IMPORT
ESP50,ESPATULA DE HIERRO DE 50 MM -,1798.76,LUCAS_IMPORT
ESP70,ESPATULA DE HIERRO DE 70 MM -,2052.21,LUCAS_IMPORT
ESP90,ESPATULA DE HIERRO DE 90 MM -,2179.76,LUCAS_IMPORT
EMC02,ESPATULA DE METAL PARA COCINA -,3300.0,LUCAS_IMPORT
EANC03,ESPATULA PARA ENDUIR X 3 UNID ANCHAS -,1580.0,LUCAS_IMPORT
EANG03,ESPATULA PARA ENDUIR X 3 UNID ANGOSTAS -,1100.0,LUCAS_IMPORT
EPJ97,ESPEJO CON AUMENTO PARA MAQUILLAJE -,1540.0,LUCAS_IMPORT
EPR16,ESPEJO REDONDO Nº16 -,1285.71,LUCAS_IMPORT
EPR20,ESPEJO REDONDO Nº20 -,1718.75,LUCAS_IMPORT
EPR25,ESPEJO REDONDO Nº25 -,2391.65,LUCAS_IMPORT
EFU12,ESPIRAL FUYI X12 (CAJA),5700.0,LUCAS_IMPORT
ESPD12,ESPONJA DORADA 12G X24 UNIDADES (PATITO) -,4091.16,LUCAS_IMPORT
ESPA06,ESPONJA PARA LAVAR AUTOS X6 UNIDADES -,4137.5,LUCAS_IMPORT
ETQ20,ETIQUETADORA -,2799.56,LUCAS_IMPORT
EXP50,EXPRIMIDOR CON JARRA PLASTICA -,687.5,LUCAS_IMPORT
EXP50V,EXPRIMIDOR CON RECIPIENTE DE VIDRIO -,3254.31,LUCAS_IMPORT
FAJ12,FAJA LUMBAR TALLE L,9240.0,LUCAS_IMPORT
FAJ11,FAJA LUMBAR TALLE M,9240.0,LUCAS_IMPORT
FAJ10,FAJA LUMBAR TALLE S,9240.0,LUCAS_IMPORT
FAJ13,FAJA LUMBAR TALLE XL,9240.0,LUCAS_IMPORT
FAES003,FALSA ESCUADRA -,1848.0,LUCAS_IMPORT
ESPC24,FIBRA ESPONJA PARA COCINA X24 UNIDADES -,3466.34,LUCAS_IMPORT
FIB10,FIBRON INDELEBLE X10 UNIDADES -,3300.0,LUCAS_IMPORT
FCAL02,FICHA HEMBRA PARA CALEFON ELECTRICO -,550.0,LUCAS_IMPORT
FIH003,FICHA HEMBRA. TIPO TALLER -,1121.0,LUCAS_IMPORT
FIM003,FICHA MACHO 3 PATAS. TIPO TALLER -,1121.0,LUCAS_IMPORT
FILC22,FILTRO DE TELA PARA CAFE X12 -,6737.5,LUCAS_IMPORT
FAC55,FILTRO PARA AGUA -,1104.28,LUCAS_IMPORT
FIB06,FILTRO PARA BOMBILLA X6 UNIDADES,790.0,LUCAS_IMPORT
SPAR01,FILTRO PARA SPAR -,625.0,LUCAS_IMPORT
FLA026,FLANERA ALUMINIO N26 -,1762.91,LUCAS_IMPORT
FRA006,FRANELA 50CM X 40CM X 12 UNIDADES -,6987.75,LUCAS_IMPORT
FRA01,FRATACHO ABRASIVO FINO -,1488.06,LUCAS_IMPORT
FRA03,FRATACHO ABRASIVO GRUESO -,1488.06,LUCAS_IMPORT
FRA02,FRATACHO ABRASIVO MEDIO -,1488.06,LUCAS_IMPORT
FRE008,FRESADORA PARA CANILLA -,11800.0,LUCAS_IMPORT
FUE17,FUENTON 17L -,2470.0,LUCAS_IMPORT
FUE50,FUENTON 50L -,7430.0,LUCAS_IMPORT
FUE20,FUENTON PLASTICO 20 LITROS -,2750.0,LUCAS_IMPORT
FUE22,FUENTON PLASTICO 22 LITROS -,3885.0,LUCAS_IMPORT
FUE24,FUENTON PLASTICO 24 LITROS -,4000.0,LUCAS_IMPORT
FUE28,FUENTON PLASTICO 28 LITROS -,5015.0,LUCAS_IMPORT
FUE34,FUENTON PLASTICO 34 LITROS ECO -,3300.0,LUCAS_IMPORT
FUE38,FUENTON PLASTICO 38 LITROS -,4460.0,LUCAS_IMPORT
FUE40,FUENTON PLASTICO 40 LITROS -,6120.0,LUCAS_IMPORT
FLF010,FUNDA PARA LAVARROPAS CARGA FRONTAL -,3528.11,LUCAS_IMPORT
FLS009,FUNDA PARA LAVARROPAS CARGA SUPERIOR -,3528.11,LUCAS_IMPORT
FUNP20,FUNDA PARA TABLA DE PLANCHAR. METAL -,1785.21,LUCAS_IMPORT
GEN1100,GANCHOS PARA ENGRAMPADORA DE 10MM X 1000 UNID -,1862.34,LUCAS_IMPORT
GEN1000,GANCHOS PARA ENGRAMPADORA DE 12MM X 1000 UNID -,2016.0,LUCAS_IMPORT
GEN1400,GANCHOS PARA ENGRAMPADORA DE 14MM X 1000 UNID -,2362.0,LUCAS_IMPORT
GEN6000,GANCHOS PARA ENGRAMPADORA DE 6MM X 1000 UNID -,1492.47,LUCAS_IMPORT
GEN5000,GANCHOS PARA ENGRAMPADORA DE 8MM X 5000 UNID -,1609.27,LUCAS_IMPORT
GRE325,GAS REFINADO P/ ENCENDEDORES (CHICO) -,2380.0,LUCAS_IMPORT
GRE400,GAS REFINADO P/ ENCENDEDORES (GRANDE) -,3220.0,LUCAS_IMPORT
GAV18,GAVETERO CON DIVISIONES. CHICO -,3654.0,LUCAS_IMPORT
GAV20,GAVETERO TIPO VALIJA. GRANDE -,7217.39,LUCAS_IMPORT
GOG10,GOMA PARA GOMERA ROLLO X 10M . SUERO (MACAO) -,7000.0,LUCAS_IMPORT
GOG20,GOMA PARA GOMERAS X 20 UNIDADES -,3500.0,LUCAS_IMPORT
GOM100,GOMINES X 100 UNIDADES -,2000.0,LUCAS_IMPORT
GUJ02,GUANTE ANTICORTE X DOCENA -,30507.26,LUCAS_IMPORT
GUN02,GUANTE LATEX NITRILO COLOR NEGRO -,12020.0,LUCAS_IMPORT
GLA01L,GUANTE LATEX PARA COCINA. TALLE L -,1150.0,LUCAS_IMPORT
GLA01M,GUANTE LATEX PARA COCINA. TALLE M -,1150.0,LUCAS_IMPORT
GLA01S,GUANTE LATEX PARA COCINA. TALLE S -,1150.0,LUCAS_IMPORT
G01,GUANTE MOTEADO NEGRO X UNIDAD -,1262.37,LUCAS_IMPORT
GUL03,GUANTES LATEX DESCARTABLE. LARGE -,7300.0,LUCAS_IMPORT
GUL02,GUANTES LATEX DESCARTABLE. MEDIUM -,7300.0,LUCAS_IMPORT
GUL01,GUANTES LATEX DESCARTABLE. SMALL -,7300.0,LUCAS_IMPORT
HA01,HACHA TIPO CAMPING CABO MADERA O FIBRA DE 600 GRS.,10551.11,LUCAS_IMPORT
HRB10,HERRAMIENTA PARA REPARACIºN DE BICICLETAS -,4828.23,LUCAS_IMPORT
HERV14,HERVIDOR ALUMINIO Nº14 -,3920.14,LUCAS_IMPORT
HILE60,HILO ALGODON X10 UNIDADES -,1700.0,LUCAS_IMPORT
HILE70,HILO ENCERADO BOBINA 70M -,4200.0,LUCAS_IMPORT
HILE10,HILO ENCERADO CON AGUJA X 10 UNIDADES (FUTBOL) -,4200.0,LUCAS_IMPORT
HILM10,HILO MATAMBRE X10 UNIDADES -,2100.0,LUCAS_IMPORT
HSS10,HILO SISAL BOBINA CHICA X 10 UNIDADES -,10010.0,LUCAS_IMPORT
INF03,INFLADOR DE MANO PARA BICI CON DOBLE PICO -,2200.0,LUCAS_IMPORT
INF22,INFLADOR DE METAL MINI PARA FUTBOL Y BICICLETAS -,3080.0,LUCAS_IMPORT
INF04,INFLADOR DE PIE -,10300.0,LUCAS_IMPORT
INF02,INFLADOR DE PIE CON BOMBA DE AIRE Y DOBLE PICO -,13886.06,LUCAS_IMPORT
INF01,"INFLADOR DE PIE, PLASTICO -",7500.0,LUCAS_IMPORT
INF30,INFLADOR FUEYE. PARA COLCHONES INFLABES DE 3 LIBRA,11381.9,LUCAS_IMPORT
INF50,INFLADOR FUEYE. PARA COLCHONES INFLABES DE 5 LIBRA,15934.63,LUCAS_IMPORT
INFU03N,INFLADOR FUTBOL. NACIONAL -,3700.0,LUCAS_IMPORT
INF05,INFLADOR MINI PARA BICICLETA -,4200.0,LUCAS_IMPORT
INFU03,INFLADOR PARA FUTBOL. ECO -,1720.0,LUCAS_IMPORT
INF18,INFLADOR PVC DE PIE. CORTO,2800.0,LUCAS_IMPORT
JV100,JARRA DE VIDRIO PARA BEBIDAS -,6352.5,LUCAS_IMPORT
JAM100,JARRA MEDIDORA DE PVC -,550.0,LUCAS_IMPORT
JAP20,JARRA PLASTICA PARA BEBIDAS DE 2LTS -,1500.0,LUCAS_IMPORT
JARL10,JARRO ALUMINIO Nº10 -,2390.0,LUCAS_IMPORT
JARL12,JARRO ALUMINIO Nº12 -,2760.0,LUCAS_IMPORT
JARL14,JARRO ALUMINIO Nº14 -,3465.0,LUCAS_IMPORT
JAEN10,JARRO ENLOZADO Nº 10 -,3773.13,LUCAS_IMPORT
JAEN12,JARRO ENLOZADO Nº 12 -,4958.96,LUCAS_IMPORT
JAEN14,JARRO ENLOZADO Nº 14 -,5684.19,LUCAS_IMPORT
CH01,"JUEGO DE CHOCLA, TIZA Y NIVEL -",3770.0,LUCAS_IMPORT
DES002,JUEGO DESTORNILLADORES 6 PCZ PRECISION LARGOS -,3664.64,LUCAS_IMPORT
DES001,JUEGO DESTORNILLADORES 6 PCZ. ECO -,3621.48,LUCAS_IMPORT
DES003,JUEGO DESTORNILLADORES 6PCZ. REF -,9053.75,LUCAS_IMPORT
JLC06,JUEGO DE LLAVES COMBINADAS 6 PCZ. -,8900.0,LUCAS_IMPORT
JLC08,JUEGO DE LLAVES COMBINADAS 8 PCZ. -,11000.0,LUCAS_IMPORT
JLB02,JUEGO DE LUCES PARA BICICLETAS. -,2020.0,LUCAS_IMPORT
SPU07,JUEGO DE PUNTAS PH2 10 PCZ. CORTAS -,2725.38,LUCAS_IMPORT
SPU08,JUEGO DE PUNTAS PH2 10 PCZ. LARGAS / DOBLE -,5300.0,LUCAS_IMPORT
JT25,JUEGO DE TUBOS X 25 PCZ C/ LLAVE CRICKET. ENCASTRE,35935.43,LUCAS_IMPORT
JT40,JUEGO DE TUBOS X 40 PCZ C/ LLAVE CRICKET -,14483.7,LUCAS_IMPORT
JAL01,JUEGO LLAVES ALLEN (LLAVERO) 10 PCZ. ECO -,1591.68,LUCAS_IMPORT
JAL09C,JUEGO LLAVES ALLEN CORTAS 9 PCZ -,3560.0,LUCAS_IMPORT
JAL09L,JUEGO LLAVES ALLEN LARGAS 9 PCZ -,4701.29,LUCAS_IMPORT
JAL09,JUEGO LLAVES ALLEN MEDIAS 9 PCZ -,4540.0,LUCAS_IMPORT
JTO09L,JUEGO LLAVES TORX 9 PCZ LARGAS -,5160.0,LUCAS_IMPORT
JTO09C,JUEGO LLAVES TORX CORTAS 9 PCZ -,3940.0,LUCAS_IMPORT
JTO09,JUEGO LLAVES TORX MEDIAS 9 PCZ -,4900.0,LUCAS_IMPORT
K01,KIT DE REPARACION DE BICIS Y MOTOS -,830.0,LUCAS_IMPORT
K02,KIT PARCHE PARA PILETA -,2060.0,LUCAS_IMPORT
LBC70,LAMPARA AUTONOMA 10W -,1396.9,LUCAS_IMPORT
LAB015,LAMPAZO BALLERINA -,2100.0,LUCAS_IMPORT
LAA014,LAMPAZO DE ALGODON -,1340.0,LUCAS_IMPORT
LC12,LAPIZ CARPINTERO X 12 UNIDADES (BLISTER) -,2200.0,LUCAS_IMPORT
LIMT02,LIMA PARA MOTOSIERRA X2 UNIDADES -,5300.0,LUCAS_IMPORT
LIB0024,LIMPIA BOMBILLAS X 24 UNIDADES -,6600.0,LUCAS_IMPORT
LIB0025,LIMPIA BOTELLAS X 12 UNIDADES -,7500.0,LUCAS_IMPORT
LIM0012,LIMPIA MAMADERA -,275.0,LUCAS_IMPORT
LVV67,LIMPIA VASOS / VAJILLA,847.0,LUCAS_IMPORT
LIMV002,LIMPIA VIDRIOS CON CABO PLASTICO -,367.13,LUCAS_IMPORT
LB04,LINGA ACERO PARA BICICLETA DE 4MM X 1M -,1900.0,LUCAS_IMPORT
LM19,LINGA DE ACERO PARA MOTOS DE 19MM X 1M -,9050.0,LUCAS_IMPORT
LM22,"LINGA DE ACERO PARA MOTOS DE 22MM X 1,50M -",10120.0,LUCAS_IMPORT
LM12,LINGA DE ACERO PARA MOTOS Y BICIS 12MM -,6730.0,LUCAS_IMPORT
LR03,LINGA REMOLQUE DE ACERO 4M X 10MM -,17040.82,LUCAS_IMPORT
LR01,LINGA REMOLQUE DE ACERO 4M X 6MM -,12934.0,LUCAS_IMPORT
LR02,LINGA REMOLQUE DE ACERO 4M X 8MM -,15166.34,LUCAS_IMPORT
LIN33P,LINTERNA / PICANA ELECTRICA -,8910.0,LUCAS_IMPORT
LIN09,LINTERNA A PILAS DE 9 LEDS -,800.0,LUCAS_IMPORT
LIN24,LINTERNA CON IMAN DE 24 LEDS -,2332.98,LUCAS_IMPORT
LIN02,LINTERNA DE LED CON IMAN -,1700.0,LUCAS_IMPORT
LIN01,LINTERNA MINERA DE LED RECARGABLE -,4840.0,LUCAS_IMPORT
LIN01E,LINTERNA MINERA DE LED. ECO -,1210.0,LUCAS_IMPORT
LIR02,LINTERNA RECARGABLE DE 4 LED -,4200.0,LUCAS_IMPORT
LIN300,"LINTERNA TELESCOPICA, FLEXIBLE Y CON IMAN -",2021.91,LUCAS_IMPORT
LLA10R,"LLAVE AJUSTABLE 10"" -",7969.5,LUCAS_IMPORT
LLA06R,"LLAVE AJUSTABLE 6"" -",5500.0,LUCAS_IMPORT
LLA08R,"LLAVE AJUSTABLE 8"" -",6050.0,LUCAS_IMPORT
LLA12R,"LLAVE AJUSTABLE DE 12"" MANGO DE GOMA -",15122.13,LUCAS_IMPORT
COMB10E,LLAVE COMBINADA 10MM. ECO -,1350.0,LUCAS_IMPORT
COMB10,LLAVE COMBINADA 10MM. REFORZADA -,2520.0,LUCAS_IMPORT
COMB11E,LLAVE COMBINADA 11MM. ECO -,1570.8,LUCAS_IMPORT
COMB11,LLAVE COMBINADA 11MM. REFORZADA -,2660.49,LUCAS_IMPORT
COMB12E,LLAVE COMBINADA 12MM. ECO -,1623.6,LUCAS_IMPORT
COMB12,LLAVE COMBINADA 12MM. REFORZADA -,3114.72,LUCAS_IMPORT
COMB13E,LLAVE COMBINADA 13MM. ECO -,1700.0,LUCAS_IMPORT
COMB13,LLAVE COMBINADA 13MM. REFORZADA -,3244.5,LUCAS_IMPORT
COMB14E,LLAVE COMBINADA 14MM. ECO -,1848.0,LUCAS_IMPORT
COMB14,LLAVE COMBINADA 14MM. REFORZADA -,3607.88,LUCAS_IMPORT
COMB15E,LLAVE COMBINADA 15MM. ECO -,2098.8,LUCAS_IMPORT
COMB15,LLAVE COMBINADA 15MM. REFORZADA -,4152.96,LUCAS_IMPORT
COMB16E,LLAVE COMBINADA 16MM. ECO -,3157.0,LUCAS_IMPORT
COMB16,LLAVE COMBINADA 16MM. REFORZADA -,4607.19,LUCAS_IMPORT
COMB17E,LLAVE COMBINADA 17MM. ECO -,3190.0,LUCAS_IMPORT
COMB17,LLAVE COMBINADA 17MM. REFORZADA -,5191.2,LUCAS_IMPORT
COMB18E,LLAVE COMBINADA 18MM. ECO -,3286.8,LUCAS_IMPORT
COMB18,LLAVE COMBINADA 18MM. REFORZADA -,5658.41,LUCAS_IMPORT
COMB19E,LLAVE COMBINADA 19MM. ECO -,3330.0,LUCAS_IMPORT
COMB19,LLAVE COMBINADA 19MM. REFORZADA -,6514.96,LUCAS_IMPORT
COMB20E,LLAVE COMBINADA 20MM. ECO -,3022.8,LUCAS_IMPORT
COMB20,LLAVE COMBINADA 20MM. REFORZADA -,6638.25,LUCAS_IMPORT
COMB21E,LLAVE COMBINADA 21MM. ECO -,3564.0,LUCAS_IMPORT
COMB21,LLAVE COMBINADA 21MM. REFORZADA -,6826.43,LUCAS_IMPORT
COMB22E,LLAVE COMBINADA 22MM. ECO -,3828.0,LUCAS_IMPORT
COMB22,LLAVE COMBINADA 22MM. REFORZADA -,7176.83,LUCAS_IMPORT
COMB23,LLAVE COMBINADA 23MM. REFORZADA -,7403.95,LUCAS_IMPORT
COMB24,LLAVE COMBINADA 24MM. REFORZADA -,7631.06,LUCAS_IMPORT
COMB25,LLAVE COMBINADA 25MM. REFORZADA -,7864.67,LUCAS_IMPORT
COMB5E,LLAVE COMBINADA 5MM. ECO -,871.2,LUCAS_IMPORT
COMB5,LLAVE COMBINADA 5MM. REFORZADA -,1701.42,LUCAS_IMPORT
COMB6E,LLAVE COMBINADA 6MM. ECO -,1029.6,LUCAS_IMPORT
COMB6,LLAVE COMBINADA 6MM. REFORZADA -,1739.05,LUCAS_IMPORT
COMB7E,LLAVE COMBINADA 7MM. ECO -,1150.0,LUCAS_IMPORT
COMB7,LLAVE COMBINADA 7MM. REFORZADA -,1881.81,LUCAS_IMPORT
COMB8E,LLAVE COMBINADA 8MM. ECO -,1200.0,LUCAS_IMPORT
COMB8,LLAVE COMBINADA 8MM. REFORZADA -,1950.0,LUCAS_IMPORT
COMB9E,LLAVE COMBINADA 9MM. ECO -,1300.0,LUCAS_IMPORT
COMB9,LLAVE COMBINADA 9MM. REFORZADA -,2381.46,LUCAS_IMPORT
LLC14,"LLAVE CRIQUET 1/4"" ECO -",4235.0,LUCAS_IMPORT
LLC12,"LLAVE CRIQUET ENC. 1/2"". REF -",6820.0,LUCAS_IMPORT
LLC38,"LLAVE CRIQUET ENC. 3/8"" CON SET DE TUBOS X5PC -",8283.26,LUCAS_IMPORT
CRU40,LLAVE CRUZ -,11000.0,LUCAS_IMPORT
LLF12,"LLAVE DE FUERZA DE 12"" ENC. 1/2 -",8435.7,LUCAS_IMPORT
LLM10,LLAVE MANDRIL 10MM -,1436.4,LUCAS_IMPORT
LLM13,LLAVE MANDRIL DE 13 MM -,1000.0,LUCAS_IMPORT
LLVA02,LLAVE PARA LAVATORIO -,16326.63,LUCAS_IMPORT
LLM41,LLAVE PARA MANDRIL 4 X 1 -,1950.0,LUCAS_IMPORT
LAM008,LLAVE REGULABLE PARA AMOLADORA,3430.0,LUCAS_IMPORT
LLS10,"LLAVE STILLSON 10"" -",6311.84,LUCAS_IMPORT
LLS12,"LLAVE STILLSON 12"" -",7153.42,LUCAS_IMPORT
LLS14,"LLAVE STILLSON 14"" -",9467.78,LUCAS_IMPORT
LLS8,"LLAVE STILLSON 8"" -",5259.88,LUCAS_IMPORT
LLT10,LLAVE T 10MM -,3000.0,LUCAS_IMPORT
LLT11,LLAVE T 11MM -,3000.0,LUCAS_IMPORT
LLT12,LLAVE T 12MM -,3114.72,LUCAS_IMPORT
LLT13,LLAVE T 13MM -,3114.72,LUCAS_IMPORT
LLT14,LLAVE T 14MM -,3406.73,LUCAS_IMPORT
LLT15,LLAVE T 15MM -,3406.73,LUCAS_IMPORT
LLT16,LLAVE T 16MM -,3406.73,LUCAS_IMPORT
LLT17,LLAVE T 17MM -,3406.73,LUCAS_IMPORT
LLT18,LLAVE T 18MM -,3542.99,LUCAS_IMPORT
LLT19,LLAVE T 19MM -,3542.99,LUCAS_IMPORT
LLT7,LLAVE T 7MM (REFORZADA ) -,3405.0,LUCAS_IMPORT
LLT8,LLAVE T 8MM -,3000.0,LUCAS_IMPORT
LLT9,LLAVE T 9MM -,3000.0,LUCAS_IMPORT
LT21,LLAVE T PARA TUBOS Y PUNTAS X 21 PCZ -,2300.0,LUCAS_IMPORT
LM240,LUBRICANTE MULTIPROPOSITO 240ML -,3220.0,LUCAS_IMPORT
LUP400,LUPA -,1500.2,LUCAS_IMPORT
LE30,LUZ DE EMERGENCIA DE 30 LEDS -,6710.0,LUCAS_IMPORT
LE60,LUZ DE EMERGENCIA DE 60 LEDS -,14850.0,LUCAS_IMPORT
LUA04E,LUZ DE LEDS PARA ARMARIOS CON IMAN. ECONOMICA -,1408.0,LUCAS_IMPORT
LUA04,LUZ DE LEDS PARA ARMARIOS CON IMAN. REFORZADA -,3780.0,LUCAS_IMPORT
LUF64,LUZ GIRATORIA CON LUCES DE COLORES -,1540.0,LUCAS_IMPORT
ILN304,LUZ GUIA -,1219.91,LUCAS_IMPORT
MACER25,MACETA RECTANGULAR 25CM -,1280.0,LUCAS_IMPORT
MACER35,MACETA RECTANGULAR 35CM -,2220.0,LUCAS_IMPORT
MACER45,MACETA RECTANGULAR 45CM -,4670.0,LUCAS_IMPORT
MACER55,MACETA RECTANGULAR 55CM -,5870.0,LUCAS_IMPORT
MACE10,MACETA REDONDA PVC Nº10 -,362.63,LUCAS_IMPORT
MACE12,MACETA REDONDA PVC Nº12 -,475.33,LUCAS_IMPORT
MACE14,MACETA REDONDA PVC Nº14 -,661.54,LUCAS_IMPORT
MACE16,MACETA REDONDA PVC Nº16 -,1048.16,LUCAS_IMPORT
MACE18,MACETA REDONDA PVC Nº18 -,1185.43,LUCAS_IMPORT
MACE20,MACETA REDONDA PVC Nº20 -,1803.75,LUCAS_IMPORT
MACE22,MACETA REDONDA PVC Nº22 -,1921.25,LUCAS_IMPORT
MACE25,MACETA REDONDA PVC Nº25 -,2465.0,LUCAS_IMPORT
MACE30,MACETA REDONDA PVC Nº30 -,4330.0,LUCAS_IMPORT
MACE35,MACETA REDONDA PVC Nº35 -,5375.0,LUCAS_IMPORT
MACE40,MACETA REDONDA PVC Nº40 -,6352.5,LUCAS_IMPORT
MACE45,MACETA REDONDA PVC Nº45 -,7713.75,LUCAS_IMPORT
MACE55,MACETA REDONDA PVC Nº55 -,15423.28,LUCAS_IMPORT
MAC18,"MACHETE 18"" -",6300.0,LUCAS_IMPORT
MAC20,"MACHETE 20"" -",6500.0,LUCAS_IMPORT
MAC22,"MACHETE 22"" -",6900.0,LUCAS_IMPORT
MA10MT,MANDRIL PARA TALADRO DE 10MM -,5280.0,LUCAS_IMPORT
MA13MT,MANDRIL PARA TALADRO DE 13MM -,6000.0,LUCAS_IMPORT
MA13MM,MANDRIL PARA TALADRO DE 13MM CON ADAPTADOR SDS -,7300.0,LUCAS_IMPORT
MANF12,"MANGO DE FUERZA 1/2"" -",19207.44,LUCAS_IMPORT
MAR003,MARTILLO BOLITA -,5350.0,LUCAS_IMPORT
MARC18,MARTILLO CARPINTERO 18MM -,4801.86,LUCAS_IMPORT
MARC20,MARTILLO CARPINTERO 20MM -,5279.4,LUCAS_IMPORT
MARC22,MARTILLO CARPINTERO 22MM -,5733.0,LUCAS_IMPORT
MARC25,MARTILLO CARPINTERO 25MM -,6359.22,LUCAS_IMPORT
MACH04,MARTILLO CHAPISTA -,8846.23,LUCAS_IMPORT
MAR002,"MARTILLO GALPONERO 250 GRS, CABO FIBRA -",4490.82,LUCAS_IMPORT
MAR004,MARTILLO GALPONERO C/ DE MADERA 450GR -,8625.0,LUCAS_IMPORT
MAR001,"MARTILLO GALPONERO, C/ DE FIBRA E IMAN 450GRS -",5500.0,LUCAS_IMPORT
MAC03C,MARTILLO PARA CARNE. MADERA -,2178.0,LUCAS_IMPORT
MAC02C,MARTILLO PARA CARNE. METAL -,6615.23,LUCAS_IMPORT
MAF002,MASCARA DOBLE FILTRO -,8184.32,LUCAS_IMPORT
MAF001,MASCARA UN FILTRO -,6835.0,LUCAS_IMPORT
MAT02,MATE ENLOZADO DE DOS ASAS -,2474.59,LUCAS_IMPORT
MAL350,MATE LISTO. TODO EN UNO DE 350CC -,3180.0,LUCAS_IMPORT
MAL500,MATE LISTO. TODO EN UNO DE 500CC -,4000.0,LUCAS_IMPORT
MAT03,MATE PVC -,510.0,LUCAS_IMPORT
MA1000,"MAZA ""MAEZ"" DE 1 KG. NACIONAL -",8176.14,LUCAS_IMPORT
MA1500,"MAZA ""MAEZ"" DE 1. 1/2 KG. NACIONAL -",10383.7,LUCAS_IMPORT
MA1250,"MAZA ""MAEZ"" DE 1. 1/4 KG. NACIONAL -",8932.43,LUCAS_IMPORT
MAG500,MAZA DE GOMA 500G -,3500.0,LUCAS_IMPORT
MM100,METRO MADERA -,1986.69,LUCAS_IMPORT
MIM30,MINI MORSA DE BANCO -,5322.24,LUCAS_IMPORT
MPR24,MOLDE DE PVC PARA RAVIOLES -,968.0,LUCAS_IMPORT
MPS36,MOLDE DE PVC PARA SORRENTINOS -,1265.0,LUCAS_IMPORT
MOH10,MOLDE PARA HAMBURGUESAS. PVC / CHAPA -,907.5,LUCAS_IMPORT
MPE53,MOLDE PVC PARA EMPANADAS -,605.0,LUCAS_IMPORT
NAF200,NAFTALINA BLANCA X 200 GRAMOS -,1815.0,LUCAS_IMPORT
NAM10,NAVAJA MULTIUSO PARA CAMPING -,4400.0,LUCAS_IMPORT
NAV02,NAVAJA PARA CAMPING. CHICA -,2603.45,LUCAS_IMPORT
NAV01M,NAVAJA PARA CAMPING. MEDIANA -,3471.26,LUCAS_IMPORT
NIV30,NIVEL ALUMINIO 30 CM -,2997.92,LUCAS_IMPORT
NIV40,NIVEL ALUMINIO 40 CM -,3870.0,LUCAS_IMPORT
NIV50,NIVEL ALUMINIO 50 CM -,3951.8,LUCAS_IMPORT
NIV60,NIVEL ALUMINIO 60 CM -,6000.0,LUCAS_IMPORT
NIV80,NIVEL ALUMINIO 80 CM -,4496.88,LUCAS_IMPORT
NIV09T,"NIVEL TORPEDO 9"" -",1500.0,LUCAS_IMPORT
NUD12,"NUDO CARDANICO. ENCASTRE 1/2"" -",6031.54,LUCAS_IMPORT
OLL34,OLLA ALUMINIO Nº34. GASTRONOMICA -,25290.7,LUCAS_IMPORT
ORG200,ORGANIZADOR DE PVC PARA CUBIERTOS -,2200.0,LUCAS_IMPORT
GAN100,PACK GANCHOS PARA CORTINA DE BAÑO -,1340.0,LUCAS_IMPORT
PMA90,PALA ANCHA EMPUÑADURA PLASTICA -,14073.51,LUCAS_IMPORT
PPL02,PALA DE MANO PLASTICA -,375.0,LUCAS_IMPORT
PPL03,PALA DE MANO PLASTICA CON GOMA -,844.0,LUCAS_IMPORT
PMP90,PALA DE PUNTA EMPUÑADURA PLASTICA -,14073.51,LUCAS_IMPORT
PPL100,PALA PLASTICA CON CABO -,1685.0,LUCAS_IMPORT
PPG100,PALA PLASTICA CON CABO Y GOMA -,1200.0,LUCAS_IMPORT
PAL06,PALANGANA PLASTICA 6 LITROS -,1000.0,LUCAS_IMPORT
PAL04,PALANGANA PLASTICA 4 LITROS -,883.0,LUCAS_IMPORT
PAL09,PALANGANA PLASTICA 9 LITROS -,1375.0,LUCAS_IMPORT
PPA35,PALITA DE CHAPA PARA PARRILLA -,2231.54,LUCAS_IMPORT
PHG12,PALITO PORTA PAPEL HIGIENICO X12 UNIDADES -,3630.0,LUCAS_IMPORT
PMM12,PALMETA MATA MOSCAS PVC X12 -,3760.0,LUCAS_IMPORT
PAM30,PALO DE AMASAR 30CM -,1845.25,LUCAS_IMPORT
PAM40,PALO DE AMASAR 40CM -,2011.63,LUCAS_IMPORT
PAQ30,PANQUEQUERA DE TEFLON -,8016.25,LUCAS_IMPORT
PC06,PARCHES Nº6 -,2250.0,LUCAS_IMPORT
PC02,PARCHES X 50 UNIDADES Nº2 -,1430.0,LUCAS_IMPORT
PC03,PARCHES X 50 UNIDADES Nº3 -,1900.0,LUCAS_IMPORT
PC04,PARCHES X 50 UNIDADES Nº4 -,2300.0,LUCAS_IMPORT
PAR01K,PARRIGAS Nº1 MARCA KUFO -,12719.75,LUCAS_IMPORT
PAR02K,PARRIGAS Nº2 MARCA KUFO -,20213.18,LUCAS_IMPORT
PCE003,PASA CERA PLASTICO -,710.0,LUCAS_IMPORT
PAC02,PASADOR A CADENA -,1608.4,LUCAS_IMPORT
PPP2,PASADOR PARA PUERTAS. CHICO -,652.22,LUCAS_IMPORT
PPP3,PASADOR PARA PUERTAS. MEDIANO -,862.63,LUCAS_IMPORT
PAV100,PAVA DE ACERO INOX X 1 L -,12990.0,LUCAS_IMPORT
PAV12,PAVA DE ALUMINIO X 0.5L -,3730.0,LUCAS_IMPORT
PAV14,PAVA DE ALUMINIO X 1 L -,4200.0,LUCAS_IMPORT
PAV16,PAVA DE ALUMINO X 1.5L -,4990.0,LUCAS_IMPORT
PAVE15,PAVA ELECTRICA -,14946.8,LUCAS_IMPORT
PAJ200,PELA PICA AJO. LOEKEMEYER -,4937.5,LUCAS_IMPORT
PPM02,PELAPAPAS DE METAL. ECO -,980.0,LUCAS_IMPORT
PPK08,PELAPAPAS LOEKEMEYER. MANGO ACERO -,3437.5,LUCAS_IMPORT
PPK04,PELAPAPAS LOEKEMEYER. MANGO PLASTICO -,2150.0,LUCAS_IMPORT
AST24,PERCHAS AUTOADHESIVAS X 24 UNIDADES (ASTROS) -,5070.0,LUCAS_IMPORT
NAC24,PERCHAS AUTOADHESIVAS X 24 UNIDADES (NACKAR) -,6050.0,LUCAS_IMPORT
ROB24,PERCHAS AUTOADHESIVAS X 24 UNIDADES (ROBUSTA) -,7425.0,LUCAS_IMPORT
PAN50,PERCHAS AUTOADHESIVAS X 50 UNIDADES (PANDA) -,8840.0,LUCAS_IMPORT
PER004,PERCHAS PVC X4 UNIDADES -,600.0,LUCAS_IMPORT
PT107,PESCA TUERCAS TELESCOPICO. REFORZADO -,2600.0,LUCAS_IMPORT
PECC77,PESTAÑADORA. ECO -,14300.0,LUCAS_IMPORT
PF1,PICO PARA INFLAR FUTBOL -,770.0,LUCAS_IMPORT
PAF08,"PIEDRA PARA AFILAR 8"" -",2002.0,LUCAS_IMPORT
PI1120,PILA 1120 X10 UNIDADES,2200.0,LUCAS_IMPORT
PI1220,PILA 1220 X5 -,2640.0,LUCAS_IMPORT
PI1616,PILA 1616. BLISTER X5 UNIDADES -,3500.0,LUCAS_IMPORT
PI1620,PILA 1620. BLISTER X5 UNIDADES -,3500.0,LUCAS_IMPORT
PI2016,PILA 2016 BLISTER DE 5 UNIDADES -,3500.0,LUCAS_IMPORT
PI2025,PILA 2025 BLISTER DE 5 UNIDADES -,3000.0,LUCAS_IMPORT
PI2032,PILA 2032 BLISTER DE 5 UNIDADES -,2300.0,LUCAS_IMPORT
PI23,PILA A23 BLISTER DE 5 UNIDADES -,2300.0,LUCAS_IMPORT
PI27,PILA A27 BLISTER DE 5 UNIDADES -,4900.0,LUCAS_IMPORT
AG10,PILA AG10 BLISTER -,1760.0,LUCAS_IMPORT
AG13,PILA AG13 BLISTER -,2200.0,LUCAS_IMPORT
PCR2,PILA CR2 X UNIDDAD -,3575.0,LUCAS_IMPORT
PID01,PILA DOBLE A. MARCA MACAO X 60 UNIDADES -,14000.0,LUCAS_IMPORT
PI041,PILA LR41 BLISTER -,1650.0,LUCAS_IMPORT
PI44,PILA LR44. BLISTER X10 UNIDADES -,2200.0,LUCAS_IMPORT
PID02,PILA TRIPLE A. MARCA MACAO X 60 UNIDADES -,14000.0,LUCAS_IMPORT
PIR02,PILAS RECARGABLES DOBLE A. 2 UNIDADES -,3993.0,LUCAS_IMPORT
PIR03,PILAS RECARGABLES TRIPLE A. 2 UNIDADES -,3993.0,LUCAS_IMPORT
PPF001,PINCEL ARTISTICO Nº1. PATINAS FONDO -,210.0,LUCAS_IMPORT
PPF002,PINCEL ARTISTICO Nº2. PATINAS FONDO -,280.0,LUCAS_IMPORT
PPF003,PINCEL ARTISTICO Nº3. PATINAS FONDO -,350.0,LUCAS_IMPORT
PPF004,PINCEL ARTISTICO Nº4. PATINAS FONDO -,420.0,LUCAS_IMPORT
PPF005,PINCEL ARTISTICO Nº5. PATINAS FONDO -,520.0,LUCAS_IMPORT
PPF006,PINCEL ARTISTICO Nº6. PATINAS FONDO -,620.0,LUCAS_IMPORT
PPF007,PINCEL ARTISTICO Nº7. PATINAS FONDO -,710.0,LUCAS_IMPORT
PS10,PINCEL DE SILICONA PARA REPOSTERIA -,531.3,LUCAS_IMPORT
PS11,PINCEL DE SILICONA PARA REPOSTERIA. GRANDE -,640.0,LUCAS_IMPORT
PAR06,PINCELES ARTISTICOS X 6 UNIDADES -,900.0,LUCAS_IMPORT
AMP03,PINZA AMPERIMETRICA DIGITAL -,11396.39,LUCAS_IMPORT
PIN005,"PINZA MEDIA CAÑA 6"" -",5010.0,LUCAS_IMPORT
PIN012,"PINZA MEDIA CAÑA 8"" -",5600.0,LUCAS_IMPORT
PIM1000,"PINZA MEDIA CAÑA 8"" P/ ELEC. 1000V -",5500.0,LUCAS_IMPORT
PCA07,PINZA PELA CABLES. ECO -,3708.43,LUCAS_IMPORT
PCA07R,PINZA PELA CABLES. REFORZADO -,5900.0,LUCAS_IMPORT
PIP22,"PINZA PERRO 10"" -",6000.0,LUCAS_IMPORT
PIN002,"PINZA PICO DE LORO 10"". -",6800.0,LUCAS_IMPORT
PIN020,"PINZA PICO DE LORO 12"" -",14414.4,LUCAS_IMPORT
PIN004,"PINZA PICO LORO DE 8"". -",6050.0,LUCAS_IMPORT
PIE300,PINZA PORTA ELECTRODOS 300A -,3834.22,LUCAS_IMPORT
PIE500,PINZA PORTA ELECTRODOS 500A -,4200.0,LUCAS_IMPORT
PIMA02,PINZA PORTA MAZA CONTACTO BRONCE 500A -,7363.83,LUCAS_IMPORT
PIMA01,PINZA PORTA MAZA CONTACTO DE BRONCE 300A -,4418.3,LUCAS_IMPORT
PIN006,"PINZA PUNTA CURVA 6"" -",5112.27,LUCAS_IMPORT
PIN0013,"PINZA PUNTA MEDIA CAÑA DE 4,5"" -",4102.7,LUCAS_IMPORT
PIN0012,"PINZA ROSARIO CON CORTE DE 4,5"" -",4466.0,LUCAS_IMPORT
PSA06,PINZA SACABOCADOS -,7040.0,LUCAS_IMPORT
PIN03S,PINZA SEEGER (SET) -,5909.2,LUCAS_IMPORT
PIU1000,"PINZA UNIV. 8"" P/ ELECTRI. 1000V -",5500.0,LUCAS_IMPORT
PIN000,"PINZA UNIVERSAL 6"" -",5010.0,LUCAS_IMPORT
PIN010,"PINZA UNIVERSAL 8"" -",5600.0,LUCAS_IMPORT
PIN0014,"PINZA UNIVERSAL DE 4.5"" -",3136.37,LUCAS_IMPORT
PIP001,PISA PAPAS LOEKEMEYER DE ACERO INOX -,3500.0,LUCAS_IMPORT
PIP002,PISA PAPAS. ECO,1600.0,LUCAS_IMPORT
PAW40,PISTOLA APLI. EN BARRA 40 W. ECONOMICA -,4500.0,LUCAS_IMPORT
PAW10,PISTOLA APLIC. EN BARRA 10 W. ECONOMICA -,2574.0,LUCAS_IMPORT
PAW10R,PISTOLA APLIC. EN BARRA 10 W.REFORZADA -,3984.75,LUCAS_IMPORT
PAW40R,PISTOLA APLIC. EN BARRA 40 W. REFORZADA -,7700.0,LUCAS_IMPORT
PA001,PISTOLA APLICADORA - ECO -,5650.0,LUCAS_IMPORT
PA002,PISTOLA APLICADORA - REFORZADA -,6500.0,LUCAS_IMPORT
PMAN15,PISTOLA INFLADOR CON MANOMETRO PARA COMPRESOR -,11400.0,LUCAS_IMPORT
PIZC34,PIZZERA DE CHAPA ALUMINIZADA Nº36 -,3119.54,LUCAS_IMPORT
PIZE34,PIZZERA ENLOZADA Nº34 -,7012.5,LUCAS_IMPORT
PLH100,PLATO DE VIDRIO HONDO -,722.81,LUCAS_IMPORT
PLP100,PLATO DE VIDRIO PLAYO -,722.81,LUCAS_IMPORT
PLA35R,PLATO PARA MACETA RECTANGULAR Nº35 -,290.1,LUCAS_IMPORT
PLA45R,PLATO PARA MACETA RECTANGULAR Nº45 -,472.35,LUCAS_IMPORT
PLA55R,PLATO PARA MACETA RECTANGULAR Nº55 -,717.83,LUCAS_IMPORT
PLA16,PLATO PARA MACETA REDONDA Nº16 -,471.34,LUCAS_IMPORT
PLA18,PLATO PARA MACETA REDONDA Nº18 -,511.03,LUCAS_IMPORT
PLA20,PLATO PARA MACETA REDONDA Nº20 -,589.88,LUCAS_IMPORT
PLA22,PLATO PARA MACETA REDONDA Nº22 -,609.01,LUCAS_IMPORT
PLA26,PLATO PARA MACETA REDONDA Nº26 -,1050.25,LUCAS_IMPORT
PLA32,PLATO PARA MACETA REDONDA Nº32 -,1258.23,LUCAS_IMPORT
PLA36,PLATO PARA MACETA REDONDA Nº36 -,1570.16,LUCAS_IMPORT
PLA40,PLATO PARA MACETA REDONDA Nº40 -,1934.11,LUCAS_IMPORT
PLOA300,PLOMADA ALBAÑIL 300GR -,4295.72,LUCAS_IMPORT
PLOA400,PLOMADA ALBAÑIL 400GR -,5100.0,LUCAS_IMPORT
PLOA500,PLOMADA ALBAÑIL 500GR -,6073.2,LUCAS_IMPORT
PLU004,PLUMERO DE RAFIA -,929.83,LUCAS_IMPORT
PLU003,PLUMERO PARA AUTOMOVILES -,3570.0,LUCAS_IMPORT
PLU002,PLUMERO PARA TECHOS Y RINCONES -,1500.0,LUCAS_IMPORT
PSH55,PORTA SACHET PVC,600.0,LUCAS_IMPORT
P12M,PORTATIL 12V PARA AUTO -,5036.49,LUCAS_IMPORT
P3M,PORTATIL 220V CON CABLE REF. 3M -,5294.34,LUCAS_IMPORT
P5M,PORTATIL 220V CON CABLE REF. 5M -,6333.09,LUCAS_IMPORT
PRA009,PRENSA ANGULAR -,6114.24,LUCAS_IMPORT
PG03,"PRENSA G X 3 UNIDADES Nº1, 2 Y 3 -",8400.0,LUCAS_IMPORT
PRMA09,PRENSA PARA MATAMBRE -,5818.95,LUCAS_IMPORT
PRAU002,PROTECTOR AUDITIVO EXTERNO -,4450.0,LUCAS_IMPORT
PLI40,PROTECTOR AUDITIVO EXTERNO LIBUS REFORZADO -,6896.6,LUCAS_IMPORT
PROC02,PROTECTOR CORTINA DE BAÑO -,2000.0,LUCAS_IMPORT
PUL10,PULVERIZADOR 1L CON BOMBA -,5009.51,LUCAS_IMPORT
PUL20,PULVERIZADOR 2L CON BOMBA -,8200.0,LUCAS_IMPORT
PULE10,PULVERIZADOR DE 1 LITRO. ECONOMICO -,1140.0,LUCAS_IMPORT
PUL15,"PULVERIZADOR DE 1,5 L CON BOMBA -",6386.93,LUCAS_IMPORT
PULE05,PULVERIZADOR DE 1/2 LITRO. ECONOMICO -,1050.0,LUCAS_IMPORT
PULE25,PULVERIZADOR DE 1/4 LITRO. ECONOMICO -,952.0,LUCAS_IMPORT
QUIT01,QUITA ESTAÑO DE PVC -,3366.32,LUCAS_IMPORT
RAA001,RALLADOR DE ACERO INOX. TIPO PIRAMIDE -,3080.0,LUCAS_IMPORT
RAL001,RALLADOR DE CHAPA. CILINDRICO -,1950.0,LUCAS_IMPORT
RAQ50,RAQUETA ELECTRICA RECARG. MATA MOSCAS Y MOSQUITOS,9100.0,LUCAS_IMPORT
RASP04,RASPIN -,750.0,LUCAS_IMPORT
RAS014,RASTRILLO DE 14 DIENTES -,5290.0,LUCAS_IMPORT
RAS016,RASTRILLO DE 16 DIENTES,5660.0,LUCAS_IMPORT
RB12T,RECIPIENTE PARA BASURA. TAPA COMUN 12 LITROS -,3900.0,LUCAS_IMPORT
RB34T,RECIPIENTE PARA BASURA. TAPA COMUN 34 LITROS -,11000.0,LUCAS_IMPORT
RB40T,RECIPIENTE PARA BASURA. TAPA COMUN 40 LITROS -,12000.0,LUCAS_IMPORT
RB70T,RECIPIENTE PARA BASURA. TAPA COMUN 70 LITROS -,16800.0,LUCAS_IMPORT
RB08T,RECIPIENTE PARA BASURA. TAPA COMUN 8 LITROS -,2300.0,LUCAS_IMPORT
RB12P,RECIPIENTE PARA BASURA. TAPA PEDAL 12 LITROS -,7100.0,LUCAS_IMPORT
RB15P,RECIPIENTE PARA BASURA. TAPA PEDAL 15 LITROS -,8500.0,LUCAS_IMPORT
RB12V,RECIPIENTE PARA BASURA. TAPA VAIVEN 12 LITROS -,4400.0,LUCAS_IMPORT
RB02V,RECIPIENTE PARA BASURA. TAPA VAIVEN 2 LITROS -,2300.0,LUCAS_IMPORT
RB06V,RECIPIENTE PARA BASURA. TAPA VAIVEN 6 LITROS -,3311.0,LUCAS_IMPORT
RB08V,RECIPIENTE PARA BASURA. TAPA VAIVEN 8 LITROS -,3900.0,LUCAS_IMPORT
RB48T,RECPIENTE PARA BASURA. TAPA COMUN 48 LITROS -,16000.0,LUCAS_IMPORT
RED01,RED ELASTICA CON GANCHOS -,2650.0,LUCAS_IMPORT
REQ10,REGADERA 10 LITROS,4862.0,LUCAS_IMPORT
REQ02,REGADERA 2 LITROS -,1886.5,LUCAS_IMPORT
REQ05,REGADERA 5 LITROS -,2750.0,LUCAS_IMPORT
REQ08,REGADERA 8 LITROS -,3675.0,LUCAS_IMPORT
REGP07,REGADOR 7 VIAS TIPO PISTOLA -,4293.75,LUCAS_IMPORT
REG01,REGADOR MARTILLO POR IMPULSOS -,3245.0,LUCAS_IMPORT
RPL04,REGADOR PLASTICO DE 3 BRAZOS -,3162.5,LUCAS_IMPORT
RMA03,REGADOR PLASTICO PARA MANGUERA. TIPO LANZA -,1500.0,LUCAS_IMPORT
RSA02,REGADOR SAPITO. REF -,1100.0,LUCAS_IMPORT
RA30,REGLA DE ACERO 30CM -,1251.36,LUCAS_IMPORT
RA60,REGLA DE ACERO 60 CM -,1995.84,LUCAS_IMPORT
RA100,REGLA DE ACERO DE 1 M -,5061.42,LUCAS_IMPORT
REJ006,REJILLA AMERICANA X 12 UNIDADES -,3100.0,LUCAS_IMPORT
RE01,REMACHADORA REFORZADA -,11500.0,LUCAS_IMPORT
RE02,REMACHADORA. ECONOMICA -,5100.0,LUCAS_IMPORT
REP006,REPASADORES X 12 UNIDADES -,6125.63,LUCAS_IMPORT
REM90,REPELENTE PARA MOSQUITOS EN AEROSOL,2400.0,LUCAS_IMPORT
RCU10,REPUESTO CUTTER DE 18MM X 10 UNIDADES -,800.0,LUCAS_IMPORT
RCU10A,REPUESTO CUTTER DE 9MM X10 UNIDADES -,660.0,LUCAS_IMPORT
RCU10T,REPUESTO CUTTER TRAPEZOIDAL X 10 UNIDADES -,1000.0,LUCAS_IMPORT
RM60,REPUESTO DE MANGUERA PARA INFLADOR C/ DOBLE PICO -,990.0,LUCAS_IMPORT
PUL01R,REPUESTO GATILLO PULVERIZADOR -,262.5,LUCAS_IMPORT
HOJS10,"REPUESTO HOJA DE SIERRA ""SIN PAR"" ACERO X10 UNIDAD",12733.19,LUCAS_IMPORT
HOJ010,REPUESTO HOJA DE SIERRA JUNIOR X 10 UNIDADES. REFO,4996.53,LUCAS_IMPORT
RAM21,"REPUESTO HOJA DE SIERRA MONTARAZ DE 21"" -",1013.31,LUCAS_IMPORT
RAM24,"REPUESTO HOJA DE SIERRA MONTARAZ DE 24"" -",1069.61,LUCAS_IMPORT
RAM30,"REPUESTO HOJA DE SIERRA MONTARAZ DE 30"" -",1210.37,LUCAS_IMPORT
HOJC10,REPUESTO HOJA PARA CALADORA. MADERA -,3650.0,LUCAS_IMPORT
HOJC11,REPUESTO HOJA PARA CALADORA. METAL -,3650.0,LUCAS_IMPORT
PUL02B,REPUESTO PULVERIZADOR A BOMBA PARA BOTELLA -,1900.0,LUCAS_IMPORT
ROF030,ROLLO FILM ADHERENTE 20M X 30CM -,950.0,LUCAS_IMPORT
ROP010,ROLLO PAPEL ALUMINIO 10M X 28CM -,870.0,LUCAS_IMPORT
RC110,RUEDA PARA CORTADORA DE CESPED DE 110 MM -,1540.0,LUCAS_IMPORT
RC135,RUEDA PARA CORTADORA DE CESPED DE 135 MM -,2472.3,LUCAS_IMPORT
RC160,RUEDA PARA CORTADORA DE CESPED DE 160MM -,3531.84,LUCAS_IMPORT
RG30,RUEDA PVC GIRATORIA CON BASE 30MM -,1260.0,LUCAS_IMPORT
RG40,RUEDA PVC GIRATORIA CON BASE 40MM -,1644.3,LUCAS_IMPORT
RG50,RUEDA PVC GIRATORIA CON BASE 50MM -,1862.28,LUCAS_IMPORT
SFC14,SACA FILTRO A CADENA -,5770.0,LUCAS_IMPORT
SB01,SACABUJIAS DOBLE 16 - 21MM -,4600.0,LUCAS_IMPORT
SFH54,SACAFUENTES PARA EL HORNO -,2975.38,LUCAS_IMPORT
SAT20,SARTEN DE TEFLON Nº 20 -,7637.5,LUCAS_IMPORT
SAT26,SARTEN DE TEFLON Nº 26 -,15625.0,LUCAS_IMPORT
SAE22,SARTEN ENLOZADA Nº22 -,7437.5,LUCAS_IMPORT
SAE24,SARTEN ENLOZADA Nº24 -,7750.0,LUCAS_IMPORT
SAE26,SARTEN ENLOZADA Nº26 -,9112.5,LUCAS_IMPORT
SAE28,SARTEN ENLOZADA Nº28 -,10125.0,LUCAS_IMPORT
SAT22,SARTEN TEFLON Nº22 -,13750.0,LUCAS_IMPORT
SAT24,SARTEN TEFLON Nº24 -,14000.0,LUCAS_IMPORT
SAV26,SAVARIN Nº26 -,4500.0,LUCAS_IMPORT
SAV30,SAVARIN Nº30 -,4750.0,LUCAS_IMPORT
SEC40,SECADOR DE GOMA NEGRA 40CM -,750.0,LUCAS_IMPORT
SEC30,SECADOR GOMA NEGRA 30CM -,803.14,LUCAS_IMPORT
SEC40R,"SECADOR PLASTICO DE 40CM REFORZADO ""TIPO SALZANO""",1350.0,LUCAS_IMPORT
SEC50,SECADOR PLASTICO DOBLE BANDA DE 40 CM ECO -,1037.5,LUCAS_IMPORT
VOLD90,SENSOR DE VOLTIMETRO DIGITAL. BUSCAPOLO INDUCTIVO,3500.0,LUCAS_IMPORT
SECE01,SEPARADOR DE CERAMICOS DE 1MM X 100 UNID -,1819.19,LUCAS_IMPORT
SECE02,SEPARADOR DE CERAMICOS DE 2MM X 100 UNID -,1819.19,LUCAS_IMPORT
SECE03,SEPARADOR DE CERAMICOS DE 3MM X 100 UNID -,2098.98,LUCAS_IMPORT
SECE04,SEPARADOR DE CERAMICOS DE 4MM X 100 UNID -,2774.51,LUCAS_IMPORT
SECE05,SEPARADOR DE CERAMICOS DE 5MM X 100 UNID -,1889.85,LUCAS_IMPORT
SER18,"SERRUCHO 18"" -",6527.93,LUCAS_IMPORT
SER20,"SERRUCHO 20"" -",6813.45,LUCAS_IMPORT
SER22,"SERRUCHO 22"" -",7195.0,LUCAS_IMPORT
SER13C,SERRUCHO COSTILLA CON INGLETADORA -,7559.69,LUCAS_IMPORT
SDU13,SERRUCHO PARA DURLOCK -,4691.16,LUCAS_IMPORT
SER01,SERRUCHO PARA PODA -,3245.0,LUCAS_IMPORT
BAB04,SET BARRENITOS X 4 PC -,3760.81,LUCAS_IMPORT
SEB140,"SET BOQUILLA IMANTADA 1/4"" -",3080.0,LUCAS_IMPORT
SEB38,"SET BOQUILLA IMANTADA 3/8"" -",3900.0,LUCAS_IMPORT
SEB516,"SET BOQUILLA IMANTADA 5/16"" -",3711.97,LUCAS_IMPORT
SEB716,"SET BOQUILLA IMANTADA 7/16"" -",5130.0,LUCAS_IMPORT
ACC05,SET DE ACOPLES PARA COMPRESOR 5 PC -,7150.88,LUCAS_IMPORT
BBA02,SET DE BORNES PARA BATERIA DE AUTO -,2268.0,LUCAS_IMPORT
TRA8C,"SET DE CUCHILLA 8"" Y CHAIRA -",5554.05,LUCAS_IMPORT
DESP01,SET DE DESTORNILADORRES RELOJERO. 6 PCZ -,990.0,LUCAS_IMPORT
EXTT05,SET DE EXTRACTORES DE TORNILLOS -,3600.0,LUCAS_IMPORT
FOR004,SET DE FORMONES X 4 UNIDADES -,6650.0,LUCAS_IMPORT
GUB10,SET DE GUBIAS X6. ECO -,1924.64,LUCAS_IMPORT
SJA03,SET DE HERRAMIENTAS PARA JARDINERIA. REFORZADO -,6800.0,LUCAS_IMPORT
LIM01,SET DE LIMAS 5 X 1. PARA METAL -,9790.0,LUCAS_IMPORT
LIMM06,SET DE LIMAS DE MATRICERO X 10 PCZ -,5170.0,LUCAS_IMPORT
MEC300,SET DE MECHAS LARGAS PARA MADERA X 3 UNIDADES -,6630.0,LUCAS_IMPORT
SIC011,SET DE MECHAS SIERRA COPA X 11PC -,7330.0,LUCAS_IMPORT
SIC008,SET DE MECHAS SIERRA COPA X 8PC -,9650.0,LUCAS_IMPORT
RIN50,SET DE O-RING 50 PIEZAS -,2200.0,LUCAS_IMPORT
PPD02,SET DE PICOS PARA INFLAR PELOTAS DEPORTIVAS -,800.0,LUCAS_IMPORT
SPP04,SET DE PINZAS BRUSELAS DE PRECISION 4 PCZ -,1212.97,LUCAS_IMPORT
FUS10,SET FUSIBLES X 10 UNIDADES PLASTICOS CHATOS -,1300.0,LUCAS_IMPORT
FUS10CH,SET FUSIBLES X 10 UNIDADES PLASTICOS CHATOS. CHICO,1005.28,LUCAS_IMPORT
GUB10R,SET GUBIAS X 6 UNID. REF -,6816.34,LUCAS_IMPORT
MEC600,SET MECHA PALA X6 PC -,4503.1,LUCAS_IMPORT
MEC500,SET MECHA PARA MADERA X5PC -,3452.15,LUCAS_IMPORT
MEC800,SET MECHAS PARA PARED X5 PC -,3902.37,LUCAS_IMPORT
SIC05,SET MECHAS SIERRA COPA X 5 PC -,3388.0,LUCAS_IMPORT
PAB06,SET PIEDRAS ABRASIVAS X 5 PC. CHICA -,2075.0,LUCAS_IMPORT
PAB05,SET PIEDRAS ABRASIVAS X 5 PC. GRANDE -,3000.0,LUCAS_IMPORT
SEP004,SET PROLONGADORES PARA TUBOS X3 UNIDADES -,13000.0,LUCAS_IMPORT
SES005,SET PUNTAS ESCOFINA PARA TALADRO X5 PC -,5500.0,LUCAS_IMPORT
TARE002,SET TAPON Y REJILLA PVC UNIVERSAL PARA PILETAS -,453.75,LUCAS_IMPORT
SGE01,SOGA ELASTICA CON GANCHOS X 3 UNIDADES. ECONOMICA,1500.0,LUCAS_IMPORT
SGE02,SOGA ELASTICA CON GANCHOS X UNIDAD . REFORZADA -,2050.0,LUCAS_IMPORT
SOLD30,SOLDADOR 30W REFORZADO -,3800.0,LUCAS_IMPORT
SOLD01,SOLDADOR DE ESTAÑO 40W -,3000.0,LUCAS_IMPORT
SOLD02,SOLDADOR DE ESTAÑO 60W -,3300.0,LUCAS_IMPORT
SOLD100,SOLDADOR ESTAÑO DE 100W. PUNTA COBRE -,7076.66,LUCAS_IMPORT
SOLD40,SOLDADOR REFORZADO 40 W TIPO PISTOLA -,9500.0,LUCAS_IMPORT
SOLU10,SOLUCION PARA PARCHES X 10 UNIDADES -,6000.0,LUCAS_IMPORT
SOP09,SOPAPA CHICA SIN CABO -,891.0,LUCAS_IMPORT
SOP08,SOPAPA CON CABO PLASTICO -,840.0,LUCAS_IMPORT
SOP10,SOPAPA GIGANTE SIN CABO -,1350.0,LUCAS_IMPORT
SOP11,SOPAPA ROJA SIN CABO -,812.5,LUCAS_IMPORT
SOM10,SOPLETE MEMBRANERO P/ GARRAFA 10 KG. IND NAC. -,15120.0,LUCAS_IMPORT
SGAB300,SOPLETE P/ GAS BUTANO CON ENC. ELECTRONICO -,6100.0,LUCAS_IMPORT
SOP55,"SOPORTE FIJO PARA SMART TV DE 26"" A 55"" -",7337.0,LUCAS_IMPORT
SOP63,"SOPORTE FIJO PARA SMART TV DE 26"" A 63"" -",7700.0,LUCAS_IMPORT
TLR13,TABLA DE MADERA PARA LAVAR ROPA -,5020.98,LUCAS_IMPORT
TPR222,TABLA PARA PLANCHAR ROPA -,13761.13,LUCAS_IMPORT
TPC87,TABLA PLASTICA PARA PICAR VEGETALES / CARNES -,3218.6,LUCAS_IMPORT
TPP96,TABLA PLASTICA PIZZERA -,2640.0,LUCAS_IMPORT
TFM112,TABLETA PARA MOSQUITOS GALI X12,1045.0,LUCAS_IMPORT
TACH10,TACHAS X CAJITA -,1473.0,LUCAS_IMPORT
TACH100,"TACHUELAS 1"" X400 UNIDADES -",6810.3,LUCAS_IMPORT
TACH12,"TACHUELAS 1/2"" X400 UNIDADES -",6810.3,LUCAS_IMPORT
TACH34,"TACHUELAS 3/4"" X400 UNIDADES -",6810.3,LUCAS_IMPORT
TACH58,"TACHUELAS 5/8"" X400 UNIDADES -",6810.3,LUCAS_IMPORT
TAC77,TACO PARA LIJA -,2100.0,LUCAS_IMPORT
TAA80,TANZA ALBAÑIL 0.80 X6 UNIDADES -,13500.0,LUCAS_IMPORT
TAN40,TANZA PARA PESCA DE 4.0MM X100M -,1540.0,LUCAS_IMPORT
TAN50,TANZA PARA PESCA DE 5.0MM X100M -,1540.0,LUCAS_IMPORT
TAN60,TANZA PARA PESCA DE 6.0MM X100M -,1540.0,LUCAS_IMPORT
TR04,TAPER RECTANGULAR EXTRA GRANDE -,3200.0,LUCAS_IMPORT
TR01,TAPER REDONDO/RECTANGULAR. CHICO -,1200.0,LUCAS_IMPORT
TR03,TAPER REDONDO/RECTANGULAR. GRANDE -,1900.0,LUCAS_IMPORT
TR02,TAPER REDONDO/RECTANGULAR. MEDIANO -,1550.0,LUCAS_IMPORT
TEL02,TAPON ESPIRAL TERMO LUMILAGRO -,2030.73,LUCAS_IMPORT
TBO20,TAPON PARA BOTELLON DE VIDRIO -,151.25,LUCAS_IMPORT
TPT05,TAPON PARA TERMO A/INOX 0.5L -,890.0,LUCAS_IMPORT
TPT01,TAPON PARA TERMO A/INOX 1L -,1400.0,LUCAS_IMPORT
TBC01,TAPON PARA TERMO DE BOCA CHICA -,1131.3,LUCAS_IMPORT
TBG01,TAPON PARA TERMO DE BOCA GRANDE -,1386.0,LUCAS_IMPORT
TBM01,TAPON PARA TERMO DE BOCA MEDIANA -,821.33,LUCAS_IMPORT
TTS75,TAPON PARA TERMO STANLEY CON PICO CEBADOR -,1540.0,LUCAS_IMPORT
TTS07,TAPON PARA TERMO STANLEY PICO PARA CAFÃ© -,1540.0,LUCAS_IMPORT
TTR40,TAPON TERMO ACERO 1L CON PICO CEBADOR -,1463.0,LUCAS_IMPORT
TLU03,TAPON TERMO LUMILAGRO ECO -,1210.0,LUCAS_IMPORT
TTL01,TAPON TERMO LUMILAGRO. CEBADOR -,1902.0,LUCAS_IMPORT
TAR24D,TARTERA FONDO DESMONTABLE Nº24 -,1688.53,LUCAS_IMPORT
TAR28D,TARTERA FONDO DESMONTABLE Nº28 -,2060.46,LUCAS_IMPORT
TAR20,TARTERA FONDO FIJO Nº20 -,1190.18,LUCAS_IMPORT
TAR24,TARTERA FONDO FIJO Nº24 -,1376.09,LUCAS_IMPORT
TAR28,TARTERA FONDO FIJO NÂº28 DE CHAPA,1320.0,LUCAS_IMPORT
TAZ001,TAZA PVC -,600.29,LUCAS_IMPORT
TEF12,"TEFLON 1/2"" X 10 UNIDADES -",3352.22,LUCAS_IMPORT
TEF34,"TEFLON 3/4"" X 10 UNIDADES -",4691.16,LUCAS_IMPORT
TCE08E,"TENAZA CORTE ENTERO 8"". ECONOMICA -",7270.2,LUCAS_IMPORT
TCE08,"TENAZA CORTE ENTERO 8"". REFORZADA. -",12134.43,LUCAS_IMPORT
TMC10,"TENAZA MEDIO CORTE 10"". REFORZADA -",15171.28,LUCAS_IMPORT
TMC09,"TENAZA MEDIO CORTE 9"". REFORZADA -",13000.0,LUCAS_IMPORT
TEN555,TENDER CALECITA -,2653.75,LUCAS_IMPORT
TE12E,TENEDOR ECONOMICO X12 UNIDADES -,8000.0,LUCAS_IMPORT
TRA01TI,TENEDOR TRAMONTINA. LINEA IPANEMA X 12 UNIDADES -,16922.48,LUCAS_IMPORT
TRA3T,TENEDOR X 3 UNIDADES. MARCA CAROL -,1812.5,LUCAS_IMPORT
TAC100,TERMO A/INOX COLOR X 1L -,21564.03,LUCAS_IMPORT
TA500,TERMO DE ACERO INOX DE 0.5L C/ ESTUCHE -,9487.5,LUCAS_IMPORT
TA100,TERMO DE ACERO INOX DE 1L C/ ESTUCHE -,14723.82,LUCAS_IMPORT
TP100,TERMO PLASTICO 1L. MARCA LUMILAGRO. IND. ARG -,6872.0,LUCAS_IMPORT
TPA83,TERMOMETRO AMBIENTAL DE PVC -,605.0,LUCAS_IMPORT
TRR003,TERRAJA PVC X3 -,7462.35,LUCAS_IMPORT
TES1000,TESTER ANALOGICO -,3408.15,LUCAS_IMPORT
TED830,TESTER DIGITAL -,4800.0,LUCAS_IMPORT
TJA001,TIJERA AVIACION CORTE DERECHO -,7620.0,LUCAS_IMPORT
TJA002,TIJERA AVIACION CORTE IZQUIERDO -,7620.0,LUCAS_IMPORT
TJA003,TIJERA AVIACION CORTE RECTO -,7620.0,LUCAS_IMPORT
TJCC09E,TIJERA CORTA CAÑO PVC. ECO -,6664.2,LUCAS_IMPORT
TJCC09,TIJERA CORTA CAÑO PVC. REF -,11945.76,LUCAS_IMPORT
TCE100,TIJERA CORTA CERCO. ECONOMICA -,4000.0,LUCAS_IMPORT
TCE200,TIJERA CORTA CERCO. MANGO DE MADERA. REFORZADA -,15279.87,LUCAS_IMPORT
TCE100E,TIJERA CORTA CERCO. MANGO EXTENSIBLE. ECONOMICA -,14572.8,LUCAS_IMPORT
TJC10,TIJERA CORTA CHAPA -,6250.66,LUCAS_IMPORT
TCH12,TIJERA CORTA HILO. PARA COSTURA X12 -,8580.0,LUCAS_IMPORT
TJM18,TIJERA COSTURA / MODISTA /MULTIUSO -,3850.0,LUCAS_IMPORT
TJ21,"TIJERA MULTIUSO 21CM. 7 1/2"" -",1782.0,LUCAS_IMPORT
TJ26,"TIJERA MULTIUSO 6 1/2"" -",1463.0,LUCAS_IMPORT
TJ28,"TIJERA MULTIUSO 8 1/2""",1680.0,LUCAS_IMPORT
TJ29,"TIJERA MULTIUSO 9 1/2"" -",1980.0,LUCAS_IMPORT
TJM96,TIJERA MULTIUSO PUNTA FINA,3110.0,LUCAS_IMPORT
TJP8,TIJERA PARA PODA. -,3380.77,LUCAS_IMPORT
TJP8R,TIJERA PARA PODA. REFORZADA -,4200.0,LUCAS_IMPORT
TIM220,TIMBRE INALAMBRICO A 220V -,7217.39,LUCAS_IMPORT
TIM220P,TIMBRE INALAMBRICO A PILA -,5500.0,LUCAS_IMPORT
TRGB20,TIRA LED RGB,9300.0,LUCAS_IMPORT
TIZ100,TIZA BLANCA X CAJA -,3465.0,LUCAS_IMPORT
TIZ110,TIZA COLORES X CAJA -,4002.22,LUCAS_IMPORT
TOR02,TOPETINA PARA PUERTA. RECTANGULARES X 12 UNIDADES,1725.0,LUCAS_IMPORT
TOR03,TOPETINA PARA PUERTAS. CIRCULAR X 12 UNIDADES -,1725.0,LUCAS_IMPORT
TOR26,TORTERA Nº26 ALTA. ALUMINIO -,2975.38,LUCAS_IMPORT
TOR26D,TORTERA Nº26 DESMONTABLE -,4262.5,LUCAS_IMPORT
TOR28,TORTERA Nº28 DE ALUMINIO. FONDO FIJO -,3185.1,LUCAS_IMPORT
TOR28D,TORTERA Nº28 DESMONTABLE -,4578.75,LUCAS_IMPORT
TOR24,TORTERA NÂº24 ALTA. ALUMINIO,2200.0,LUCAS_IMPORT
TOE26K,TOSTADOR DE CHAPA ECO -,2420.0,LUCAS_IMPORT
TOE25K,TOSTADORA ENLOZADA MARCA KUFO -,4387.5,LUCAS_IMPORT
TV600,TRABA VOLANTE PARA AUTOMOVILES. REFORZADO -,19205.0,LUCAS_IMPORT
TRAMP02,TRAMPERA PARA LAUCHAS -,1107.13,LUCAS_IMPORT
TRAB006,TRAPO DE PISO TIPO BALLERINA 50X50 -,267.84,LUCAS_IMPORT
TRA006,TRAPO PARA PISOS X 12 UNIDADES -,4650.0,LUCAS_IMPORT
BM301,TRIANGULO REFLECTANTE. BALIZA -,2760.68,LUCAS_IMPORT
TR30,TRIPLE PIRAMIDE -,885.0,LUCAS_IMPORT
TUB10E,"TUBO ESTRIADO Nº 10 CON ENCASTRE DE 1/2"" -",2180.0,LUCAS_IMPORT
TUB11E,"TUBO ESTRIADO Nº 11 CON ENCASTRE DE 1/2"" -",2180.0,LUCAS_IMPORT
TUB12E,"TUBO ESTRIADO Nº 12 CON ENCASTRE DE 1/2"" -",2180.0,LUCAS_IMPORT
TUB13E,"TUBO ESTRIADO Nº 13 CON ENCASTRE DE 1/2"" -",2439.86,LUCAS_IMPORT
TUB14E,"TUBO ESTRIADO Nº 14 CON ENCASTRE DE 1/2"" -",2352.0,LUCAS_IMPORT
TUB15E,"TUBO ESTRIADO Nº 15 CON ENCASTRE DE 1/2"" -",2352.0,LUCAS_IMPORT
TUB16E,"TUBO ESTRIADO Nº 16 CON ENCASTRE DE 1/2"" -",2411.97,LUCAS_IMPORT
TUB17E,"TUBO ESTRIADO Nº 17 CON ENCASTRE DE 1/2"" -",2720.0,LUCAS_IMPORT
TUB18E,"TUBO ESTRIADO Nº 18 CON ENCASTRE DE 1/2"" -",2720.0,LUCAS_IMPORT
TUB19E,"TUBO ESTRIADO Nº 19 CON ENCASTRE DE 1/2"" -",2850.0,LUCAS_IMPORT
TUB20E,"TUBO ESTRIADO Nº 20 CON ENCASTRE DE 1/2"" -",3232.3,LUCAS_IMPORT
TUB21E,"TUBO ESTRIADO Nº 21 CON ENCASTRE DE 1/2"" -",3270.46,LUCAS_IMPORT
TUB22E,"TUBO ESTRIADO Nº 22 CON ENCASTRE DE 1/2"" -",4278.84,LUCAS_IMPORT
TUB23E,"TUBO ESTRIADO Nº 23 CON ENCASTRE DE 1/2"" -",4464.17,LUCAS_IMPORT
TUB24E,"TUBO ESTRIADO Nº 24 CON ENCASTRE DE 1/2"" -",4551.38,LUCAS_IMPORT
TUB25E,"TUBO ESTRIADO Nº 25 CON ENCASTRE DE 1/2"" -",4748.98,LUCAS_IMPORT
TUB26E,"TUBO ESTRIADO Nº 26 CON ENCASTRE DE 1/2"" -",5101.92,LUCAS_IMPORT
TUB27E,"TUBO ESTRIADO Nº 27 CON ENCASTRE DE 1/2"" -",5627.92,LUCAS_IMPORT
TUB28E,"TUBO ESTRIADO Nº 28 CON ENCASTRE DE 1/2"" -",5627.92,LUCAS_IMPORT
TUB29E,"TUBO ESTRIADO Nº 29 CON ENCASTRE DE 1/2"" -",6324.24,LUCAS_IMPORT
TUB30E,"TUBO ESTRIADO Nº 30 CON ENCASTRE DE 1/2"" -",6674.46,LUCAS_IMPORT
TUB31E,"TUBO ESTRIADO Nº 31 CON ENCASTRE DE 1/2"" -",6991.97,LUCAS_IMPORT
TUB32E,"TUBO ESTRIADO Nº 32 CON ENCASTRE DE 1/2"" -",7309.47,LUCAS_IMPORT
TUB08E,"TUBO ESTRIADO Nº 8 CON ENCASTRE DE 1/2"" -",2100.0,LUCAS_IMPORT
TUB09E,"TUBO ESTRIADO Nº 9 CON ENCASTRE DE 1/2"" -",2100.0,LUCAS_IMPORT
TUB10,"TUBO HEXAGONAL Nº 10 CON ENCASTRE DE 1/2"" -",2180.0,LUCAS_IMPORT
TUB11,"TUBO HEXAGONAL Nº 11 CON ENCASTRE DE 1/2"" -",2180.0,LUCAS_IMPORT
TUB12,"TUBO HEXAGONAL Nº 12 CON ENCASTRE DE 1/2"" -",2180.0,LUCAS_IMPORT
TUB13,"TUBO HEXAGONAL Nº 13 CON ENCASTRE DE 1/2"" -",2439.86,LUCAS_IMPORT
TUB14,"TUBO HEXAGONAL Nº 14 CON ENCASTRE DE 1/2"" -",2352.0,LUCAS_IMPORT
TUB15,"TUBO HEXAGONAL Nº 15 CON ENCASTRE DE 1/2"" -",2352.0,LUCAS_IMPORT
TUB16,"TUBO HEXAGONAL Nº 16 CON ENCASTRE DE 1/2"" -",2411.97,LUCAS_IMPORT
TUB17,"TUBO HEXAGONAL Nº 17 CON ENCASTRE DE 1/2"" -",2720.0,LUCAS_IMPORT
TUB18,"TUBO HEXAGONAL Nº 18 CON ENCASTRE DE 1/2"" -",2720.0,LUCAS_IMPORT
TUB19,"TUBO HEXAGONAL Nº 19 CON ENCASTRE DE 1/2"" -",2850.0,LUCAS_IMPORT
TUB20,"TUBO HEXAGONAL Nº 20 CON ENCASTRE DE 1/2"" -",3232.3,LUCAS_IMPORT
TUB21,"TUBO HEXAGONAL Nº 21 CON ENCASTRE DE 1/2"" -",3270.46,LUCAS_IMPORT
TUB22,"TUBO HEXAGONAL Nº 22 CON ENCASTRE DE 1/2"" -",4278.84,LUCAS_IMPORT
TUB23,"TUBO HEXAGONAL Nº 23 CON ENCASTRE DE 1/2"" -",4464.17,LUCAS_IMPORT
TUB24,"TUBO HEXAGONAL Nº 24 CON ENCASTRE DE 1/2"" -",4551.38,LUCAS_IMPORT
TUB25,"TUBO HEXAGONAL Nº 25 CON ENCASTRE DE 1/2"" -",4748.98,LUCAS_IMPORT
TUB26,"TUBO HEXAGONAL Nº 26 CON ENCASTRE DE 1/2"" -",5101.92,LUCAS_IMPORT
TUB27,"TUBO HEXAGONAL Nº 27 CON ENCASTRE DE 1/2"" -",5627.92,LUCAS_IMPORT
TUB28,"TUBO HEXAGONAL Nº 28 CON ENCASTRE DE 1/2"" -",5627.92,LUCAS_IMPORT
TUB29,"TUBO HEXAGONAL Nº 29 CON ENCASTRE DE 1/2"" -",6324.24,LUCAS_IMPORT
TUB30,"TUBO HEXAGONAL Nº 30 CON ENCASTRE DE 1/2"" -",6674.46,LUCAS_IMPORT
TUB31,"TUBO HEXAGONAL Nº 31 CON ENCASTRE DE 1/2"" -",6991.97,LUCAS_IMPORT
TUB32,"TUBO HEXAGONAL Nº 32 CON ENCASTRE DE 1/2"" -",7309.47,LUCAS_IMPORT
TUB08,"TUBO HEXAGONAL Nº 8 CON ENCASTRE DE 1/2"" -",2100.0,LUCAS_IMPORT
TUB09,"TUBO HEXAGONAL Nº 9 CON ENCASTRE DE 1/2"" -",2100.0,LUCAS_IMPORT
UNM12,"UNION PARA MANGUERA DE 1/2"" X10 UNIDADES -",1750.0,LUCAS_IMPORT
UNM34,"UNION PARA MANGUERA DE 3/4"" X10 UNIDADES -",1900.0,LUCAS_IMPORT
VMC123,VAPORIZADOR PARA TABLETA FUYI CON CABLE,2900.0,LUCAS_IMPORT
VAF05,"VASO ALUMINIO. TIPO FERNETERO DE 0,5L -",2250.47,LUCAS_IMPORT
VAS100,VASO DE VIDRIO X6 UNIDADES -,6200.0,LUCAS_IMPORT
VAM100,VASO MEDIDOR DE PVC -,660.0,LUCAS_IMPORT
VAT200,VASO PVC. TERMICO -,1445.55,LUCAS_IMPORT
LUR14,VELADOR DE LED. BRAZO ARTICULADO -,6710.0,LUCAS_IMPORT
VEL09,VELADOR PORTATIL C/ SUJETADOR DE PINZAS -,6375.6,LUCAS_IMPORT
VEP02,VERTEDOR PLASTICO PARA AZUCAR Y YERBA (DOBLE) -,937.75,LUCAS_IMPORT
DIN00,VIDRIO P/ CARETA DE SOLDADOR TRANSPARENTE -,470.0,LUCAS_IMPORT
DIN12,VIDRIO P/ CARETA DE SOLDADOR. OSCURO DIN 10/11/12,555.0,LUCAS_IMPORT
VLH01,VIRUTA. LA HACENDOSA. FINA -,2300.0,LUCAS_IMPORT
VLH03,VIRUTA. LA HACENDOSA. GRUESA -,2300.0,LUCAS_IMPORT
VLH02,VIRUTA. LA HACENDOSA. MEDIA -,2300.0,LUCAS_IMPORT
WOT25,WOK DE TEFLON N30 -,19965.0,LUCAS_IMPORT
ZAP03,ZAPATILLA CON CABLE DE 3M. ECONOMICA -,1350.0,LUCAS_IMPORT
ZAP05,ZAPATILLA CON CABLE DE 5M. ECONOMICA -,1800.0,LUCAS_IMPORT
ZAP07,ZAPATILLA CON CABLE DE 7M. ECONOMICA -,2592.18,LUCAS_IMPORT
ZAP05S,ZAPATILLA SIN CABLE CON 5 TOMAS Y TECLA DE CORTE -,3234.0,LUCAS_IMPORT
