7812,ABRAZ MINI 7 MM           8-12 -PERFECTO/CRECCHIO-,448.0,MASSOL
71016,ABRAZ MINI 7 MM          10-16 -PERFECTO/CRECCHIO-,479.0,MASSOL
71222,ABRAZ MINI 7 MM           12-22 -PERFECTO/CRECCHIO-,490.0,MASSOL
9816,ABRAZ STANDARD 9MM         8-16 -PERFECTO/CRECCHIO-,407.0,MASSOL
91222,ABRAZ STANDARD 9MM         12-22 -PERFECTO/CRECCHIO-,435.0,MASSOL
91627,ABRAZ STANDARD 9MM         16-27 -PERFECTO/CRECCHIO-,435.0,MASSOL
92335,ABRAZ STANDARD 9MM         23-35 -PERFECTO/CRECCHIO-,442.0,MASSOL
93045,ABRAZ STANDARD 9MM         30-45 -PERFECTO/CRECCHIO-,452.0,MASSOL
93250,ABRAZ STANDARD 9MM         32-50 -PERFECTO/CRECCHIO-,483.0,MASSOL
94060,ABRAZ STANDARD 9MM         40-60 -PERFECTO/CRECCHIO-,520.0,MASSOL
95070,ABRAZ STANDARD 9MM         50-70 -PERFECTO/CRECCHIO-,557.0,MASSOL
96080,ABRAZ STANDARD 9MM         60-80 -PERFECTO/CRECCHIO-,606.0,MASSOL
97090,ABRAZ STANDARD 9MM         70-90 -PERFECTO/CRECCHIO-,633.0,MASSOL
980100,ABRAZ STANDARD 9MM         80-100 -PERFECTO/CRECCHIO-,671.0,MASSOL
990110,ABRAZ STANDARD 9MM         90-110 -PERFECTO/CRECCHIO-,702.0,MASSOL
9100120,ABRAZ STANDARD 9MM         100-120 -PERFECTO/CRECCHIO-,860.0,MASSOL
9110130,ABRAZ STANDARD 9MM         110-130 -PERFECTO/CRECCHIO-,898.0,MASSOL
9120140,ABRAZ STANDARD 9MM         120-140 -PERFECTO/CRECCHIO-,993.0,MASSOL
121222,ABRAZ REFORZADA 12 MM     12-22 -PERFECTO/CRECCHIO-,518.0,MASSOL
121627,ABRAZ REFORZADA 12 MM     16-27 -PERFECTO/CRECCHIO-,546.0,MASSOL
122335,ABRAZ REFORZADA 12 MM     23-35 -PERFECTO/CRECCHIO-,557.0,MASSOL
123045,ABRAZ REFORZADA 12 MM     30-45 -PERFECTO/CRECCHIO-,586.0,MASSOL
123250,ABRAZ REFORZADA 12 MM     32-50 -PERFECTO/CRECCHIO-,622.0,MASSOL
124060,ABRAZ REFORZADA 12 MM     40-60 -PERFECTO/CRECCHIO-,688.0,MASSOL
125070,ABRAZ REFORZADA 12 MM     50-70 -PERFECTO/CRECCHIO-,739.0,MASSOL
126080,ABRAZ REFORZADA 12 MM     60-80 -PERFECTO/CRECCHIO-,768.0,MASSOL
127090,ABRAZ REFORZADA 12 MM     70-90 -PERFECTO/CRECCHIO-,805.0,MASSOL
1280100,ABRAZ REFORZADA 12 MM     80-100 -PERFECTO/CRECCHIO-,852.0,MASSOL
1290110,ABRAZ REFORZADA 12 MM     90-110 -PERFECTO/CRECCHIO-,901.0,MASSOL
12100120,ABRAZ REFORZADA 12 MM     100-120 -PERFECTO/CRECCHIO-,938.0,MASSOL
12110130,ABRAZ REFORZADA 12 MM     110-130 -PERFECTO/CRECCHIO-,1134.0,MASSOL
12120140,ABRAZ REFORZADA 12 MM     120-140 -PERFECTO/CRECCHIO-,1157.0,MASSOL
12130150,ABRAZ REFORZADA 12 MM     130-150 -PERFECTO/CRECCHIO-,1310.0,MASSOL
12140160,ABRAZ REFORZADA 12 MM     140-160 -PERFECTO/CRECCHIO-,1408.0,MASSOL
12150170,ABRAZ REFORZADA 12 MM     150-170 -PERFECTO/CRECCHIO-,1493.0,MASSOL
12160180,ABRAZ REFORZADA 12 MM     160- 180 -PERFECTO/CRECCHIO-,1539.0,MASSOL
12170190,ABRAZ REFORZADA 12 MM     170-190 -PERFECTO/CRECCHIO-,1602.0,MASSOL
12180200,ABRAZ REFORZADA 12 MM     180-200 -PERFECTO/CRECCHIO-,1649.0,MASSOL
12190210,ABRAZ REFORZADA 12 MM     190-210 -PERFECTO/CRECCHIO-,1725.0,MASSOL
12200220,ABRAZ REFORZADA 12 MM      200-220 -PERFECTO/CRECCHIO-,1789.0,MASSOL
12210230,ABRAZ REFORZADA 12 MM      210-230 -PERFECTO/CRECCHIO-,1848.0,MASSOL
12220240,ABRAZ REFORZADA 12 MM      220-240 -PERFECTO/CRECCHIO-,2056.0,MASSOL
12230250,ABRAZ REFORZADA 12 MM      230-250 -PERFECTO/CRECCHIO-,2219.0,MASSOL
1020,CIERRE RAPIDO     10-20 -PERFECTO/CRECCHIO-,499.0,MASSOL
1728,CIERRE RAPIDO     17-28 -PERFECTO/CRECCHIO-,504.0,MASSOL
2535,CIERRE RAPIDO     25-35 -PERFECTO/CRECCHIO-,504.0,MASSOL
3244,CIERRE RAPIDO     32-44 -PERFECTO/CRECCHIO-,569.0,MASSOL
4052,CIERRE RAPIDO     40-52 -PERFECTO/CRECCHIO-,604.0,MASSOL
4862,CIERRE RAPIDO     48-62 -PERFECTO/CRECCHIO-,650.0,MASSOL
5872,CIERRE RAPIDO     58-72 -PERFECTO/CRECCHIO-,690.0,MASSOL
6785,CIERRE RAPIDO     67-85 -PERFECTO/CRECCHIO-,710.0,MASSOL
80100,CIERRE RAPIDO     80-100 -PERFECTO/CRECCHIO-,811.0,MASSOL
95115,CIERRE RAPIDO     95-115 -PERFECTO/CRECCHIO-,846.0,MASSOL
110130,CIERRE RAPIDO     110-130 -PERFECTO/CRECCHIO-,937.0,MASSOL
125145,CIERRE RAPIDO     125-145 -PERFECTO/CRECCHIO-,947.0,MASSOL
7,"ABRAZADERA ALAMBRE 1/4                10,5-15 -PERFECTO/CRECCHIO-",402.0,MASSOL
12,"ABRAZADERA ALAMBRE 1/2                14,5-19,5 -PERFECTO/CRECCHIO-",410.0,MASSOL
19,ABRAZADERA ALAMBRE 3/4                22-27 -PERFECTO/CRECCHIO-,445.0,MASSOL
25,"ABRAZADERA ALAMBRE 1                   28,5-36 -PERFECTO/CRECCHIO-",463.0,MASSOL
32,ABRAZADERA ALAMBRE 1 1/4              36-45 -PERFECTO/CRECCHIO-,516.0,MASSOL
38,"ABRAZADERA ALAMBRE 1 1/2               40-48,5 -PERFECTO/CRECCHIO-",581.0,MASSOL
50,ABRAZADERA ALAMBRE 2                   52-58 -PERFECTO/CRECCHIO-,597.0,MASSOL
TT810,TORNILLO Y TUERCA No 9          8-10 -PERFECTO/CRECCHIO-,324.0,MASSOL
TT911,TORNILLO Y TUERCA No 10        9-11 -PERFECTO/CRECCHIO-,324.0,MASSOL
TT1012,TORNILLO Y TUERCA No 11        10-12 -PERFECTO/CRECCHIO-,324.0,MASSOL
TT1113,TORNILLO Y TUERCA No 12        11-13 -PERFECTO/CRECCHIO-,324.0,MASSOL
TT1214,TORNILLO Y TUERCA No 13        12-14 -PERFECTO/CRECCHIO-,340.0,MASSOL
TT1315,TORNILLO Y TUERCA No 14        13-15 -PERFECTO/CRECCHIO-,340.0,MASSOL
TT1416,TORNILLO Y TUERCA No 15        14-16 -PERFECTO/CRECCHIO-,340.0,MASSOL
TT1518,TORNILLO Y TUERCA No 16        15-18 -PERFECTO/CRECCHIO-,340.0,MASSOL
E1,EXHIBIDOR COMPLETO 368 ABRAZ. (7-9-12-CR-TT) -PERFECTO/CRECCHIO-,194328.0,MASSOL
E2,EXHIBIDOR 9 Y 12 MM ESTAMPADA 298 ABRAZ.(7-9-12-TT) -PERFECTO/CRECCHIO-,168523.0,MASSOL
E3,EXHIBIDOR 9MM ESTAMPADA 228 ABRAZ. (7-9-TT) -PERFECTO/CRECCHIO-,122493.0,MASSOL
E4,EXHIBIDOR 12 MM ESTAMPADA 202 ABRAZ. (7-12-TT) -PERFECTO/CRECCHIO-,117423.0,MASSOL
E5,EXHIBIDOR CIERRE RAPIDO 202 ABRAZ.(7-CR-TT) -PERFECTO/CRECCHIO-,109704.0,MASSOL
E6,EXHIBIDOR SUPER PRESION 72 ABRAZ. (SUPER PRESION COMP) -PERFECTO/CRECCHIO-,546168.0,MASSOL
51401500,LIJA AL AGUA GRANO 1500 -HUNTER-,368.0,MASSOL
51401200,LIJA AL AGUA GRANO 1200 -HUNTER-,368.0,MASSOL
51401000,LIJA AL AGUA GRANO 1000 -HUNTER-,368.0,MASSOL
51400800,LIJA AL AGUA GRANO 800 -HUNTER-,368.0,MASSOL
51400600,LIJA AL AGUA GRANO 600 -HUNTER-,368.0,MASSOL
51400500,LIJA AL AGUA GRANO 500 -HUNTER-,368.0,MASSOL
51400400,LIJA AL AGUA GRANO 400 -HUNTER-,368.0,MASSOL
51400360,LIJA AL AGUA GRANO 360 -HUNTER-,368.0,MASSOL
51400320,LIJA AL AGUA GRANO 320 -HUNTER-,368.0,MASSOL
51400280,LIJA AL AGUA GRANO 280 -HUNTER-,368.0,MASSOL
51400240,LIJA AL AGUA GRANO 240 -HUNTER-,368.0,MASSOL
51400220,LIJA AL AGUA GRANO 220 -HUNTER-,368.0,MASSOL
51400180,LIJA AL AGUA GRANO 180 -HUNTER-,368.0,MASSOL
51400150,LIJA AL AGUA GRANO 150 -HUNTER-,368.0,MASSOL
51400120,LIJA AL AGUA GRANO 120 -HUNTER-,368.0,MASSOL
51400100,LIJA AL AGUA GRANO 100 -HUNTER-,368.0,MASSOL
51400080,LIJA AL AGUA GRANO 80 -HUNTER-,368.0,MASSOL
51400060,LIJA AL AGUA GRANO 60 -HUNTER-,368.0,MASSOL
51500400,LIJA ANTIEMPASTANTE GRANO 400 -HUNTER-,442.0,MASSOL
51500360,LIJA ANTIEMPASTANTE GRANO 360 -HUNTER-,442.0,MASSOL
51500320,LIJA ANTIEMPASTANTE GRANO 320 -HUNTER-,442.0,MASSOL
51500280,LIJA ANTIEMPASTANTE GRANO 280 -HUNTER-,442.0,MASSOL
51500240,LIJA ANTIEMPASTANTE GRANO 240 -HUNTER-,442.0,MASSOL
51500220,LIJA ANTIEMPASTANTE GRANO 220 -HUNTER-,442.0,MASSOL
51500180,LIJA ANTIEMPASTANTE GRANO 180 -HUNTER-,442.0,MASSOL
51500150,LIJA ANTIEMPASTANTE GRANO 150 -HUNTER-,442.0,MASSOL
51500120,LIJA ANTIEMPASTANTE GRANO 120 -HUNTER-,442.0,MASSOL
51500100,LIJA ANTIEMPASTANTE GRANO 100 -HUNTER-,442.0,MASSOL
51500080,LIJA ANTIEMPASTANTE GRANO 80 -HUNTER-,442.0,MASSOL
51100001,LIJA MULTIUSO EXTRA FINO 180/220 -HUNTER-,231.0,MASSOL
51100002,LIJA MULTIUSO FINO 120/150 -HUNTER-,231.0,MASSOL
51100003,LIJA MULTIUSO MEDIANO 80/100 -HUNTER-,231.0,MASSOL
51100004,LIJA MULTIUSO GRUESO 50/60 -HUNTER-,231.0,MASSOL
51100005,LIJA MULTIUSO EXTRA GRUESO 36/40 -HUNTER-,231.0,MASSOL
51200001,TELA ESMERIL EXTRA FINO 180/220 (METALES) -HUNTER-,556.0,MASSOL
51200002,TELA ESMERIL FINO 120/150 (METALES) -HUNTER-,556.0,MASSOL
51200003,TELA ESMERIL MEDIANO 80/100 (METALES) -HUNTER-,556.0,MASSOL
51200004,TELA ESMERIL GRUESO 50/60 (METALES) -HUNTER-,556.0,MASSOL
51200005,TELA ESMERIL EXTRA GRUESO 36/40 (METALES) -HUNTER-,556.0,MASSOL
51601120,TROZO POTRO GRANO 120 (MASILLA) -HUNTER-,369.0,MASSOL
51601100,TROZO POTRO GRANO 100 (MASILLA) -HUNTER-,369.0,MASSOL
51601080,TROZO POTRO GRANO 80 (MASILLA) -HUNTER-,369.0,MASSOL
51601060,TROZO POTRO GRANO 60 (MASILLA) -HUNTER-,369.0,MASSOL
51601040,TROZO POTRO GRANO 40 (MASILLA) -HUNTER-,369.0,MASSOL
51601036,TROZO POTRO GRANO 36 (MASILLA) -HUNTER-,369.0,MASSOL
52701201,DISCO ABRASIVO DE FIBRA 4 GRANO 120 -HUNTER-,550.0,MASSOL
52701001,DISCO ABRASIVO DE FIBRA 4 GRANO 100 -HUNTER-,550.0,MASSOL
52700801,DISCO ABRASIVO DE FIBRA 4 GRANO 80 -HUNTER-,550.0,MASSOL
52700601,DISCO ABRASIVO DE FIBRA 4 GRANO 60 -HUNTER-,550.0,MASSOL
52700501,DISCO ABRASIVO DE FIBRA 4 GRANO 50 -HUNTER-,550.0,MASSOL
52700401,DISCO ABRASIVO DE FIBRA 4 GRANO 40 -HUNTER-,550.0,MASSOL
52700361,DISCO ABRASIVO DE FIBRA 4 GRANO 36 -HUNTER-,550.0,MASSOL
52700241,DISCO ABRASIVO DE FIBRA 4 GRANO 24 -HUNTER-,550.0,MASSOL
52700161,DISCO ABRASIVO DE FIBRA 4 GRANO 16 -HUNTER-,550.0,MASSOL
52700120,DISCO ABRASIVO DE FIBRA 7 GRANO 120 -HUNTER-,1196.0,MASSOL
52700100,DISCO ABRASIVO DE FIBRA 7 GRANO 100 -HUNTER-,1196.0,MASSOL
52700080,DISCO ABRASIVO DE FIBRA 7 GRANO 80 -HUNTER-,1196.0,MASSOL
52700060,DISCO ABRASIVO DE FIBRA 7 GRANO 60 -HUNTER-,1196.0,MASSOL
52700050,DISCO ABRASIVO DE FIBRA 7 GRANO 50 -HUNTER-,1196.0,MASSOL
52700040,DISCO ABRASIVO DE FIBRA 7 GRANO 40 -HUNTER-,1196.0,MASSOL
52700036,DISCO ABRASIVO DE FIBRA 7 GRANO 36 -HUNTER-,1196.0,MASSOL
52700024,DISCO ABRASIVO DE FIBRA 7 GRANO 24 -HUNTER-,1196.0,MASSOL
52700016,DISCO ABRASIVO DE FIBRA 7 GRANO 16 -HUNTER-,1196.0,MASSOL
H542,DISCO FLAP 4 GRANO 120 -HUNTER-,2078.0,MASSOL
H541,DISCO FLAP 4 GRANO 80 -HUNTER-,2078.0,MASSOL
H540,DISCO FLAP 4 GRANO 60 -HUNTER-,2078.0,MASSOL
H539,DISCO FLAP 4 GRANO 40 -HUNTER-,2078.0,MASSOL
BPM,BANDEJA PINTOR MINI -HUNTER-,329.0,MASSOL
BPGR,BANDEJA PINTOR GRANDE -HUNTER-,794.0,MASSOL
57111840,CINTA DE ENMASCARAR 18 MM X 40 MTS -HUNTER-,1662.0,MASSOL
57112440,CINTA DE ENMASCARAR 24 MM X 40 MTS -HUNTER-,2223.0,MASSOL
57113640,CINTA DE ENMASCARAR 36 MM X 40 MTS -HUNTER-,3335.0,MASSOL
57114840,CINTA DE ENMASCARAR 48 MM X 40 MTS -HUNTER-,4441.0,MASSOL
58120125,COLA VINILICA CON PICO VERTEDOR X 125 CC -HUNTER-,15277.0,MASSOL
58120250,COLA VINILICA CON PICO VERTEDOR X 250 CC -HUNTER-,2197.0,MASSOL
58120500,COLA VINILICA CON PICO VERTEDOR X 500 CC -HUNTER-,3547.0,MASSOL
56120001,COLA VINILICA CON PICO VERTEDOR X 1000 CC -HUNTER-,5998.0,MASSOL
ESPACH,ESPATULA PLASTICA CHICA -HUNTER-,147.0,MASSOL
ESPAGR,ESPATULA PLASTICA GRANDE -HUNTER-,228.0,MASSOL
ELIM,ESTOPA DE LIMPIEZA X 300 GR -HUNTER-,649.0,MASSOL
ELUS,ESTOPA DE LUSTRE X 300 GR -HUNTER-,825.0,MASSOL
MIXI500,HUNTER MIX INTERIOR X 500 GR -HUNTER-,1043.0,MASSOL
MIXE500,HUNTER MIX EXTERIOR X 500 GR -HUNTER-,1043.0,MASSOL
MIXI1250,HUNTER MIX INTERIOR X 1250 GR -HUNTER-,1691.0,MASSOL
MIXE1250,HUNTER MIX EXTERIOR X 1250 GR -HUNTER-,1691.0,MASSOL
MIXI005,HUNTER MIX INTERIOR X 5 KG -HUNTER-,5965.0,MASSOL
MIXE005,HUNTER MIX EXTERIOR X 5 KG -HUNTER-,5965.0,MASSOL
MIXI10,HUNTER MIX INTERIOR X 10 KG -HUNTER-,11102.0,MASSOL
MIXE10,HUNTER MIX EXTERIOR X 10 KG -HUNTER-,11102.0,MASSOL
KIT,KIT PARCHE X 250 GR -HUNTER-,5504.0,MASSOL
KIT1,KIT PARCHE X 500 GR -HUNTER-,9052.0,MASSOL
KIT2,KIT PARCHE X 1000 GR -HUNTER-,14044.0,MASSOL
PP100700,PARCHE EN PASTA X 700 GRS -HUNTER-,8319.0,MASSOL
MMALG,MASILLA PARA MADERA X 200 GR ALGARROBO -HUNTER-,1775.0,MASSOL
MMCAO,MASILLA PARA MADERA X 200 GR CAOBA -HUNTER-,1775.0,MASSOL
MMCED,MASILLA PARA MADERA X 200 GR CEDRO -HUNTER-,1775.0,MASSOL
MMNAT,MASILLA PARA MADERA X 200 GR NATURAL -HUNTER-,1775.0,MASSOL
MMNOG,MASILLA PARA MADERA X 200 GR NOGAL -HUNTER-,1775.0,MASSOL
MMPET,MASILLA PARA MADERA X 200 GR PETIRIBI -HUNTER-,1775.0,MASSOL
MMPIN,MASILLA PARA MADERA X 200 GR PINO -HUNTER-,1775.0,MASSOL
MMRCL,MASILLA PARA MADERA X 200 GR ROBLE CLARO -HUNTER-,1775.0,MASSOL
MMROS,MASILLA PARA MADERA X 200 GR ROBLE OSCURO -HUNTER-,1775.0,MASSOL
MMVIR,MASILLA PARA MADERA X 200 GR VIRARO -HUNTER-,1775.0,MASSOL
TLALG,TINTA PARA MADERAS X 60 CC ALGARROBO -HUNTER-,1646.0,MASSOL
TLCAO,TINTA PARA MADERAS X 60 CC CAOBA -HUNTER-,1646.0,MASSOL
TLCED,TINTA PARA MADERAS X 60 CC CEDRO -HUNTER-,1646.0,MASSOL
TLNOG,TINTA PARA MADERAS X 60 CC NOGAL -HUNTER-,1646.0,MASSOL
TLPET,TINTA PARA MADERAS X 60 CC PETIRIBI -HUNTER-,1646.0,MASSOL
TLRCL,TINTA PARA MADERAS X 60 CC ROBLE CLARO -HUNTER-,1646.0,MASSOL
TLROS,TINTA PARA MADERAS X 60 CC ROBLE OSCURO -HUNTER-,1646.0,MASSOL
TLVIR,TINTA PARA MADERAS X 60 CC VIRARO -HUNTER-,1646.0,MASSOL
TLWEN,TINTA PARA MADERAS X 60 CC WENGUE -HUNTER-,1646.0,MASSOL
VES10X25,VENDA PARA PARED 10 CM X 25 MTS -HUNTER-,634.0,MASSOL
VES20X25,VENDA PARA PARED 20 CM X 25 MTS -HUNTER-,1258.0,MASSOL
VES1X25,VENDA PARA PARED 1 X 25 MTS -HUNTER-,6178.0,MASSOL
V2501F,VIRUTA FINA X 250 GR -HUNTER-,2215.0,MASSOL
V2502M,VIRUTA MEDIANA X 250 GR -HUNTER-,2215.0,MASSOL
V2503G,VIRUTA GRUESA X 250 GR -HUNTER-,2215.0,MASSOL
TLG,MAXI TACO LIJADOR CLASICO -HUNTER-,1487.0,MASSOL
TLM,MINI TACO LIJADOR -HUNTER-,1017.0,MASSOL
TMX,MAXI TACO LIJADOR -HUNTER-,2432.0,MASSOL
TLMP,MAXI TACO LIJADOR PROFESIONAL -HUNTER-,2432.0,MASSOL
AG950,AGUARRAS ECONOMICO X 950 CC -TURPENTINE-,1581.0,MASSOL
SOLRRAS950,AGUARRAS MASSOL X 950 CC -MASSOL-,1666.0,MASSOL
SOLRRAS3850,AGUARRAS MASSOL X 3850 CC -MASSOL-,6664.0,MASSOL
TH950,THINNER ESTANDAR X 950 CC -MASSOL-,2814.0,MASSOL
TH3850,THINNER ESTANDAR X 3850 CC -MASSOL-,11256.0,MASSOL
KER1,KEROSENE X 1 LT -GENERIC-,1957.0,MASSOL
KER5,KEROSENE X 5 LT -GENERIC-,9750.0,MASSOL
AE1,ALCOHOL ETILICO X 1 LT -GENERIC-,2184.0,MASSOL
RG500,REMOVEDOR GEL X 500 -AQUILES-,4536.0,MASSOL
RG1,REMOVEDOR GEL X 1 LT -AQUILES-,6930.0,MASSOL
ACM1,ACIDO MURIATICO X 1 LT -GENERIC-,1020.0,MASSOL
ACM5,ACIDO MURIATICO X 5 LT -GENERIC-,5040.0,MASSOL
CL5,CLORO X 5 LT -GENERIC-,3250.0,MASSOL
DCD1,DESTAPA CANERIAS X 1 LT -DIWEN-,815.0,MASSOL
QSD1,QUITA SARRO Y OXIDO X 1 LT -DIWEN-,837.0,MASSOL
LRD1,LIMPIA RESTOS DE MATERIALES X 1 LT -DIWEN-,824.0,MASSOL
DF1,DESOXIDANTE FOSFATIZANTE X 1 LT -GENERIC-,960.0,MASSOL
DF5,DESOXIDANTE FOSFATIZANTE X 5 LT -GENERIC-,4800.0,MASSOL
ADC1,ACEITE DOBLE COCIDO X 1 LT -DIWEN-,1254.0,MASSOL
ADC5,ACEITE DOBLE COCIDO X 5 LT -DIWEN-,6269.0,MASSOL
FCP,FIJADOR P/ CAL Y PINT AGUA X 250 CC -SIMBOLO-,545.0,MASSOL
PM1,PRESERVADOR BASE ACUOSA X 1 LT -DIWEN-,561.0,MASSOL
PM5,PRESERVADOR BASE ACUOSA X 5 LT -DIWEN-,1686.0,MASSOL
SC500,SODA CAUSTICA X 1/2 KG -GENERIC-,420.0,MASSOL
SC1,SODA CAUSTICA X 1 KG -GENERIC-,909.0,MASSOL
AD5,AGUA DESTILADA X 5 LT -LUM35-,1260.0,MASSOL
REF5,REFRIGERANTE X 5 LTS -LUM35-,1330.0,MASSOL
PA1,PINTURA ASFALTICA X 1 LT -DIWEN-,3400.0,MASSOL
PA4,PINTURA ASFALTICA X 4 LT -DIWEN-,9706.0,MASSOL
FD500,FLUIDO DESINFECTANTE X 1/2 LT -DIWEN-,2088.0,MASSOL
FD1,FLUIDO DESINFECTANTE X 1 LT -DIWEN-,3656.0,MASSOL
CIT500,CITRONELLA X 1/2 LT -DIWEN-,3723.0,MASSOL
CIT1,CITRONELLA X 1 LT -DIWEN-,5651.0,MASSOL
MP250,MASILLA PLASTICA X 1/4 KG -TRIMAS-,5944.0,MASSOL
MP500,MASILLA PLASTICA X 1/2 KG -TRIMAS-,7260.0,MASSOL
MP1000,MASILLA PLASTICA X 1 KG -TRIMAS-,9276.0,MASSOL
AS5,ARENA SECA X 5 KG -SIMBOLO-,927.0,MASSOL
AS10,ARENA SECA X 10 KG -SIMBOLO-,1535.0,MASSOL
CAL4,CAL BLANQ. ANTIHONGO X 4 KG -SIMBOLO-,2106.0,MASSOL
CB1,CEMENTO BLANCO X 1 KG -DIWEN-,1060.0,MASSOL
CB5,CEMENTO BLANCO X 4 KG -DIWEN-,3818.0,MASSOL
CB5,CEMENTO BLANCO X 5 KG -SIMBOLO-,4254.0,MASSOL
CB10,CEMENTO BLANCO X 10 KG -SIMBOLO-,8599.0,MASSOL
CG1,CEMENTO GRIS X 1 KG -SIMBOLO-,529.0,MASSOL
CG5,CEMENTO GRIS X 5 KG -SIMBOLO-,1989.0,MASSOL
CG10,CEMENTO GRIS X 10 KG -SIMBOLO-,3761.0,MASSOL
CONC2,CONCRETO X 2 KG -SIMBOLO-,573.0,MASSOL
CONC5,CONCRETO X 5 KG -SIMBOLO-,1189.0,MASSOL
CONC10,CONCRETO X 10 KG -SIMBOLO-,2307.0,MASSOL
CRB1,FRAGUE BLANCO X 1 KG -DIWEN-,1093.0,MASSOL
CRB4,FRAGUE BLANCO X 4 KG -DIWEN-,3933.0,MASSOL
CRB5,FRAGUE BLANCO X 5 KG -SIMBOLO-,4401.0,MASSOL
CRB10,FRAGUE BLANCO X 10 KG -SIMBOLO-,8849.0,MASSOL
CRG1,FRAGUE GRIS X 1 KG -SIMBOLO-,578.0,MASSOL
CRG5,FRAGUE GRIS X 5 KG -SIMBOLO-,2444.0,MASSOL
CRG10,FRAGUE GRIS X 10 KG -SIMBOLO-,4567.0,MASSOL
MA2,MEZCLA ADHESIVA X 2 KG -SIMBOLO-,727.0,MASSOL
MA5,MEZCLA ADHESIVA X 5 KG -SIMBOLO-,1628.0,MASSOL
MA10,MEZCLA ADHESIVA X 10 KG -SIMBOLO-,2946.0,MASSOL
MA30,MEZCLA ADHESIVA X 30 KG -SIMBOLO-,7487.0,MASSOL
MR2,MEZCLA REFORZADA X 2 KG -SIMBOLO-,573.0,MASSOL
MR5,MEZCLA REFORZADA X 5 KG -SIMBOLO-,1248.0,MASSOL
MR10,MEZCLA REFORZADA X 10 KG -SIMBOLO-,2321.0,MASSOL
MR30,MEZCLA REFORZADA X 30 KG -SIMBOLO-,6746.0,MASSOL
PP4,PINTURA EN POLVO X 4 KG -SIMBOLO-,2555.0,MASSOL
RFC5,REVOQUE FINO A LA CAL X 5 KG -SIMBOLO-,1453.0,MASSOL
RFC10,REVOQUE FINO A LA CAL X 10 KG -SIMBOLO-,2424.0,MASSOL
TI1,TALCO INDUSTRIAL X 1 KG -DIWEN-,527.0,MASSOL
TM1,TIZA MOLIDA X 1 KG -SIMBOLO-,525.0,MASSOL
TM5,TIZA MOLIDA X 5 KG -SIMBOLO-,2267.0,MASSOL
Y1 ,YESO TIPO PARIS X 1 KG -SIMBOLO-,574.0,MASSOL
Y5,YESO TIPO PARIS X 5 KG -SIMBOLO-,2507.0,MASSOL
Y10,YESO TIPO PARIS X 10 KG -SIMBOLO-,4526.0,MASSOL
FAM250,FERRITE AMARILLO X 1/4 KG -DIWEN-,1408.0,MASSOL
FAM500,FERRITE AMARILLO X 1/2 KG -DIWEN-,2620.0,MASSOL
FAM1,FERRITE AMARILLO X 1 KG -DIWEN-,5001.0,MASSOL
FAZ250,FERRITE AZUL X 1/4 KG -DIWEN-,1556.0,MASSOL
FAZ500,FERRITE AZUL X 1/2 KG -DIWEN-,3091.0,MASSOL
FAZ1,FERRITE AZUL X 1 KG -DIWEN-,5406.0,MASSOL
FRJ250,FERRITE ROJO X 1/4 KG -DIWEN-,1474.0,MASSOL
FRJ500,FERRITE ROJO X 1/2 KG -DIWEN-,2704.0,MASSOL
FRJ1,FERRITE ROJO X 1 KG -DIWEN-,5192.0,MASSOL
FNE250,FERRITE NEGRO X 1/4 KG -DIWEN-,1430.0,MASSOL
FNE500,FERRITE NEGRO X 1/2 KG -DIWEN-,2829.0,MASSOL
FNE1,FERRITE NEGRO X 1 KG -DIWEN-,5376.0,MASSOL
FVE250,FERRITE VERDE X 1/4 KG -DIWEN-,1252.0,MASSOL
FVE500,FERRITE VERDE X 1/2 KG -DIWEN-,2490.0,MASSOL
FVE1,FERRITE VERDE X 1 KG -DIWEN-,4718.0,MASSOL
FMA250,FERRITE MARRON X 1/4 KG -DIWEN-,1324.0,MASSOL
FMA500,FERRITE MARRON X 1/2 KG -DIWEN-,2428.0,MASSOL
FMA1,FERRITE MARRON X 1 KG -DIWEN-,4662.0,MASSOL
PAST1,PASTINA X 1 KG -DIWEN-,1182.0,MASSOL
SL250,SAL DE LIMON X 250 GR -SIMBOLO-,2431.0,MASSOL
SL500,SAL DE LIMON X 500 GR -SIMBOLO-,4526.0,MASSOL
H1 ,HIDROFUGO MINERAL X 1 KG -SIMBOLO-,1863.0,MASSOL
H4,HIDROFUGO MINERAL X 4 KG -SIMBOLO-,7669.0,MASSOL
H10,HIDROFUGO MINERAL X 10 KG -SIMBOLO-,14137.0,MASSOL
H20,HIDROFUGO MINERAL X 20 KG -SIMBOLO-,25125.0,MASSOL
LIJ1 ,LATEX INTERIOR ECONOMICO X 1 LT -JEWEL-,1952.66,MASSOL
LIJ4,LATEX INTERIOR ECONOMICO X 4 LT -JEWEL-,6438.79,MASSOL
LIJ10,LATEX INTERIOR ECONOMICO X 10 LT -JEWEL-,14440.37,MASSOL
LIJ20,LATEX INTERIOR ECONOMICO X 20 LT -JEWEL-,27875.82,MASSOL
LIEX1,LATEX INT/EXT X 1 LT -AKUAPLUS-,5069.29,MASSOL
LIEX4,LATEX INT/EXT X 4 LT -AKUAPLUS-,17166.29,MASSOL
LIEX10,LATEX INT/EXT X 10 LT -AKUAPLUS-,39544.37,MASSOL
LIEX20,LATEX INT/EXT X 20 LT -AKUAPLUS-,76775.5,MASSOL
EJ1,ENDUIDO INT/EXT X 1 LT -AKUAPLUS-,2717.01,MASSOL
EJ4,ENDUIDO INT/EXT X 4 LT -AKUAPLUS-,7757.17,MASSOL
EJ10,ENDUIDO INT/EXT X 10 LT -AKUAPLUS-,16461.24,MASSOL
EJ20,ENDUIDO INT/EXT X 20 LT -AKUAPLUS-,30609.23,MASSOL
FS1,FIJADOR/SELLADOR X 1 LT -AKUAPLUS-,2545.93,MASSOL
FS4,FIJADOR/SELLADOR X 4 LT -AKUAPLUS-,7072.84,MASSOL
FS10,FIJADOR/SELLADOR X 10 LT -AKUAPLUS-,14782.38,MASSOL
FS20,FIJADOR/SELLADOR X 20 LT -AKUAPLUS-,27251.52,MASSOL
MP1,MEMBRANA EN PASTA BLANCO X 1 LT -AKUAPLUS-,5450.38,MASSOL
MP4,MEMBRANA EN PASTA BLANCO X 4 LT -AKUAPLUS-,18690.65,MASSOL
MP10,MEMBRANA EN PASTA BLANCO X 10 LT -AKUAPLUS-,43284.03,MASSOL
MP20,MEMBRANA EN PASTA BLANCO X 20 LT -AKUAPLUS-,84254.83,MASSOL
LCR1,LATEX CIELORRASO X 1 LT -AKUAPLUS-,3627.95,MASSOL
LCR4,LATEX CIELORRASO X 4 LT -AKUAPLUS-,11400.95,MASSOL
LCR10,LATEX CIELORRASO X 10 LT -AKUAPLUS-,25400.41,MASSOL
LCR20,LATEX CIELORRASO X 20 LT -AKUAPLUS-,48487.58,MASSOL
PRM1,FACHADA PREMIUM MATE X 1 LT -AKUAPLUS-,6182.73,MASSOL
PRM4,FACHADA PREMIUM MATE X 4 LT -AKUAPLUS-,21620.05,MASSOL
PRM10,FACHADA PREMIUM MATE X 10 LT -AKUAPLUS-,50470.64,MASSOL
PRM20,FACHADA PREMIUM MATE X 20 LT -AKUAPLUS-,98628.04,MASSOL
LCG11,LATEX COLOR GRUPO 1 X 1 LT -AKUAPLUS-,2195.86,MASSOL
LCG14,LATEX COLOR GRUPO 1 X 4 LT -AKUAPLUS-,7703.6,MASSOL
LCG110,LATEX COLOR GRUPO 1 X 10 LT -AKUAPLUS-,18556.86,MASSOL
LCG120,LATEX COLOR GRUPO 1 X 20 LT -AKUAPLUS-,36139.88,MASSOL
LCG21,LATEX COLOR GRUPO 2 X 1 LT -AKUAPLUS-,2513.92,MASSOL
LCG24,LATEX COLOR GRUPO 2 X 4 LT -AKUAPLUS-,9041.45,MASSOL
LCG210,LATEX COLOR GRUPO 2 X 10 LT -AKUAPLUS-,21901.48,MASSOL
LCG220,LATEX COLOR GRUPO 2 X 20 LT -AKUAPLUS-,42829.13,MASSOL
LCG31,LATEX COLOR GRUPO 3 X 1 LT -AKUAPLUS-,1951.41,MASSOL
LCG34,LATEX COLOR GRUPO 3 X 4 LT -AKUAPLUS-,6725.84,MASSOL
LCG310,LATEX COLOR GRUPO 3 X 10 LT -AKUAPLUS-,16112.44,MASSOL
LCG320,LATEX COLOR GRUPO 3 X 20 LT -AKUAPLUS-,31251.05,MASSOL
LCG41,LATEX COLOR GRUPO 4 X 1 LT -AKUAPLUS-,1675.86,MASSOL
LCG44,LATEX COLOR GRUPO 4 X 4 LT -AKUAPLUS-,5794.76,MASSOL
LCG410,LATEX COLOR GRUPO 4 X 10 LT -AKUAPLUS-,13896.04,MASSOL
LCG420,LATEX COLOR GRUPO 4 X 20 LT -AKUAPLUS-,26972.59,MASSOL
LCG51,LATEX COLOR GRUPO 5 X 1 LT -AKUAPLUS-,1446.21,MASSOL
LCG54,LATEX COLOR GRUPO 5 X 4 LT -AKUAPLUS-,4673.27,MASSOL
LCG510,LATEX COLOR GRUPO 5 X 10 LT -AKUAPLUS-,10960.37,MASSOL
LCG520,LATEX COLOR GRUPO 5 X 20 LT -AKUAPLUS-,20918.25,MASSOL
LIS1,LATEX INTERIOR X 1 LT -SIMBOLO TEX-,3330.2,MASSOL
LIS4,LATEX INTERIOR X 4 LT -SIMBOLO TEX-,7888.02,MASSOL
LIS10,LATEX INTERIOR X 10 LT -SIMBOLO TEX-,16186.34,MASSOL
LIS20,LATEX INTERIOR X 20 LT -SIMBOLO TEX-,30273.38,MASSOL
LIES1,LATEX INT/EXT X 1 LT -SIMBOLO TEX-,3956.37,MASSOL
LIES4,LATEX INT/EXT X 4 LT -SIMBOLO TEX-,11002.36,MASSOL
LIES10,LATEX INT/EXT X 10 LT -SIMBOLO TEX-,24178.17,MASSOL
LIES20,LATEX INT/EXT X 20 LT -SIMBOLO TEX-,47487.95,MASSOL
ES1,ENDUIDO INT/EXT X 1 LT -SIMBOLO TEX-,3359.86,MASSOL
ES4,ENDUIDO INT/EXT X 4 LT -SIMBOLO TEX-,8505.94,MASSOL
ES10,ENDUIDO INT/EXT X 10 LT -SIMBOLO TEX-,17224.45,MASSOL
ES20,ENDUIDO INT/EXT X 20 LT -SIMBOLO TEX-,32746.73,MASSOL
FIS1,FIJADOR/SELLADOR X 1 LT -SIMBOLO TEX-,3407.65,MASSOL
FIS4,FIJADOR/SELLADOR X 4 LT -SIMBOLO TEX-,9408.94,MASSOL
FIS10,FIJADOR/SELLADOR X 10 LT -SIMBOLO TEX-,19406.14,MASSOL
FIS20,FIJADOR/SELLADOR X 20 LT -SIMBOLO TEX-,35834.71,MASSOL
LCS1,LATEX CIELORRASO X 1 LT -SIMBOLO TEX-,3615.27,MASSOL
LCS4,LATEX CIELORRASO X 4 LT -SIMBOLO TEX-,10692.57,MASSOL
LCS10,LATEX CIELORRASO X 10 LT -SIMBOLO TEX-,23522.34,MASSOL
LCS20,LATEX CIELORRASO X 20 LT -SIMBOLO TEX-,44760.84,MASSOL
MPS1,MEMBRANA EN PASTA X 1 LT -SIMBOLO TEX-,5427.85,MASSOL
MPS4,MEMBRANA EN PASTA X 4 LT -SIMBOLO TEX-,17908.29,MASSOL
MPS10,MEMBRANA EN PASTA X 10 LT -SIMBOLO TEX-,39010.02,MASSOL
MPS20,MEMBRANA EN PASTA X 20 LT -SIMBOLO TEX-,70344.58,MASSOL
ENT30,ENTONADOR LATEX X 30 CC -CASABLANCA-,1392.38,MASSOL
ENT120,ENTONADOR LATEX X 120 CC -CASABLANCA-,2175.1,MASSOL
SG1250,ESMALTE SINTETICO G1 X 1/4 LT -JEWEL-,2624.67,MASSOL
SG1500,ESMALTE SINTETICO G1 X 1/2 LT -JEWEL-,4864.01,MASSOL
SG11,ESMALTE SINTETICO G1 X 1 LT -JEWEL-,8250.65,MASSOL
SG14,ESMALTE SINTETICO G1 X 4 LT -JEWEL-,29787.93,MASSOL
SG2250,ESMALTE SINTETICO G2 X 1/4 LT -JEWEL-,2356.51,MASSOL
SG2500,ESMALTE SINTETICO G2 X 1/2 LT -JEWEL-,4327.7,MASSOL
SG21,ESMALTE SINTETICO G2 X 1 LT -JEWEL-,7192.84,MASSOL
SG24,ESMALTE SINTETICO G2 X 4 LT -JEWEL-,25556.71,MASSOL
CONV250,CONVERTIDOR X 1/4 LT -JEWEL-,3018.52,MASSOL
CONV500,CONVERTIDOR X 1/2 LT -JEWEL-,5651.73,MASSOL
CONV1,CONVERTIDOR X 1 LT -JEWEL-,9804.29,MASSOL
CONV4,CONVERTIDOR X 4 LT -JEWEL-,36002.52,MASSOL
BC250,BARNIZ CRISTAL X 1/4 LT -JEWEL-,2000.53,MASSOL
BC500,BARNIZ CRISTAL X 1/2 LT -JEWEL-,3615.73,MASSOL
BC1,BARNIZ CRISTAL X 1 LT -JEWEL-,5788.6,MASSOL
BC4,BARNIZ CRISTAL X 4 LT -JEWEL-,19939.73,MASSOL
BM250,BARNIZ MARINO X 1/4 LT -JEWEL-,2166.82,MASSOL
BM500,BARNIZ MARINO X 1/2 LT -JEWEL-,3948.3,MASSOL
BM1,BARNIZ MARINO X 1 LT -JEWEL-,6444.55,MASSOL
BM4,BARNIZ MARINO X 4 LT -JEWEL-,22563.54,MASSOL
ANT250,ANTIOXIDO P/ HERRERIA X 1/4 LT -JEWEL-,2117.42,MASSOL
ANT500,ANTIOXIDO P/ HERRERIA X 1/2 LT -JEWEL-,3849.51,MASSOL
ANT1,ANTIOXIDO P/ HERRERIA X 1 LT -JEWEL-,6249.7,MASSOL
ANT4,ANTIOXIDO P/ HERRERIA X 4 LT -JEWEL-,21784.11,MASSOL
ANT18,ANTIOXIDO P/ HERRERIA X 18 LT -JEWEL-,89477.87,MASSOL
FM500,FONDO P/ MADERA X 1/2 LT -JEWEL-,4217.9,MASSOL
FM1,FONDO P/ MADERA X 1 LT -JEWEL-,6976.29,MASSOL
FM4,FONDO P/ MADERA X 4 LT -JEWEL-,24690.48,MASSOL
PINECO7,PINCEL C/NAC. NEGRA V1 No 7 -EL TUCAN-,706.0,MASSOL
PINECO10,PINCEL C/NAC. NEGRA V1 No 10 -EL TUCAN-,728.0,MASSOL
PINECO15,PINCEL C/NAC. NEGRA V1 No 15 -EL TUCAN-,939.0,MASSOL
PINECO20,PINCEL C/NAC. NEGRA V1 No 20 -EL TUCAN-,1129.0,MASSOL
PINECO25,PINCEL C/NAC. NEGRA V1 No 25 -EL TUCAN-,1405.0,MASSOL
PINECO30,PINCEL C/NAC. NEGRA V1 No 30 -EL TUCAN-,1732.0,MASSOL
PCC7,PINCEL C/CHINA BLANCA V1 No 7 -EL TUCAN-,811.0,MASSOL
PCC10,PINCEL C/CHINA BLANCA V1 No 10 -EL TUCAN-,835.0,MASSOL
PCC15,PINCEL C/CHINA BLANCA V1 No 15 -EL TUCAN-,1043.0,MASSOL
PCC20,PINCEL C/CHINA BLANCA V1 No 20 -EL TUCAN-,1315.0,MASSOL
PCC25,PINCEL C/CHINA BLANCA V1 No 25 -EL TUCAN-,1688.0,MASSOL
PCC30,PINCEL C/CHINA BLANCA V1 No 30 -EL TUCAN-,2099.0,MASSOL
PCCP7,PINCEL C/CHINA LARGA V2 No 7 PREMIUM -EL TUCAN-,1268.0,MASSOL
PCCP10,PINCEL C/CHINA LARGA V2 No 10 PREMIUM -EL TUCAN-,1448.0,MASSOL
PCCP15,PINCEL C/CHINA LARGA V2 No 15 PREMIUM -EL TUCAN-,2066.0,MASSOL
PCCP20,PINCEL C/CHINA LARGA V2 No 20 PREMIUM -EL TUCAN-,2617.0,MASSOL
PCCP25,PINCEL C/CHINA LARGA V2 No 25 PREMIUM -EL TUCAN-,3059.0,MASSOL
PCCP30,PINCEL C/CHINA LARGA V2 No 30 PREMIUM -EL TUCAN-,3481.0,MASSOL
PG40,PINCELETAS 40-4 GRIS -EL TUCAN-,2092.0,MASSOL
MRE5,RODILLOS MINI EPOXI No 5 -MALVINO-,414.0,MASSOL
MRE8,RODILLOS MINI EPOXI No 8 -MALVINO-,463.0,MASSOL
MRE11,RODILLOS MINI EPOXI No 11 -MALVINO-,501.0,MASSOL
MRF5,RODILLOS MINI FORRADOS No 5 -MALVINO-,480.0,MASSOL
MRF8,RODILLOS MINI FORRADOS No 8 -MALVINO-,526.0,MASSOL
MRF11,RODILLOS MINI FORRADOS No 11 -MALVINO-,581.0,MASSOL
RA17,RODILLOS ANTIGOTA 17X40 -MALVINO-,1601.0,MASSOL
RA22,RODILLOS ANTIGOTA 22X40 -MALVINO-,1692.0,MASSOL
RL17,RODILLOS PURA LANA 17X40 -MALVINO-,3118.0,MASSOL
RL22,RODILLOS PURA LANA 22X40 -MALVINO-,3294.0,MASSOL
RLC17,RODILLOS LANA PREMIUM 17 X 40 -MALVINO-,4820.0,MASSOL
RLC22,RODILLOS LANA PREMIUM 22 X 40 -MALVINO-,5139.0,MASSOL
RS17,RODILLOS SINTETICO 17X40 -MALVINO-,1479.0,MASSOL
RS22,RODILLOS SINTETICO 22X40 -MALVINO-,1577.0,MASSOL
RPLY17,RODLLO POLYESTER 17X40 -MALVINO-,1470.0,MASSOL
RPLY22,RODILLO POLYESTER 22X 40 -MALVINO-,1541.0,MASSOL
RE17,RODILLO EPOXI 17 X 40 -MALVINO-,1727.0,MASSOL
RE22,RODILLO EPOXI 22X 40 -MALVINO-,1806.0,MASSOL
100 M,"PRECINTOS MINI 2,5 X 100 MM -CRECCHIO-",821.0,MASSOL
150 I,"PRECINTOS INTERMEDIO 3,6 X 150 -CRECCHIO-",1842.0,MASSOL
200 ST,"PRECINTOS STANDARD 4,8 X 200 -CRECCHIO-",3445.0,MASSOL
250 ST,"PRECINTOS STANDARD 4,8 X 250 -CRECCHIO-",4820.0,MASSOL
300 ST,"PRECINTOS STANDARD 4,8 X 300 -CRECCHIO-",5827.0,MASSOL
350 ST,"PRECINTOS STANDARD 4,8 X 350 -CRECCHIO-",7796.0,MASSOL
400 ST,"PRECINTOS STANDARD 4,8 X 400 -CRECCHIO-",8701.0,MASSOL
300 HD,"PRECINTOS REFORZADOS 7,5 X 300 -CRECCHIO-",9876.0,MASSOL
350 HD,"PRECINTOS REFORZADOS 7,5 X 350 -CRECCHIO-",12684.0,MASSOL
400 HD,"PRECINTOS REFORZADOS 7,5 X 400 -CRECCHIO-",14784.0,MASSOL
450 HD,"PRECINTOS REFORZADOS 7,5 X 450 -CRECCHIO-",8485.0,MASSOL
500 HD,"PRECINTOS REFORZADOS 7,5 X 500 -CRECCHIO-",11000.0,MASSOL
550 HD,"PRECINTOS REFORZADOS 7,5 X 550 -CRECCHIO-",13226.0,MASSOL
600 HD,"PRECINTOS REFORZADOS 7,5 X 600 -CRECCHIO-",14439.0,MASSOL
400 SR,"PRECINTOS SUPER REFORZADOS 9,5 X 400 -CRECCHIO-",9599.0,MASSOL
450 SR,"PRECINTOS SUPER REFORZADOS 9,5 X 450 -CRECCHIO-",11025.0,MASSOL
500 SR,"PRECINTOS SUPER REFORZADOS 9,5 X 500 -CRECCHIO-",14300.0,MASSOL
550 SR,"PRECINTOS SUPER REFORZADOS 9,5 X 550 -CRECCHIO-",17191.0,MASSOL
600 SR,"PRECINTOS SUPER REFORZADOS 9,5 X 600 -CRECCHIO-",18774.0,MASSOL
400 ST GRIS,"PRECINTOS GRIS TAZA AUTOS 4,8 X 350 -CRECCHIO-",7796.0,MASSOL
CA6,TARUGOS CON ARANDELA No 6 CAJA X 100 -CRECCHIO-,1556.0,MASSOL
CA8,TARUGOS CON ARANDELA No 8 CAJA X 50 -CRECCHIO-,2718.0,MASSOL
CA10,TARUGOS CON ARANDELA No 10 CAJA X 25 -CRECCHIO-,2682.0,MASSOL
TC6,TARUGO 3 CORTES No6 CAJA X 100 -CRECCHIO-,3772.0,MASSOL
TC8,TARUGO 3 CORTES No8 CAJA X 50 -CRECCHIO-,3274.0,MASSOL
TC10,TARUGO 3 CORTES No 10 CAJA X 25 -CRECCHIO-,2921.0,MASSOL
TC6G,TARUGO 3 CORTES No 6 BOLSA X 1000 -CRECCHIO-,33892.0,MASSOL
TC8G,TARUGO 3 CORTES No 8 BOLSA X 1000 -CRECCHIO-,58851.0,MASSOL
TC10G,TARUGO 3 CORTES No 10 BOLSA X 500 -CRECCHIO-,52554.0,MASSOL
TC12G,TARUGO 3 CORTES No 12 BOLSA X 250 -CRECCHIO-,45266.0,MASSOL
BM6,TARUGO ESTANDAR BOLSA MAXI No6 X 2000 -CRECCHIO-,17791.0,MASSOL
BM8,TARUGO ESTANDAR BOLSA MAXI No8 X 1000 -CRECCHIO-,18566.0,MASSOL
BM10,TARUGO ESTANDAR BOLSA MAXI No 10 X 500 -CRECCHIO-,17948.0,MASSOL
BM12,TARUGO ESTANDAR BOLSA MAXI No 12 X 250 -CRECCHIO-,18526.0,MASSOL
BMA6,TARUGO CON ARANDELA BOLSA No 6 X 2000 -CRECCHIO-,22783.0,MASSOL
BMA8,TARUGO CON ARANDELA BOLSA No 8 X 1000 -CRECCHIO-,23154.0,MASSOL
BMA10,TARUGO CON ARANDELA BOLSA No 10 X 500 -CRECCHIO-,21150.0,MASSOL
BMA12,TARUGO CON ARANDELA BOLSA No 12 X 250 -CRECCHIO-,23419.0,MASSOL
HD10G,TARUGO PARA DURLOCK No 10 -CRECCHIO-,53471.0,MASSOL
BMDUR,TARUGO DURLOK No 12 -CRECCHIO-,94301.0,MASSOL
7010,BARRE HOJAS CHICO -CRECCHIO-,944.0,MASSOL
7020,BARRE HOJAS GRANDE -CRECCHIO-,2248.0,MASSOL
CR015,"SEPARADORES CRUZ 1,5 MM 250U. -CRECCHIO-",1211.0,MASSOL
CR020,SEPARADORES CRUZ 2 MM 250U. -CRECCHIO-,1211.0,MASSOL
CR025,"SEPARADORES CRUZ 2,5 MM 250 U, -CRECCHIO-",1511.0,MASSOL
CR030,SEPARADORES CRUZ 3 MM 200 U. -CRECCHIO-,1988.0,MASSOL
CR040,SEPARADORES CRUZ 4 MM 200 U. -CRECCHIO-,2078.0,MASSOL
CR055,"SEPARADORES CRUZ 5,5 MM 150 U. -CRECCHIO-",1552.0,MASSOL
CR085,"SEPARADORES CRUZ 8,5MM  50 U. -CRECCHIO-",834.0,MASSOL
CN010,"CUNA NIVELADORA 0,5 A 5 MM 200 U. -CRECCHIO-",1326.0,MASSOL
CD010,CUNA DENTADA 5 A 13 MM 100 U. -CRECCHIO-,3769.0,MASSOL
NS015,"ARCO NIVELADOR 1,5 MM 100 U. -CRECCHIO-",2527.0,MASSOL
PNS,PINZA NIVELADORA -CRECCHIO-,7789.0,MASSOL
BOR100,BORAX P/ SOLDAR PLATA X 100 GR -INSTAL PROF-,601.0,MASSOL
CAÃ‘20,CANAMO PEINADO X 20 GR -INSTAL PROF-,1034.0,MASSOL
DEC60,DECAPANTE 60 CC -INSTAL PROF-,426.0,MASSOL
ESTE100,ESTEARINA EN PANES X 100 GR -INSTAL PROF-,313.0,MASSOL
ESTE250,ESTEARINA EN PANES X 250 GR -INSTAL PROF-,576.0,MASSOL
GL100,GLICERINA PURA X 100 GR -INSTAL PROF-,498.0,MASSOL
GL250,GLICERINA PURA X 250 GR -INSTAL PROF-,1043.0,MASSOL
GL500,GLICERINA PURA X 500 GR -INSTAL PROF-,1689.0,MASSOL
GL1000,GLICERINA PURA X 950 GR -INSTAL PROF-,2978.0,MASSOL
IMP250,IMPRIMADOR X 250 CC -INSTAL PROF-,3874.0,MASSOL
LIT100,LITARGIRIO CANARIO X 100 GR -INSTAL PROF-,1458.0,MASSOL
LIT250,LITARGIRIO CANARIO X 250 GR -INSTAL PROF-,2816.0,MASSOL
LIT500,LITARGIRIO CANARIO X 500 GR -INSTAL PROF-,5442.0,MASSOL
PVC60,PEGAMENTO DE PVC X 60 CC -INSTAL PROF-,920.0,MASSOL
PVC100,PEGAMENTO DE PVC X 100 CC -INSTAL PROF-,1339.0,MASSOL
PVC250,PEGAMENTO DE PVC X 250 CC -INSTAL PROF-,2796.0,MASSOL
PVC500,PEGAMENTO DE PVC X 500 CC -INSTAL PROF-,5114.0,MASSOL
PE125,PINTURA EPOXY X 125 GR -INSTAL PROF-,3978.0,MASSOL
BCK140,KIT BARRAL 22 MM X 140 -PIERO-,3771.0,MASSOL
BCK160,KIT BARRAL 22 MM X 160 -PIERO-,4094.0,MASSOL
BCK180,KIT BARRAL 22 MM X 180 -PIERO-,4323.0,MASSOL
BCK200,KIT BARRAL 22 MM X 200 -PIERO-,4488.0,MASSOL
BCK220,KIT BARRAL 22 MM X 220 -PIERO-,4627.0,MASSOL
BCK240,KIT BARRAL 22 MM X 240 -PIERO-,4884.0,MASSOL
BCK260,KIT BARRAL 22 MM X 260 -PIERO-,5307.0,MASSOL
BCK280,KIT BARRAL 22 MM X 280 -PIERO-,5757.0,MASSOL
BCK300,KIT BARRAL 22 MM X 300 -PIERO-,6384.0,MASSOL
SOP22,SOPORTES 22 MM -PIERO-,761.0,MASSOL
TOP22,TOPES 22 MM -PIERO-,522.0,MASSOL
AR22,ARGOLLAS 22 MM -PIERO-,207.0,MASSOL
KS22,KIT SOLO 22 MM -PIERO-,3241.0,MASSOL
BCK34x140,KIT BARRAL 34 MM X 140 -PIERO-,7025.0,MASSOL
BCK34x160,KIT BARRAL 34 MM X 160 -PIERO-,7419.0,MASSOL
BCK34x180,KIT BARRAL 34 MM X 180 -PIERO-,7872.0,MASSOL
BCK34x200,KIT BARRAL 34 MM X 200 -PIERO-,8139.0,MASSOL
BCK34x220,KIT BARRAL 34 MM X 220 -PIERO-,8765.0,MASSOL
BCK34x240,KIT BARRAL 34 MM X 240 -PIERO-,9342.0,MASSOL
BCK34x260,KIT BARRAL 34 MM X 260 -PIERO-,10798.0,MASSOL
BCK34x280,KIT BARRAL 34 MM X 280 -PIERO-,10803.0,MASSOL
BCK34x300,KIT BARRAL 34 MM X 300 -PIERO-,11647.0,MASSOL
SOP34,SOPORTES 34 MM -PIERO-,1365.0,MASSOL
TOP34,TOPES 34 MM -PIERO-,785.0,MASSOL
AR34,ARGOLLAS 34 MM -PIERO-,232.0,MASSOL
7200820101,"BARRAL ECONOMICO BANO DE 1,15 A 2 MTS BLANCO -DECOR-",4947.0,MASSOL
7200620101,"BARRAL ECONOMICO BANO DE 1,15 A 2 MTS ALUMINIO -DECOR-",4406.0,MASSOL
7210820211,"PACK ANDINO 2 MTS ACERO ZAMAC BLANCO (BARRAL, SOPORTES Y TOPES -DECOR-",6928.0,MASSOL
7210520211,"PACK ANDINO 2 MTS ACERO ZAMAC NEGRO (BARRAL, SOPORTES Y TOPES -DECOR-",7860.0,MASSOL
7210620211,"PACK ANDINO 2 MTS ACERO ZAMAC PLATA (BARRAL, SOPORTES Y TOPES -DECOR-",6928.0,MASSOL
2120700003,SOPORTE CLICK 1/2 -DECOR-,474.0,MASSOL
41207000000,TERMINAL PLASTICO DORADO 1/2 -DECOR-,180.0,MASSOL
101800,PINTURA AMARILLA PINTURIC X 160 GR -PINTURIC-,1963.0,MASSOL
101801,PINTURA ANTIOXIDO PINTURIC X 160GR -PINTURIC-,1963.0,MASSOL
101802,PINTURA AZUL MARINO PINTURIC X 160 GR -PINTURIC-,1963.0,MASSOL
101803,PINTURA AZULEJO PINTURIC X 160 GR -PINTURIC-,1963.0,MASSOL
101804,PINTURA BEIGE PINTURIC X 160 GR -PINTURIC-,1963.0,MASSOL
101805,PINTURA BERMELLON PINTURIC X 160 GR -PINTURIC-,1963.0,MASSOL
101806,PINTURA BLANCO BRILLANTE PINTURIC X 160G -PINTURIC-,1963.0,MASSOL
101807,PINTURA BLANCO MATE PINTURIC X 160 GR -PINTURIC-,1963.0,MASSOL
101808,PINTURA BLANCO SATINADO PINTURIC X 160 -PINTURIC-,1963.0,MASSOL
101809,PINTURA CELESTE PINTURIC X 160 GR -PINTURIC-,1963.0,MASSOL
101810,PINTURA CREMA/MARFIL PINTURIC X 160 GR -PINTURIC-,1963.0,MASSOL
101811,PINTURA ESMERALDA PINTURIC X 160 GR -PINTURIC-,1963.0,MASSOL
101812,PINTURA GRIS ESPACIAL PINTURIC X 160GR -PINTURIC-,1963.0,MASSOL
101813,PINTURA GRIS PERLA PINTURICX 160GR -PINTURIC-,1963.0,MASSOL
101814,PINTURA GRIS OSCURO PINTURIC X 160GR -PINTURIC-,1963.0,MASSOL
101815,PINTURA VERDE CLARO PINTURIC X 160GR -PINTURIC-,1963.0,MASSOL
101816,PINTURA VERDE INGLES PINTURIC X 160GR -PINTURIC-,1963.0,MASSOL
101817,PINTURA VIOLETA PINTURIC X 160GR -PINTURIC-,1963.0,MASSOL
101818,PINTURA MARRON PINTURIC X 160GR -PINTURIC-,1963.0,MASSOL
101819,PINTURA NARANJA PINTURIC X 160 GR -PINTURIC-,1963.0,MASSOL
101820,PINTURA NEGRO MATE PINTURIC X 160 GR -PINTURIC-,1963.0,MASSOL
101821,PINTURA NEGRO BRILLANTE PINTURIC X 160 G -PINTURIC-,1963.0,MASSOL
101822,PINTURA NEGRO SATINADO PINTURIC X 160G -PINTURIC-,1963.0,MASSOL
101823,PINTURA ROSA PINTURIC X 160 GR -PINTURIC-,1963.0,MASSOL
101824,PINTURA TRAFUL PINTURIC X 160 GR -PINTURIC-,1963.0,MASSOL
101825,PINTURA AMARILLO GAS PINTURIC X 160 GR -PINTURIC-,1963.0,MASSOL
101826,PINTURA ORO PINTURIC X 160 GR -PINTURIC-,3773.0,MASSOL
101827,PINTURA PLATA PINTURIC X 160 GR -PINTURIC-,2523.0,MASSOL
101828,PINTURA LACA BRILLANTE PINTURIC X 160 GR -PINTURIC-,2141.0,MASSOL
101829,PINTURA LACA MATE PINTURIC X 160 GR -PINTURIC-,2354.0,MASSOL
101830,PINTURA LACA SATINADA PINTURIC X 160 GR -PINTURIC-,2293.0,MASSOL
101831,PINTURA BARNIZ BRILLANTE PINTURIC X 160G -PINTURIC-,1963.0,MASSOL
101832,PINTURA BARNIZ SATINADO PINTURIC X 160 G -PINTURIC-,1963.0,MASSOL
101833,PINTURA BARNIZ MATE PINTURIC X 160 GR -PINTURIC-,1963.0,MASSOL
101834,PINTURA VIOLETA INTENSSO PINTURICX 160GR -PINTURIC-,1963.0,MASSOL
101835,PINTURA COBRE PINTURIC X 160GR -PINTURIC-,2584.0,MASSOL
101836,PINTURA VERDE MANZANA PINTURIC X 160GR -PINTURIC-,1963.0,MASSOL
101837,PINTURA ALUMINIO PINTURIC X 160GR -PINTURIC-,2523.0,MASSOL
101846,PINTURA ROJO VIVO PINTURIC 160GR -PINTURIC-,1963.0,MASSOL
101850,PINTURA A.TEMP ALUMINIO PINTURIC 160G -PINTURIC-,2584.0,MASSOL
101851,PINTURA A.TEMP NEGRO PINTURIC 160G -PINTURIC-,4992.0,MASSOL
101860,PINTURA REMOVIBLE X 300ML AQUA MARINE -STH HOME-,2070.0,MASSOL
101861,PINTURA REMOVIBLE X 300ML GRIS ACERO -STH HOME-,2070.0,MASSOL
101862,PINTURA REMOVIBLE X 300ML AMARILLO -STH HOME-,2070.0,MASSOL
101863,PINTURA REMOVIBLE X 300ML BLANCO -STH HOME-,2070.0,MASSOL
101864,PINTURA REMOVIBLE X 300ML ESMERILADO -STH HOME-,2070.0,MASSOL
101865,PINTURA REMOVIBLE X 300ML ROJO -STH HOME-,2070.0,MASSOL
101866,PINTURA REMOVIBLE X 300ML NEGRO -STH HOME-,2070.0,MASSOL
101867,PINTURA REMOVIBLE X 300ML VIOLETA -STH HOME-,2070.0,MASSOL
101868,PINTURA REMOVIBLE X 300ML CELESTE -STH HOME-,2070.0,MASSOL
101869,PINTURA REMOVIBLE X 300ML ROSA -STH HOME-,2070.0,MASSOL
101870,PINTURA REMOVIBLE X 300ML VERDE -STH HOME-,2070.0,MASSOL
101871,PINTURA REMOVIBLE X 300ML NARANJA -STH HOME-,2070.0,MASSOL
101872,PINTURA FLUOR X160GR NARANJA -PINTURIC-,2815.0,MASSOL
101873,PINTURA FLUOR X160GR VERDE -PINTURIC-,2815.0,MASSOL
101874,PINTURA FLUOR X160GR AMARILLO -PINTURIC-,2815.0,MASSOL
101875,PINTURA FLUOR X160GR ROJO -PINTURIC-,2815.0,MASSOL
101900,PINTURA AMARILLA PINTURIC 350ML-250GR -PINTURIC-,2858.0,MASSOL
101901,PINTURA ANTIOXIDO PINTURIC 350ML-250GR -PINTURIC-,2858.0,MASSOL
101902,PINTURA AZUL MARINO PINTURIC 350ML-250GR -PINTURIC-,2858.0,MASSOL
101903,PINTURA AZULEJO PINTURIC 350ML-250GR -PINTURIC-,2858.0,MASSOL
101904,PINTURA BEIGE PINTURIC 350ML-250GR -PINTURIC-,2858.0,MASSOL
101905,PINTURA BERMELLON PINTURIC 350ML-250GR -PINTURIC-,2858.0,MASSOL
101906,PINTURA BLANCO PINTURIC 350ML-250GR -PINTURIC-,2858.0,MASSOL
101907,PINTURA BLANCO MATE PINTURIC 350ML-250GR -PINTURIC-,2858.0,MASSOL
101908,PINTURA BLANCO SAT PINTURIC 350ML-250GR -PINTURIC-,2858.0,MASSOL
101909,PINTURA CELESTE PINTURIC 350ML-250GR -PINTURIC-,2858.0,MASSOL
101910,PINTURA CREMA PINTURIC 350ML-250GR -PINTURIC-,2858.0,MASSOL
101911,PINTURA ESMERALDA PINTURIC 350ML-250GR -PINTURIC-,2858.0,MASSOL
101912,PINTURA GRIS ESPACIAL PINTURIC 350ML-250 -PINTURIC-,2858.0,MASSOL
101913,PINTURA GRIS PERLA PINTURIC 350ML-250GR -PINTURIC-,2858.0,MASSOL
101914,PINTURA GRIS OSCURO PINTURIC 350ML-250GR -PINTURIC-,2858.0,MASSOL
101915,PINTURA VERDE CLARO PINTURIC 350ML-250GR -PINTURIC-,2858.0,MASSOL
101916,PINTURA VERDE INGLES PINTURIC 350ML-250G -PINTURIC-,2858.0,MASSOL
101917,PINTURA VIOLETA PINTURIC 350ML-250GR -PINTURIC-,2858.0,MASSOL
101918,PINTURA MARRON PINTURIC 350ML-250GR -PINTURIC-,2858.0,MASSOL
101919,PINTURA NARANJA PINTURIC 350ML-250GR -PINTURIC-,2858.0,MASSOL
101920,PINTURA NEGRO SAT. PINTURIC 350ML-250GR -PINTURIC-,2858.0,MASSOL
101921,PINTURA NEGRO PINTURIC 350ML-250GR -PINTURIC-,2858.0,MASSOL
101922,PINTURA NEGRO MATE PINTURIC 350ML-250GR -PINTURIC-,2858.0,MASSOL
101923,PINTURA ROSA PINTURIC 350ML-250GR -PINTURIC-,2858.0,MASSOL
101924,PINTURA TRAFUL PINTURIC 350ML-250GR -PINTURIC-,2858.0,MASSOL
101925,PINTURA AMARILLO GAS PINTURIC 350ML-250G -PINTURIC-,2858.0,MASSOL
101926,PINTURA ORO PINTURIC 350ML-250GR -PINTURIC-,5688.0,MASSOL
101927,PINTURA PLATA PINTURIC 350ML-250GR -PINTURIC-,3734.0,MASSOL
101928,PINTURA LACA BRILL.PINTURIC 350ML-250GR -PINTURIC-,3138.0,MASSOL
101931,PINTURA BARNIZ PINTURIC 350ML-250GR -PINTURIC-,2858.0,MASSOL
101932,PINTURA BARNIZ SAT. PINTURIC 350ML-250GR -PINTURIC-,2858.0,MASSOL
101933,PINTURA BARNIZ MATE PINTURIC 350ML-250GR -PINTURIC-,2858.0,MASSOL
101934,PINTURA VIOLETA INT. PINTURIC 350ML-250G -PINTURIC-,2858.0,MASSOL
101935,PINTURA COBRE PINTURIC 350ML-250GR -PINTURIC-,3830.0,MASSOL
101936,PINTURA VERDE MANZANA PINTURIC 350ML-250 -PINTURIC-,3479.0,MASSOL
101937,PINTURA ALUMINIO PINTURIC 350ML-250GR -PINTURIC-,3734.0,MASSOL
101946,PINTURA ROJO VIVO PINTURIC 350ML-250GR -PINTURIC-,2858.0,MASSOL
101950,PINTURA A.TEMP ALUM. PINTURIC 350ML-250G -PINTURIC-,3828.0,MASSOL
101951,PINTURA A.TEMP NEGRO PINTURIC 350ML-250G -PINTURIC-,7592.0,MASSOL
316,PENETRIT 10 FUNCIONES X 163 GR -PENETRIT-,2687.0,MASSOL
318,PENETRIT 10 FUNCIONES X 290 GR -PENETRIT-,4182.0,MASSOL
302,DESOX. ANTICORROSIVO TRADICIONAL X 163 GR -PENETRIT-,3117.0,MASSOL
303,DESOX. ANTICORROSIVO TRADICIONAL X 290 GR -PENETRIT-,5186.0,MASSOL
101,DESOX. ANTICORROSIVO TRADICIONAL ACEITERA X 100 CC -PENETRIT-,1510.0,MASSOL
106,DESOX. ANTICORROSIVO TRADICIONAL X 500 CC -PENETRIT-,5611.0,MASSOL
103,DESOX. ANTICORROSIVO TRADICIONAL X 1 LT -PENETRIT-,10778.0,MASSOL
104,DESOX. ANTICORROSIVO TRADICIONAL X 5 LT -PENETRIT-,46055.0,MASSOL
860,DESENGRASANTE DE ACCION PROFUNDA X 145 GR -PENETRIT-,2765.0,MASSOL
505,GEL LIMPIADOR INTEGRAL X 500 GR -PENETRIT-,2428.0,MASSOL
503,GEL LIMPIADOR INTEGRAL X 1 KG -PENETRIT-,3787.0,MASSOL
504,GEL LIMPIADOR INTEGRAL X 5 KG -PENETRIT-,12274.0,MASSOL
802,GRAFITO SPRAY AEROSOL X 115 GR -PENETRIT-,3641.0,MASSOL
801,GRASA BLANCA AEROSOL X 180 GR -PENETRIT-,4171.0,MASSOL
311,GRASA DE LITIO ROJA AEROSOL X 180 GR -PENETRIT-,3521.0,MASSOL
402,GRASA DE LITIO ROJA X 100 GR -PENETRIT-,2014.0,MASSOL
409,GRASA DE LITIO ROJA X 250 GR -PENETRIT-,3931.0,MASSOL
413,GRASA DE LITIO ROJA X 450 GR -PENETRIT-,6292.0,MASSOL
405,GRASA DE LITIO ROJA X 1 KG -PENETRIT-,12097.0,MASSOL
312,GRASA GRAFITADA AEROSOL X 180 GR -PENETRIT-,3539.0,MASSOL
403,GRASA GRAFITADA X 100 GR -PENETRIT-,1789.0,MASSOL
410,GRASA GRAFITADA X 250 GR -PENETRIT-,3289.0,MASSOL
414,GRASA GRAFITADA X 450 GR -PENETRIT-,5594.0,MASSOL
406,GRASA GRAFITADA X 1 KG -PENETRIT-,9761.0,MASSOL
408,GRASA SUPER LITIO RODAM AMBAR X 100 GR -PENETRIT-,2222.0,MASSOL
411,GRASA SUPER LITIO RODAM AMBAR X 250 GR -PENETRIT-,4244.0,MASSOL
415,GRASA SUPER LITIO RODAM AMBAR X 450 GR -PENETRIT-,6772.0,MASSOL
407,GRASA SUPER LITIO RODAM AMBAR X 1 KG -PENETRIT-,13166.0,MASSOL
843,LIMPIA CONTACTOS X 120 GR -PENETRIT-,3874.0,MASSOL
841,LIMPIA CONTACTOS X 200 GR -PENETRIT-,5255.0,MASSOL
280,REMOVEDOR DE PARTICULAS CHAU POLVO X 200 GR -PENETRIT-,9104.0,MASSOL
281,ALCOHOL ISOPROPILICO CHAU POLVO X 290 GR -PENETRIT-,4254.0,MASSOL
325,LUBRICANTE CON PTFE X 163 GR -PENETRIT-,3492.0,MASSOL
317,LUBRICANTE MULTIUSO X 163 GR -PENETRIT-,2652.0,MASSOL
322,LUBRICANTE MULTIUSO X 290 GR -PENETRIT-,4147.0,MASSOL
862,LUBRICANTE SECO X 115 GR -PENETRIT-,5339.0,MASSOL
852,MECANISMOS DE PRECISION X 170 GR -PENETRIT-,3458.0,MASSOL
854,PASACABLES X 170 GR -PENETRIT-,3528.0,MASSOL
803,VASELINA SPRAY X 170 GR -PENETRIT-,3643.0,MASSOL
961,DESTAPA CANERIAS PENETRIT PLUS X 500 CM3 -PENETRIT-,1826.0,MASSOL
960,DESTAPA CANERIAS PENETRIT PLUS X 1 LT -PENETRIT-,2884.0,MASSOL
971,QUITA SARRO Y OXIDO PENETRIT PLUS X 500 CM3 -PENETRIT-,1951.0,MASSOL
970,QUITA SARRO Y OXIDO PENETRIT PLUS X 1 LT -PENETRIT-,3029.0,MASSOL
980,LIMPIA RESTOS MATERIALES PENETRIT PLUS X 1 LT -PENETRIT-,2664.0,MASSOL
1006,DESINCRUSTANTE C/ ACIDO MURIATICO AX6 X 1 LT -PENETRIT-,2830.0,MASSOL
113,LUBRICANTE MULTIUSO HIDRAULICO ACEITERA X 100 CM3 -PENETRIT-,1174.0,MASSOL
110,LUBRICANTE MULTIUSO HIDRAULICO ACEITERA X 30 CM3 -PENETRIT-,788.0,MASSOL
202,LUBRICANTE TEXTIL ACEITERA X 100 CM3 -PENETRIT-,1388.0,MASSOL
853,DESLIZA FACIL X 170 GR -PENETRIT-,3383.0,MASSOL
401,GRASA AMARILLA X 100 GR -PENETRIT-,1413.0,MASSOL
412,GRASA AMARILLA X 250 GR -PENETRIT-,2480.0,MASSOL
913,DESTAPA CANERIAS X 500 CM3 -PENETRIT-,1499.0,MASSOL
915,DESTAPA CANERIAS X 1 LT -PENETRIT-,2395.0,MASSOL
919,QUITA SARRO Y OXIDO X 500 CM3 -PENETRIT-,1794.0,MASSOL
920,QUITA SARRO Y OXIDO X 1 LT -PENETRIT-,2921.0,MASSOL
770,LUBRIC CADENAS (HUMEDO) ACEITERA X 110 CM3 -PENETRIT-,2357.0,MASSOL
771,LUBRIC CADENAS (SECO) ACEITERA X 110 CM3 -PENETRIT-,2690.0,MASSOL
772,SOLUCION ESPUMA LIMPIADORA X 500 CM3 -PENETRIT-,2544.0,MASSOL
772R,SOLUCION ESPUMA LIMPIADORA REPUESTO X 500 CM3 -PENETRIT-,2091.0,MASSOL
773,DESENGRASANTE ALTO PODER X 500 CM3 -PENETRIT-,5769.0,MASSOL
773R,DESENGRASANTE ALTO PODER REPUIESTO X 500 CM3 -PENETRIT-,4658.0,MASSOL
775,DESENGRASANTE ALTO PODER AEROSOL X 250 GR -PENETRIT-,4158.0,MASSOL
774,PROTECTOR DE CUADRO X 500 CM3 -PENETRIT-,3339.0,MASSOL
791,CEPILLO DE LIMPIEZA DE CERDAS SUAVES -PENETRIT-,2725.0,MASSOL
792,CEPILLO DE LIMPIEZA DE CERDAS DURAS -PENETRIT-,2364.0,MASSOL
795,MANOPLA DE TOALLA MULTIUSOS -PENETRIT-,3000.0,MASSOL
796,PANO DE MICROFIBRA -PENETRIT-,2889.0,MASSOL
780,LUBRIC CADENAS (TERRENO HUMEDO) CON BIO-T -PENETRIT-,45139.0,MASSOL
781,LUBRIC CADENAS (TERRENO SECO) CON PTFE -PENETRIT-,56724.0,MASSOL
782,SOLUCION ESPUMA LIMPIADORA CON SURF-D -PENETRIT-,10914.0,MASSOL
783,DESENGRASANTE DE ALTO PODER CON ORANGE-T -PENETRIT-,42358.0,MASSOL
784,PROTECTOR DE CUADRO CON TREME-T -PENETRIT-,24719.0,MASSOL
797,KIT BIKE BASICO MANTEN SECO -PENETRIT-,8813.0,MASSOL
798,KIT BIKE BASICO MANTEN HUMEDO -PENETRIT-,8494.0,MASSOL
799,KIT BIKE FULL -PENETRIT-,26567.0,MASSOL
316,PENETRIT 10 FUNCIONES X 163 GR -PENETRIT-,2687.0,MASSOL
318,PENETRIT 10 FUNCIONES X 290 GR -PENETRIT-,4182.0,MASSOL
401,GRASA AMARILLA X 100 GR -PENETRIT-,1413.0,MASSOL
412,GRASA AMARILLA X 250 GR -PENETRIT-,2480.0,MASSOL
404,GRASA AMARILLA X 1 KG -PENETRIT-,7546.0,MASSOL
660,LUBRICANTE EN GRASA PARA CADENAS -PENETRIT-,4531.0,MASSOL
662,LIMPIADOR DE FRENOS -PENETRIT-,5383.0,MASSOL
663,LIMPIADOR DE CADENAS -PENETRIT-,5324.0,MASSOL
664,SILICONA BRILLO & PROTECCION  X 212 GR -PENETRIT-,3409.0,MASSOL
921,POLISH PARA AUTOS X 500 CM3 -PENETRIT-,3399.0,MASSOL
923,SILICONA X 500 CM3 -PENETRIT-,5368.0,MASSOL
924,SILICONA X 250 CM3 -PENETRIT-,3175.0,MASSOL
925,REVIVIDOR DE NEGRO X 500 CM3 -PENETRIT-,2819.0,MASSOL
928,SHAMPOO PARA AUTOS X 500 CM3 -PENETRIT-,3046.0,MASSOL
929,LAVA LUSTRE X 500 CM3 -PENETRIT-,2297.0,MASSOL
930,LAVA PARABRISAS X 500 CM3 -PENETRIT-,2645.0,MASSOL
931,SILICONA FRUTAS CITRICAS X 260 GR -PENETRIT-,3505.0,MASSOL
932,SILICONA CAMPOS DE LAVANDA X 260 GR -PENETRIT-,3505.0,MASSOL
933,SILICONA BOSQUES DEL SUR X 260 GR -PENETRIT-,3505.0,MASSOL
934,SILICONA MANZANAS VERDES X 260 GR -PENETRIT-,3505.0,MASSOL
935,SILICONA FLORES SILVESTRES X 260 GR -PENETRIT-,3505.0,MASSOL
946,SILICONA CEREZAS X 260 GR -PENETRIT-,3505.0,MASSOL
947,SILICONA VAINILLA PRIDE X 260 GR -PENETRIT-,3505.0,MASSOL
936,SILICONA PREMIUM X 95 GR -PENETRIT-,2419.0,MASSOL
937,SILICONA PREMIUM X 260 GR -PENETRIT-,3723.0,MASSOL
813,CERA ABRILLANTADORA X 280 GR -PENETRIT-,3736.0,MASSOL
520,PASTA DESENGRASANTE ACC PROFUNDA X 750 GR -PENETRIT-,2632.0,MASSOL
521,"PASTA DESENGRASANTE ACC PROFUNDA X 1,5 KG -PENETRIT-",3672.0,MASSOL
522,PASTA DESENGRASANTE ACC PROFUNDA X 4 KG -PENETRIT-,8843.0,MASSOL
821,LIMPIA MOTOR X 163 GR -PENETRIT-,2877.0,MASSOL
822,REMOVEDOR DE ASFALTO Y ALQUITRAN X 163 GR -PENETRIT-,2803.0,MASSOL
823,PROTECTOR DE CORREAS X 175 GR -PENETRIT-,2622.0,MASSOL
855,PENETRIT BURLETES X 175 GR -PENETRIT-,2458.0,MASSOL
105,LUBRICANTE PARA ARMAS ACEITERA X 100 CM3 -PENETRIT-,1803.0,MASSOL
305,LUBRICANTE PARA ARMAS X 163 GR -PENETRIT-,3203.0,MASSOL
101000,LUBRICANTE MULTIUSO X 163G MECANIC -MECANIC 50-,1934.0,MASSOL
101001,LUBRICANTE MULTIUSO X 290G MECANIC -MECANIC 50-,2786.0,MASSOL
101002,AFLOJA TUERCAS AEROSOL X 163G MECANIC -MECANIC 50-,2296.0,MASSOL
101003,AFLOJA TUERCAS AEROSOL X 290G MECANIC -MECANIC 50-,3238.0,MASSOL
101004,LUBRICANTE DESOX.GRAFITADO 163G MECANIC -MECANIC 50-,2861.0,MASSOL
101005,ANTI.DE CORREA AEROSOL X 163GR MECANIC -MECANIC 50-,2387.0,MASSOL
101006,ANTI.DE CORREA AEROSOL X 290G MECANIC -MECANIC 50-,3253.0,MASSOL
101007,LUBRICANTE MULTIPROPOSITO C/PTFE X 163 G -MECANIC 50-,2245.0,MASSOL
101008,LUBRICANTE MULTIPROPOSITO C/PTFE X 290GR -MECANIC 50-,3117.0,MASSOL
101009,GRASA DE LITIO AEROSOL X 170 G MECANIC -MECANIC 50-,2493.0,MASSOL
101010,GRASA GRAFITADA AEROSOL X 170 G MECANIC -MECANIC 50-,2676.0,MASSOL
101011,GRAFITO POLVO SECO AEROSOL MECAN X 115 G -MECANIC 50-,2676.0,MASSOL
101020,LUBRICANTE PREMIUN EN AEROSOL X 200GR -MECANIC 50-,4065.0,MASSOL
101200,LIMPIA CONTACTO AEROSOL MECANIC X 150 G -MECANIC 50-,2373.0,MASSOL
101201,AIRE COMPRIMIDO AEROSOL MECANIC X 300GR -MECANIC 50-,9229.0,MASSOL
101202,LIMPIA CONTACTO ISOPROP MECANIC X 280 G -MECANIC 50-,5305.0,MASSOL
101300,LUBRICANTE CADENA MOTO X 150GR MOTONIC -MECANIC 50-,2490.0,MASSOL
101301,LUBRICANTE CADENA MOTO X 260GR MOTONIC -MECANIC 50-,3177.0,MASSOL
101302,ACEITE PARA FILTRO AEROSOL X 150G MOTONI -MECANIC 50-,2395.0,MASSOL
101303,ARRANCA MOTORES AEROSOL X 260G MOTONIC -MECANIC 50-,4353.0,MASSOL
101304,INFLA REPARA NEUMATICO X 300GR MOTONIC -MECANIC 50-,6841.0,MASSOL
101310,SILICONA FRESIAS X 260G MOTONIC -MECANIC 50-,3256.0,MASSOL
101311,SILICONA LIMON X 260G MOTONIC -MECANIC 50-,3384.0,MASSOL
101312,SILICONA MANZANA X 260G MOTONIC -MECANIC 50-,3324.0,MASSOL
101313,SILICONA VAINILLA X 260G MOTONIC -MECANIC 50-,3360.0,MASSOL
101314,SILICONA PINO X 260G MOTONIC -MECANIC 50-,3281.0,MASSOL
101315,SILICONA LAVANDA X 260G MOTONIC -MECANIC 50-,3310.0,MASSOL
101320,LIMPIA FRENOS MOTONIC-50 X 290GR -MECANIC 50-,3069.0,MASSOL
101321,LIMPIA TAPIZADOS MOTONIC X 410GR -MECANIC 50-,2901.0,MASSOL
101322,LAVAMOTORES MOTONIC X 290GR -MECANIC 50-,4457.0,MASSOL
101323,CERA ABRILLANTADORA MOTONIC X 360GR -MECANIC 50-,4058.0,MASSOL
101324,LIMPIA INYECTORES Y.MARI MOTONIC X 290GR -MECANIC 50-,5083.0,MASSOL
101350,LUBRICANTE PARA CINTAS DE CORRER X 220G -MECANIC 50-,4224.0,MASSOL
101401,DESMOLDANTE DE MATRICES MECANIC X 220G -MECANIC 50-,3951.0,MASSOL
101402,ANTIADHERENTE SOLDADURA AEROSOL X 260GR -MECANIC 50-,6055.0,MASSOL
101450,LUBRICANTE PARA CANOS X 240GR MECANIC -MECANIC 50-,2913.0,MASSOL
101451,ADHESIVO PARA PVC ADHEMATIC X 150GR -MECANIC 50-,4300.0,MASSOL
101460,LUBRICANTE PARA ARMAS EN AEROSOL X163 GRS -MECANIC 50-,3182.0,MASSOL
101461,LIMPIADOR ARMAS X 163GR MECANIC -MECANIC 50-,2597.0,MASSOL
101462,DESENGRASANTE DE ARMAS EN AEROSOL X 163 GRS -MECANIC 50-,2150.0,MASSOL
101500,ACEITERA MULTIUSO X 100 ML MECANIC -MECANIC 50-,847.0,MASSOL
101501,ACEITERA PARA ARMAS X 100 ML -MECANIC 50-,1379.0,MASSOL
101502,ACEITERA TEXTIL X 100 ML -MECANIC 50-,1508.0,MASSOL
101503,ACEITERA DESOXIDANTE X 100 ML -MECANIC 50-,1195.0,MASSOL
101504,ACEITERA PARA BICICLETAS X 100 ML -MECANIC 50-,916.0,MASSOL
101505,LUBRICANTE MULTIUSO X 5 LTS MECANIC -MECANIC 50-,26104.0,MASSOL
101506,AFLOJA TUERCAS X  5 LTS MECANIC -MECANIC 50-,31582.0,MASSOL
101510,GRASA DE LITIO ROJA EP2 X 100 GR -MECANIC 50-,1155.0,MASSOL
101511,GRASA DE LITIO ROJA EP2 X 250 GR -MECANIC 50-,2351.0,MASSOL
101512,GRASA DE LITIO ROJA EP2 X 450 GR -MECANIC 50-,4153.0,MASSOL
101513,GRASA DE LITIO ROJA EP2 X 800 GR -MECANIC 50-,6788.0,MASSOL
101514,GRASA DE LITIO ROJA EP2 X 4 KG -MECANIC 50-,33463.0,MASSOL
101515,GRASA DE LITIO ROJA EP2 X 18 KG -MECANIC 50-,140955.0,MASSOL
101520,GRASA GRAFITADA X 100 GR -MECANIC 50-,1443.0,MASSOL
101521,GRASA GRAFITADA X 250 GR -MECANIC 50-,3070.0,MASSOL
101522,GRASA GRAFITADA X 450 GR -MECANIC 50-,5447.0,MASSOL
101523,GRASA GRAFITADA X 800 GR -MECANIC 50-,9089.0,MASSOL
101524,GRASA GRAFITADA X 4 KG -MECANIC 50-,44966.0,MASSOL
101525,GRASA GRAFITADA X 18 KG -MECANIC 50-,192718.0,MASSOL
101530,GRASA DE RODAMIENTO X 100GR -MECANIC 50-,1275.0,MASSOL
101531,GRASA DE RODAMIENTO X 250 GR -MECANIC 50-,2652.0,MASSOL
101532,GRASA DE RODAMIENTO X 450 GR -MECANIC 50-,4695.0,MASSOL
101533,GRASA DE RODAMIENTO X 800 GR -MECANIC 50-,7751.0,MASSOL
101534,GRASA DE RODAMIENTO X 4 KG -MECANIC 50-,38279.0,MASSOL
101535,GRASA DE RODAMIENTO X 18 KG -MECANIC 50-,150923.0,MASSOL
101540,GRASA MULTIUSO X 100 GR -MECANIC 50-,1152.0,MASSOL
101541,GRASA MULTIUSO X 250 GR -MECANIC 50-,2542.0,MASSOL
101542,GRASA MULTIUSO X 450 GR -MECANIC 50-,4442.0,MASSOL
101543,GRASA MULTIUSO X 800 GR -MECANIC 50-,6761.0,MASSOL
101544,GRASA MULTIUSO X 4 KG -MECANIC 50-,33329.0,MASSOL
101545,GRASA MULTIUSO X 18 KG -MECANIC 50-,128649.0,MASSOL
101550,GRASA VASELINADA X 100 GR -MECANIC 50-,1324.0,MASSOL
101551,GRASA VASELINADA X 250 GR -MECANIC 50-,2596.0,MASSOL
101552,GRASA VASELINADA X 450 GR -MECANIC 50-,4539.0,MASSOL
101553,GRASA VASELINADA X 800 GR -MECANIC 50-,7276.0,MASSOL
101554,GRASA VASELINADA X 4 KG -MECANIC 50-,30551.0,MASSOL
101555,GRASA VASELINADA X 18 KG -MECANIC 50-,132527.0,MASSOL
101600,GEL LIMPIADOR CITRICO X 500GR MECANIC -MECANIC 50-,2802.0,MASSOL
101601,GEL LIMPIADOR CITRICO X 1 KG MECANIC -MECANIC 50-,5401.0,MASSOL
101602,GEL LIMPIADOR CITRICO X 4 KG MECANIC -MOTONIC-,21428.0,MASSOL
101603,GEL LIMPIADOR CITRICO X 18 KG MECANIC -MOTONIC-,85122.0,MASSOL
101630,CREMA LIMPIADORA NARANJA X 500GR MECANIC -MOTONIC-,2999.0,MASSOL
101631,CREMA LIMPIADORA NARANJA X 1 KG MECANIC -MOTONIC-,5505.0,MASSOL
101632,CREMA LIMPIADORA NARANJA X 4 KG MECANIC -MOTONIC-,21565.0,MASSOL
101633,CREMA LIMPIADORA NARANJA X 20KG MECANIC -MOTONIC-,84440.0,MASSOL
101700,DESTAPA CANERIAS C/PLUS CHILDREN X 500ML -MOTONIC-,1253.0,MASSOL
101701,DESTAPA CANERIAS C/PLUS CHILDREN X 1 LT -MECANIC 50-,1983.0,MASSOL
101710,QUITASARRO C/PLUS CHILDREN X 500 ML -MECANIC 50-,1243.0,MASSOL
101711,QUITASARRO C/PLUS CHILDREN X 1 LT -MECANIC 50-,1938.0,MASSOL
100 140 04,CANO ZINCADO ECONOMICO 1/2 VARILLA 4 MTS - VALOR X MT -SABELCORT-,1807.0,MASSOL
110 311 02,SOPORTE LARGO CERRADO BRONCEADO 1/2 - UNIDAD -SABELCORT-,378.0,MASSOL
110 321 02,SOPORTE LARGO ABIERTO BRONCEADO 1/2 - UNIDAD -SABELCORT-,378.0,MASSOL
110 211 02,SOPORTE MEDIO CERRADO BRONCEADO 1/2 - UNIDAD -SABELCORT-,378.0,MASSOL
110 221 02,SOPORTE MEDIO ABIERTO BRONCEADO 1/2 - UNIDAD -SABELCORT-,378.0,MASSOL
112 311 02,SOPORTE ZAMAC BRONCEADO LARGO CERRADO 1/2 - UNIDAD -SABELCORT-,1059.0,MASSOL
112 321 02,SOPORTE ZAMAC BRONCEADO LARGO ABIERTO 1/2 - UNIDAD -SABELCORT-,1059.0,MASSOL
120 101 02,SOPORTE LATERAL BRONCEADO 1/2 - UNIDAD -SABELCORT-,1930.0,MASSOL
121 201 02,SOPORTE DE CODO BRONCEADO 1/2 - UNIDAD -SABELCORT-,2093.0,MASSOL
130 211 02,SOPORTE MENSULA DOBLE CERRADA BRONCEADO 1/2 - UNIDAD -SABELCORT-,2535.0,MASSOL
109 010 02,TERMINAL BRONCEADO 1/2 - 50 UNIDAD -SABELCORT-,13588.0,MASSOL
100 240 04,CANO ZINCADO ECONOMICO 5/8 VARILLA 4 MTS - VALOR X MT -SABELCORT-,2118.0,MASSOL
110 312 02,SOPORTE LARGO CERRADO BRONCEADO 5/8 - UNIDAD -SABELCORT-,424.0,MASSOL
110 322 02,SOPORTE LARGO ABIERTO BRONCEADO 5/8 - UNIDAD -SABELCORT-,424.0,MASSOL
110 212 02,SOPORTE MEDIO CERRADO BRONCEADO 5/8 - UNIDAD -SABELCORT-,424.0,MASSOL
110 222 02,SOPORTE MEDIO ABIERTO BRONCEADO 5/8 - UNIDAD -SABELCORT-,424.0,MASSOL
160 131 02,OJAL PRE REMACHADO BRONCEADO No 31 - PAQUETE X 50 UNIDADES -SABELCORT-,11020.0,MASSOL
140 100,VARILLA VISILLO - ROLLO X 25 MTS -SABELCORT-,19159.0,MASSOL
145 100 02,SOPORTE VISILLO CON TORNILLO BRONCEADO - X 50 UNIDADES -SABELCORT-,30093.0,MASSOL
020 107,TENDEDERO DE PIE SIMPLE 7 VARILLAS -SABELCORT-,18578.0,MASSOL
020 207,TENDEDERO DE PIE SIMPLE 7 VARILLAS CON ALAS -SABELCORT-,25297.0,MASSOL
020 109,TENDEDERO DE PIE SIMPLE 9 VARILLAS -SABELCORT-,23818.0,MASSOL
020 209,TENDEDERO DE PIE SIMPLE 9 VARILLAS CON ALAS -SABELCORT-,32432.0,MASSOL
010 061,TENDEDERO DE PARED EXTENSIBLE 7 VARILLAS X 60 CM -SABELCORT-,18653.0,MASSOL
012 080,TENDEDERO DE PARED BOX X 80 CM -SABELCORT-,35344.0,MASSOL
CET1,CETOL DECK/SATINADO/DURACION EXTREMA X 1 LT -CETOL-,7350.0,MASSOL
CET4,CETOL DECK/SATINADO/DURACION EXTREMA X 4 LT -CETOL-,29400.0,MASSOL
SNN,SILICONA NEUTRA NEGRA CARTUCHO -REGIDOR-,4553.84,MASSOL
SNBL,SILICONA NEUTRA NEGRA CARTUCHO -REGIDOR-,4553.84,MASSOL
SNTR,SILICONA NEUTRA NEGRA CARTUCHO -REGIDOR-,4553.84,MASSOL
