101800,PINTURA AMARILLA PINTURIC (AEROSOL X 237 CC),486.87,MASSOL
101801,PINTURA PINTURA ANTIOXIDO PINTURIC (AEROSOL X 237 CC),486.87,MASSOL
101802,PINTURA AZUL MARINO PINTURIC (AEROSOL X 237 CC),486.87,MASSOL
101803,PINTURA AZULEJO PINTURIC (AEROSOL X 237 CC),486.87,MASSOL
101804,PINTURA BEIGE PINTURIC (AEROSOL X 237 CC),486.87,MASSOL
101805,PINTURA BERMELLON PINTURIC (AEROSOL X 237 CC),486.87,MASSOL
101806,PINTURA BLANCO BRILLANTE PINTURIC (AEROSOL X 237 CC),486.87,MASSOL
101807,PINTURA BLANCO MATE PINTURIC (AEROSOL X 237 CC),486.87,MASSOL
101808,PINTURA BLANCO SATINADO PINTURIC (AEROSOL X 237 CC),486.87,MASSOL
101809,PINTURA CELESTE PINTURIC (AEROSOL X 237 CC),486.87,MASSOL
101810,PINTURA CREMA/MARFIL PINTURIC (AEROSOL X 237 CC),486.87,MASSOL
101811,PINTURA ESMERALDA PINTURIC (AEROSOL X 237 CC),486.87,MASSOL
101812,PINTURA GRIS ESPACIAL PINTURIC (AEROSOL X 237 CC),486.87,MASSOL
101813,PINTURA GRIS PERLA PINTURIC (AEROSOL X 237 CC),486.87,MASSOL
101814,PINTURA GRIS OSCURO PINTURIC (AEROSOL X 237 CC),486.87,MASSOL
101815,PINTURA VERDE CLARO PINTURIC (AEROSOL X 237 CC),486.87,MASSOL
101816,PINTURA VERDE INGLES PINTURIC (AEROSOL X 237 CC),486.87,MASSOL
101817,PINTURA VIOLETA PINTURIC (AEROSOL X 237 CC),486.87,MASSOL
101818,PINTURA MARRON PINTURIC (AEROSOL X 237 CC),486.87,MASSOL
101819,PINTURA NARANJA PINTURIC (AEROSOL X 237 CC),486.87,MASSOL
101820,PINTURA NEGRO MATE PINTURIC (AEROSOL X 237 CC),486.87,MASSOL
101821,PINTURA NEGRO BRILLANTE PINTURIC (AEROSOL X 237 CC),486.87,MASSOL
101822,PINTURA NEGRO SATINADO PINTURIC (AEROSOL X 237 CC),486.87,MASSOL
101823,PINTURA ROSA PINTURIC (AEROSOL X 237 CC),486.87,MASSOL
101824,PINTURA TRAFUL PINTURIC (AEROSOL X 237 CC),486.87,MASSOL
101825,PINTURA AMARILLO GAS PINTURIC (AEROSOL X 237 CC),486.87,MASSOL
101826,PINTURA ORO PINTURIC (AEROSOL X 237 CC),669.79,MASSOL
101827,PINTURA PLATA PINTURIC (AEROSOL X 237 CC),583.86,MASSOL
101828,PINTURA LACA BRILLANTE PINTURIC (AEROSOL X 237 CC),585.22,MASSOL
101829,PINTURA LACA MATE PINTURIC (AEROSOL X 237 CC),608.72,MASSOL
101830,PINTURA LACA SATINADA PINTURIC (AEROSOL X 237 CC),601.98,MASSOL
101831,PINTURA BARNIZ BRILLANTE PINTURIC (AEROSOL X 237 CC),486.87,MASSOL
101832,PINTURA BARNIZ SATINADO PINTURIC (AEROSOL X 237 CC),486.87,MASSOL
101833,PINTURA BARNIZ MATE PINTURIC (AEROSOL X 237 CC),486.87,MASSOL
101834,PINTURA VIOLETA INTENSSO PINTURIC (AEROSOL X 237 CC),486.87,MASSOL
101835,PINTURA COBRE PINTURIC (AEROSOL X 237 CC),659.07,MASSOL
101836,PINTURA VERDE MANZANA PINTURIC (AEROSOL X 237 CC),486.87,MASSOL
101837,PINTURA ALUMINIO PINTURIC (AEROSOL X 237 CC),583.86,MASSOL
101846,PINTURA ROJO VIVO    ¡¡¡¡¡NUEVO¡¡¡¡¡ (AEROSOL X 237 CC),486.87,MASSOL
101850,PINTURA A.TEMP ALUMINIO PINTURIC (AEROSOL X 237 CC),604.15,MASSOL
101851,PINTURA A.TEMP NEGRO PINTURIC (AEROSOL X 237 CC),857.38,MASSOL
101860,PINTURA REMOVIBLE  AQUA MARINE (AEROSOL X 300 CC),1156.67,MASSOL
101861,PINTURA REMOVIBLE  GRIS ACERO (AEROSOL X 300 CC),1156.67,MASSOL
101862,PINTURA REMOVIBLE  AMARILLO (AEROSOL X 300 CC),1156.67,MASSOL
101863,PINTURA REMOVIBLE  BLANCO (AEROSOL X 300 CC),1156.67,MASSOL
101864,PINTURA REMOVIBLE  ESMERILADO (AEROSOL X 300 CC),1156.67,MASSOL
101865,PINTURA REMOVIBLE  ROJO (AEROSOL X 300 CC),1156.67,MASSOL
101866,PINTURA REMOVIBLE  NEGRO (AEROSOL X 300 CC),1156.67,MASSOL
101867,PINTURA REMOVIBLE  VIOLETA (AEROSOL X 300 CC),1156.67,MASSOL
101868,PINTURA REMOVIBLE  CELESTE (AEROSOL X 300 CC),1156.67,MASSOL
101869,PINTURA REMOVIBLE  ROSA (AEROSOL X 300 CC),1156.67,MASSOL
101870,PINTURA REMOVIBLE  VERDE (AEROSOL X 300 CC),1156.67,MASSOL
101871,PINTURA REMOVIBLE  NARANJA (AEROSOL X 300 CC),1156.67,MASSOL
101900,PINTURA AMARILLA PINTURIC (AEROSOL X 350 CC),682.82,MASSOL
101901,PINTURA PINTURA ANTIOXIDO  PINTURIC (AEROSOL X 350 CC),682.82,MASSOL
101902,PINTURA AZUL MARINO PINTURIC (AEROSOL X 350 CC),682.82,MASSOL
101903,PINTURA AZULEJO  PINTURIC (AEROSOL X 350 CC),682.82,MASSOL
101904,PINTURA BEIGE PINTURIC (AEROSOL X 350 CC),682.82,MASSOL
101905,PINTURA BERMELLON PINTURIC (AEROSOL X 350 CC),682.82,MASSOL
101906,PINTURA BLANCO BRILLANTE PINTURIC (AEROSOL X 350 CC),682.82,MASSOL
101907,PINTURA BLANCO MATE PINTURIC (AEROSOL X 350 CC),682.82,MASSOL
101908,PINTURA BLANCO SATINADO PINTURIC (AEROSOL X 350 CC),682.82,MASSOL
101909,PINTURA CELESTE PINTURIC (AEROSOL X 350 CC),682.82,MASSOL
101910,PINTURA CREMA/MARFIL PINTURIC (AEROSOL X 350 CC),682.82,MASSOL
101911,PINTURA ESMERALDA PINTURIC (AEROSOL X 350 CC),682.82,MASSOL
101912,PINTURA GRIS ESPACIAL PINTURIC (AEROSOL X 350 CC),682.82,MASSOL
101913,PINTURA GRIS PERLA PINTURIC (AEROSOL X 350 CC),682.82,MASSOL
101914,PINTURA GRIS OSCURO PINTURIC (AEROSOL X 350 CC),682.82,MASSOL
101915,PINTURA VERDE CLARO PINTURIC (AEROSOL X 350 CC),682.82,MASSOL
101916,PINTURA VERDE INGLES PINTURIC (AEROSOL X 350 CC),682.82,MASSOL
101917,PINTURA VIOLETA PINTURIC (AEROSOL X 350 CC),682.82,MASSOL
101918,PINTURA MARRON PINTURIC (AEROSOL X 350 CC),682.82,MASSOL
101919,PINTURA NARANJA PINTURIC (AEROSOL X 350 CC),682.82,MASSOL
101920,PINTURA NEGRO SATINADO PINTURIC (AEROSOL X 350 CC),682.82,MASSOL
101921,PINTURA NEGRO BRILLANTE PINTURIC (AEROSOL X 350 CC),682.82,MASSOL
101922,PINTURA NEGRO MATE PINTURIC (AEROSOL X 350 CC),682.82,MASSOL
101923,PINTURA ROSA PINTURIC (AEROSOL X 350 CC),682.82,MASSOL
101924,PINTURA TRAFUL PINTURIC (AEROSOL X 350 CC),682.82,MASSOL
101925,PINTURA AMARILLO GAS PINTURIC (AEROSOL X 350 CC),682.82,MASSOL
101926,PINTURA ORO PINTURIC (AEROSOL X 350 CC),969.08,MASSOL
101927,PINTURA PLATA PINTURIC (AEROSOL X 350 CC),834.44,MASSOL
101928,PINTURA LACA BRILLANTE PINTURIC (AEROSOL X 350 CC),836.93,MASSOL
101931,PINTURA BARNIZ BRILLANTE PINTURIC (AEROSOL X 350 CC),682.82,MASSOL
101932,PINTURA BARNIZ SATINADO PINTURIC (AEROSOL X 350 CC),682.82,MASSOL
101933,PINTURA BARNIZ MATE PINTURIC (AEROSOL X 350 CC),682.82,MASSOL
101934,PINTURA VIOLETA INTENSSO PINTURIC (AEROSOL X 350 CC),682.82,MASSOL
101935,PINTURA COBRE PINTURIC (AEROSOL X 350 CC),952.33,MASSOL
101936,PINTURA VERDE MANZANA PINTURIC (AEROSOL X 350 CC),682.82,MASSOL
101937,PINTURA ALUMINIO PINTURIC (AEROSOL X 350 CC),834.44,MASSOL
101946,PINTURA ROJO VIVO    ¡¡¡¡¡NUEVO¡¡¡¡¡ (AEROSOL X 350 CC),682.82,MASSOL
101950,PINTURA A.TEMP ALUMINIO PINTURIC (AEROSOL X 350 CC),866.15,MASSOL
101951,PINTURA A.TEMP NEGRO PINTURIC (AEROSOL X 350 CC),1261.81,MASSOL
101999,PISTOLA NEGRA MULTIUSO,236.76,MASSOL
